"fold","method","station","covered","width","dist_fit"
1,"naive","6_107_9",1,5.70883987913643,0.0154370802145703
1,"naive","11_1_41",1,5.70883987913643,0.00122608151214324
1,"naive","16_27_2",1,5.70883987913643,0.0609987455400045
1,"naive","41_25_3",1,5.70883987913643,0.0607216114088153
1,"naive","45_19_20",1,5.70883987913643,0.0303003845395125
1,"naive","48_27_1045",1,5.70883987913643,0.0200041731727316
1,"naive","42_101_57",1,5.70883987913643,0.000706689003841053
1,"naive","4_19_1028",1,5.70883987913643,0.0213046450065086
1,"naive","6_1_7",1,5.70883987913643,0.0023066944460362
1,"naive","6_11_1002",1,5.70883987913643,0.00726699006629504
1,"naive","6_25_7",1,5.70883987913643,0.00750187219747232
1,"naive","6_31_1004",0,5.70883987913643,0.00547314143314653
1,"naive","6_71_8001",0,5.70883987913643,0.00788914099784705
1,"naive","6_77_1003",1,5.70883987913643,0.00960831777116752
1,"naive","6_79_8002",1,5.70883987913643,0.0118334226463105
1,"naive","6_81_1001",1,5.70883987913643,0.00644334345063724
1,"naive","6_93_2001",1,5.70883987913643,0.0389381038415154
1,"naive","6_107_2003",0,5.70883987913643,0.00708826036017651
1,"naive","8_77_17",0,5.70883987913643,0.0254914749162227
1,"naive","10_5_1002",1,5.70883987913643,0.0101923526791102
1,"naive","12_9_7",1,5.70883987913643,0.0294958919575005
1,"naive","12_71_5",1,5.70883987913643,0.0216608441816774
1,"naive","13_215_8",1,5.70883987913643,0.00235517892267591
1,"naive","18_89_36",1,5.70883987913643,0.00119969927837656
1,"naive","18_141_15",1,5.70883987913643,0.00458036348452297
1,"naive","21_111_51",1,5.70883987913643,0.00442123928989728
1,"naive","38_101_3",1,5.70883987913643,0.0159315982530025
1,"naive","55_27_1",1,5.70883987913643,0.0158580827173234
1,"naive","55_79_10",1,5.70883987913643,0.00208013438532681
1,"naive","55_133_27",1,5.70883987913643,0.00544973451403005
1,"naive","56_13_4",0,5.70883987913643,0.00801449347108056
1,"naive","20_209_21",1,5.70883987913643,0.0204056036092513
1,"naive","29_37_3",1,5.70883987913643,0.0223533828818649
1,"naive","29_510_85",1,5.70883987913643,0.00130890236750874
1,"naive","29_510_93",1,5.70883987913643,0.00122914869066631
1,"naive","42_45_109",1,5.70883987913643,0.000877920779077152
1,"naive","42_95_25",1,5.70883987913643,0.00173207472599722
1,"gscp_rf_oob","6_107_9",1,4.79795604610946,0.0154370802145703
1,"gscp_rf_oob","11_1_41",1,4.55781094822696,0.00122608151214324
1,"gscp_rf_oob","16_27_2",1,5.07771267528888,0.0609987455400045
1,"gscp_rf_oob","41_25_3",1,5.07248261333022,0.0607216114088153
1,"gscp_rf_oob","45_19_20",1,4.97840199158611,0.0303003845395125
1,"gscp_rf_oob","48_27_1045",1,4.92755030054131,0.0200041731727316
1,"gscp_rf_oob","42_101_57",1,4.39359056605189,0.000706689003841053
1,"gscp_rf_oob","4_19_1028",1,4.94372892594285,0.0213046450065086
1,"gscp_rf_oob","6_1_7",1,4.61456940971363,0.0023066944460362
1,"gscp_rf_oob","6_11_1002",1,4.76843951479857,0.00726699006629504
1,"gscp_rf_oob","6_25_7",1,4.82773178266822,0.00750187219747232
1,"gscp_rf_oob","6_31_1004",0,4.74021766471257,0.00547314143314653
1,"gscp_rf_oob","6_71_8001",1,4.746883792668,0.00788914099784705
1,"gscp_rf_oob","6_77_1003",1,4.71263128462343,0.00960831777116752
1,"gscp_rf_oob","6_79_8002",0,4.83852307573828,0.0118334226463105
1,"gscp_rf_oob","6_81_1001",1,4.65042476450413,0.00644334345063724
1,"gscp_rf_oob","6_93_2001",1,5.032679134897,0.0389381038415154
1,"gscp_rf_oob","6_107_2003",0,4.76354283846459,0.00708826036017651
1,"gscp_rf_oob","8_77_17",0,4.98511773782182,0.0254914749162227
1,"gscp_rf_oob","10_5_1002",1,4.79822788249919,0.0101923526791102
1,"gscp_rf_oob","12_9_7",1,4.98922782839648,0.0294958919575005
1,"gscp_rf_oob","12_71_5",1,4.99407400168995,0.0216608441816774
1,"gscp_rf_oob","13_215_8",1,4.76617137950957,0.00235517892267591
1,"gscp_rf_oob","18_89_36",1,4.55242979722814,0.00119969927837656
1,"gscp_rf_oob","18_141_15",1,4.76454160858174,0.00458036348452297
1,"gscp_rf_oob","21_111_51",1,4.64969962268666,0.00442123928989728
1,"gscp_rf_oob","38_101_3",1,4.96391497509928,0.0159315982530025
1,"gscp_rf_oob","55_27_1",1,4.81071349718191,0.0158580827173234
1,"gscp_rf_oob","55_79_10",1,4.70071510871077,0.00208013438532681
1,"gscp_rf_oob","55_133_27",1,4.75861848540594,0.00544973451403005
1,"gscp_rf_oob","56_13_4",1,4.83819829192689,0.00801449347108056
1,"gscp_rf_oob","20_209_21",1,4.95911039332352,0.0204056036092513
1,"gscp_rf_oob","29_37_3",1,4.95839435087589,0.0223533828818649
1,"gscp_rf_oob","29_510_85",1,4.53776735858105,0.00130890236750874
1,"gscp_rf_oob","29_510_93",1,4.53972936699943,0.00122914869066631
1,"gscp_rf_oob","42_45_109",1,4.51892261854235,0.000877920779077152
1,"gscp_rf_oob","42_95_25",1,4.62965708658697,0.00173207472599722
1,"lscp_rf_oob","6_107_9",1,5.91288676591748,0.0154370802145703
1,"lscp_rf_oob","11_1_41",1,3.93111985153731,0.00122608151214324
1,"lscp_rf_oob","16_27_2",1,6.1786944964816,0.0609987455400045
1,"lscp_rf_oob","41_25_3",1,6.17233041936525,0.0607216114088153
1,"lscp_rf_oob","45_19_20",1,4.31085712192659,0.0303003845395125
1,"lscp_rf_oob","48_27_1045",1,4.95107037051095,0.0200041731727316
1,"lscp_rf_oob","42_101_57",1,3.774620927595,0.000706689003841053
1,"lscp_rf_oob","4_19_1028",1,6.01565954203625,0.0213046450065086
1,"lscp_rf_oob","6_1_7",1,5.97786160448345,0.0023066944460362
1,"lscp_rf_oob","6_11_1002",1,6.17718988662585,0.00726699006629504
1,"lscp_rf_oob","6_25_7",1,5.949581674531,0.00750187219747232
1,"lscp_rf_oob","6_31_1004",0,6.14063039449178,0.00547314143314653
1,"lscp_rf_oob","6_71_8001",1,5.84994653708306,0.00788914099784705
1,"lscp_rf_oob","6_77_1003",1,6.1048941106265,0.00960831777116752
1,"lscp_rf_oob","6_79_8002",1,6.26797838515079,0.0118334226463105
1,"lscp_rf_oob","6_81_1001",1,6.02430978408307,0.00644334345063724
1,"lscp_rf_oob","6_93_2001",1,6.20215391051179,0.0389381038415154
1,"lscp_rf_oob","6_107_2003",0,5.87047674838071,0.00708826036017651
1,"lscp_rf_oob","8_77_17",0,5.41545496334228,0.0254914749162227
1,"lscp_rf_oob","10_5_1002",1,4.12225288368788,0.0101923526791102
1,"lscp_rf_oob","12_9_7",1,4.32023134196621,0.0294958919575005
1,"lscp_rf_oob","12_71_5",1,4.32893532595677,0.0216608441816774
1,"lscp_rf_oob","13_215_8",1,4.21027958953444,0.00235517892267591
1,"lscp_rf_oob","18_89_36",1,4.15699373288415,0.00119969927837656
1,"lscp_rf_oob","18_141_15",1,4.32660068448947,0.00458036348452297
1,"lscp_rf_oob","21_111_51",1,4.22231459453554,0.00442123928989728
1,"lscp_rf_oob","38_101_3",1,5.25570935260523,0.0159315982530025
1,"lscp_rf_oob","55_27_1",1,4.39284222914601,0.0158580827173234
1,"lscp_rf_oob","55_79_10",1,4.29239859094201,0.00208013438532681
1,"lscp_rf_oob","55_133_27",1,4.34527232755212,0.00544973451403005
1,"lscp_rf_oob","56_13_4",1,5.25585278655781,0.00801449347108056
1,"lscp_rf_oob","20_209_21",1,4.83355127690503,0.0204056036092513
1,"lscp_rf_oob","29_37_3",1,4.83285336384955,0.0223533828818649
1,"lscp_rf_oob","29_510_85",1,4.24028009182654,0.00130890236750874
1,"lscp_rf_oob","29_510_93",1,4.24211347476115,0.00122914869066631
1,"lscp_rf_oob","42_45_109",1,3.88229618342887,0.000877920779077152
1,"lscp_rf_oob","42_95_25",1,3.97743036450549,0.00173207472599722
1,"w_fc","6_107_9",1,5.47293693301848,0.0154370802145703
1,"w_fc","11_1_41",1,3.23853747601564,0.00122608151214324
1,"w_fc","16_27_2",1,6.3002612247692,0.0609987455400045
1,"w_fc","41_25_3",1,6.29757566193584,0.0607216114088153
1,"w_fc","45_19_20",1,4.75042698283909,0.0303003845395125
1,"w_fc","48_27_1045",1,5.95080302026308,0.0200041731727316
1,"w_fc","42_101_57",1,3.22067922529637,0.000706689003841053
1,"w_fc","4_19_1028",1,4.10025500564713,0.0213046450065086
1,"w_fc","6_1_7",1,4.08009265854799,0.0023066944460362
1,"w_fc","6_11_1002",1,5.04350148080085,0.00726699006629504
1,"w_fc","6_25_7",1,4.72918400393,0.00750187219747232
1,"w_fc","6_31_1004",1,4.67587909830608,0.00547314143314653
1,"w_fc","6_71_8001",1,4.99708834283075,0.00788914099784705
1,"w_fc","6_77_1003",1,4.48892724291209,0.00960831777116752
1,"w_fc","6_79_8002",1,4.94744497816945,0.0118334226463105
1,"w_fc","6_81_1001",1,4.46649275016924,0.00644334345063724
1,"w_fc","6_93_2001",1,6.06092699843317,0.0389381038415154
1,"w_fc","6_107_2003",1,5.01207557575746,0.00708826036017651
1,"w_fc","8_77_17",0,6.18042555988069,0.0254914749162227
1,"w_fc","10_5_1002",1,5.06646927057413,0.0101923526791102
1,"w_fc","12_9_7",1,6.03524707421156,0.0294958919575005
1,"w_fc","12_71_5",1,6.02368827383821,0.0216608441816774
1,"w_fc","13_215_8",1,4.38834030774465,0.00235517892267591
1,"w_fc","18_89_36",1,3.54426049729085,0.00119969927837656
1,"w_fc","18_141_15",1,4.74607960756734,0.00458036348452297
1,"w_fc","21_111_51",1,4.36363501306216,0.00442123928989728
1,"w_fc","38_101_3",1,5.74746156398481,0.0159315982530025
1,"w_fc","55_27_1",1,5.42321638673137,0.0158580827173234
1,"w_fc","55_79_10",1,4.19684152172728,0.00208013438532681
1,"w_fc","55_133_27",1,4.82468036118515,0.00544973451403005
1,"w_fc","56_13_4",1,5.13562807417373,0.00801449347108056
1,"w_fc","20_209_21",0,3.8177224289904,0.0204056036092513
1,"w_fc","29_37_3",1,4.49719519948391,0.0223533828818649
1,"w_fc","29_510_85",1,3.57109135270941,0.00130890236750874
1,"w_fc","29_510_93",1,3.58761314953198,0.00122914869066631
1,"w_fc","42_45_109",1,3.57247001969964,0.000877920779077152
1,"w_fc","42_95_25",1,3.99816812705594,0.00173207472599722
2,"naive","6_65_9",1,5.93463403335006,0.0132809050471763
2,"naive","22_33_9",1,5.93463403335006,0.00118975857926883
2,"naive","26_161_8",1,5.93463403335006,0.00699100665424975
2,"naive","26_163_99",0,5.93463403335006,0.000615175341161279
2,"naive","32_31_1007",1,5.93463403335006,0.00205229333811754
2,"naive","34_17_1003",1,5.93463403335006,0.00115893693730338
2,"naive","48_135_1014",1,5.93463403335006,0.0265416328874508
2,"naive","42_3_2",1,5.93463403335006,0.00214026138265311
2,"naive","48_167_1034",1,5.93463403335006,0.00865810557124307
2,"naive","48_439_1006",1,5.93463403335006,0.00998678117543357
2,"naive","1_89_14",1,5.93463403335006,0.00849098809329666
2,"naive","6_19_5025",0,5.93463403335006,0.0016504566030862
2,"naive","6_25_5",1,5.93463403335006,0.00113555540857124
2,"naive","6_83_11",1,5.93463403335006,0.00278504410067992
2,"naive","8_13_3",1,5.93463403335006,0.00883721782301862
2,"naive","9_9_27",1,5.93463403335006,0.00623081176141097
2,"naive","18_167_18",1,5.93463403335006,0.024899114793185
2,"naive","20_173_10",1,5.93463403335006,0.0251708271571396
2,"naive","21_37_3002",1,5.93463403335006,0.00250618364995089
2,"naive","21_111_75",1,5.93463403335006,0.00139600664470581
2,"naive","25_9_2006",1,5.93463403335006,0.00236813141310199
2,"naive","25_9_5005",1,5.93463403335006,0.00535416447360946
2,"naive","31_153_7",1,5.93463403335006,0.00282865818210386
2,"naive","32_3_75",1,5.93463403335006,0.00253038690984968
2,"naive","32_3_561",1,5.93463403335006,0.000878584218372357
2,"naive","37_173_2",1,5.93463403335006,0.00304739424326967
2,"naive","39_35_38",1,5.93463403335006,0.0109013367187232
2,"naive","44_7_22",1,5.93463403335006,0.00125363881085635
2,"naive","46_27_1",1,5.93463403335006,0.0199971687191004
2,"naive","47_141_5",1,5.93463403335006,0.0195999164607482
2,"naive","47_163_1007",1,5.93463403335006,0.0178591510654772
2,"naive","50_7_14",1,5.93463403335006,0.00609742001513029
2,"naive","55_81_2001",1,5.93463403335006,0.0192034659831018
2,"naive","53_53_29",1,5.93463403335006,0.000988168722694104
2,"naive","53_65_5",1,5.93463403335006,0.0368381322370558
2,"naive","42_77_4",1,5.93463403335006,0.0102158011153393
2,"naive","42_115_215",1,5.93463403335006,0.0233964227659356
2,"gscp_rf_oob","6_65_9",0,5.78087089761059,0.0132809050471763
2,"gscp_rf_oob","22_33_9",1,4.04697157457905,0.00118975857926883
2,"gscp_rf_oob","26_161_8",1,5.21278987706531,0.00699100665424975
2,"gscp_rf_oob","26_163_99",0,3.28032383465984,0.000615175341161279
2,"gscp_rf_oob","32_31_1007",1,3.98204258966127,0.00205229333811754
2,"gscp_rf_oob","34_17_1003",1,3.49202935846843,0.00115893693730338
2,"gscp_rf_oob","48_135_1014",1,6.59957876758873,0.0265416328874508
2,"gscp_rf_oob","42_3_2",1,4.06436553415789,0.00214026138265311
2,"gscp_rf_oob","48_167_1034",1,5.62382471800511,0.00865810557124307
2,"gscp_rf_oob","48_439_1006",1,5.85402261208612,0.00998678117543357
2,"gscp_rf_oob","1_89_14",1,5.5352208908563,0.00849098809329666
2,"gscp_rf_oob","6_19_5025",1,3.96674414310008,0.0016504566030862
2,"gscp_rf_oob","6_25_5",0,3.8691082457337,0.00113555540857124
2,"gscp_rf_oob","6_83_11",1,4.27034682949618,0.00278504410067992
2,"gscp_rf_oob","8_13_3",1,4.99477748255133,0.00883721782301862
2,"gscp_rf_oob","9_9_27",1,4.6928099228183,0.00623081176141097
2,"gscp_rf_oob","18_167_18",1,6.51347336983664,0.024899114793185
2,"gscp_rf_oob","20_173_10",1,6.57818417795906,0.0251708271571396
2,"gscp_rf_oob","21_37_3002",1,4.12528046242893,0.00250618364995089
2,"gscp_rf_oob","21_111_75",1,3.78302771429977,0.00139600664470581
2,"gscp_rf_oob","25_9_2006",1,3.95376749333177,0.00236813141310199
2,"gscp_rf_oob","25_9_5005",1,4.3041035503971,0.00535416447360946
2,"gscp_rf_oob","31_153_7",1,4.42169328900047,0.00282865818210386
2,"gscp_rf_oob","32_3_75",1,3.88936083993216,0.00253038690984968
2,"gscp_rf_oob","32_3_561",0,3.40052536455305,0.000878584218372357
2,"gscp_rf_oob","37_173_2",1,4.39236378306726,0.00304739424326967
2,"gscp_rf_oob","39_35_38",0,5.68195997388703,0.0109013367187232
2,"gscp_rf_oob","44_7_22",1,3.74356370897369,0.00125363881085635
2,"gscp_rf_oob","46_27_1",1,6.48490791565647,0.0199971687191004
2,"gscp_rf_oob","47_141_5",1,6.36125107765442,0.0195999164607482
2,"gscp_rf_oob","47_163_1007",1,6.27268497050564,0.0178591510654772
2,"gscp_rf_oob","50_7_14",1,5.19001582193837,0.00609742001513029
2,"gscp_rf_oob","55_81_2001",1,6.44670181475522,0.0192034659831018
2,"gscp_rf_oob","53_53_29",1,3.72550023130381,0.000988168722694104
2,"gscp_rf_oob","53_65_5",1,6.63716705855306,0.0368381322370558
2,"gscp_rf_oob","42_77_4",1,5.20013177287245,0.0102158011153393
2,"gscp_rf_oob","42_115_215",1,6.48770367144685,0.0233964227659356
2,"lscp_rf_oob","6_65_9",0,6.91720170267631,0.0132809050471763
2,"lscp_rf_oob","22_33_9",1,3.606572861567,0.00118975857926883
2,"lscp_rf_oob","26_161_8",1,4.40143674482732,0.00699100665424975
2,"lscp_rf_oob","26_163_99",0,2.76975251282007,0.000615175341161279
2,"lscp_rf_oob","32_31_1007",1,4.76478237781085,0.00205229333811754
2,"lscp_rf_oob","34_17_1003",1,2.77427329901429,0.00115893693730338
2,"lscp_rf_oob","48_135_1014",1,7.15291671917573,0.0265416328874508
2,"lscp_rf_oob","42_3_2",1,3.25802632821757,0.00214026138265311
2,"lscp_rf_oob","48_167_1034",1,5.45753048250065,0.00865810557124307
2,"lscp_rf_oob","48_439_1006",1,5.75278722383491,0.00998678117543357
2,"lscp_rf_oob","1_89_14",1,4.8070964606357,0.00849098809329666
2,"lscp_rf_oob","6_19_5025",1,4.74647675527133,0.0016504566030862
2,"lscp_rf_oob","6_25_5",0,4.62964882268695,0.00113555540857124
2,"lscp_rf_oob","6_83_11",1,5.17416677414166,0.00278504410067992
2,"lscp_rf_oob","8_13_3",1,5.13243439084528,0.00883721782301862
2,"lscp_rf_oob","9_9_27",1,3.72824393204247,0.00623081176141097
2,"lscp_rf_oob","18_167_18",1,5.65666581333897,0.024899114793185
2,"lscp_rf_oob","20_173_10",1,6.4644256441487,0.0251708271571396
2,"lscp_rf_oob","21_37_3002",1,3.52074750706265,0.00250618364995089
2,"lscp_rf_oob","21_111_75",1,3.22864966771924,0.00139600664470581
2,"lscp_rf_oob","25_9_2006",1,3.10106951160144,0.00236813141310199
2,"lscp_rf_oob","25_9_5005",1,3.37584957067478,0.00535416447360946
2,"lscp_rf_oob","31_153_7",1,4.1776120195716,0.00282865818210386
2,"lscp_rf_oob","32_3_75",1,4.56999424225784,0.00253038690984968
2,"lscp_rf_oob","32_3_561",0,3.9956131550217,0.000878584218372357
2,"lscp_rf_oob","37_173_2",1,3.70870720043772,0.00304739424326967
2,"lscp_rf_oob","39_35_38",0,4.79758210123441,0.0109013367187232
2,"lscp_rf_oob","44_7_22",1,2.93619978974869,0.00125363881085635
2,"lscp_rf_oob","46_27_1",1,6.12693542576888,0.0199971687191004
2,"lscp_rf_oob","47_141_5",1,5.42905120692439,0.0195999164607482
2,"lscp_rf_oob","47_163_1007",1,5.29636274797495,0.0178591510654772
2,"lscp_rf_oob","50_7_14",1,4.12325351198661,0.00609742001513029
2,"lscp_rf_oob","55_81_2001",1,5.74319428335773,0.0192034659831018
2,"lscp_rf_oob","53_53_29",1,4.3774582270144,0.000988168722694104
2,"lscp_rf_oob","53_65_5",1,7.54164157237353,0.0368381322370558
2,"lscp_rf_oob","42_77_4",1,4.13129021777848,0.0102158011153393
2,"lscp_rf_oob","42_115_215",1,5.15421298620066,0.0233964227659356
2,"w_fc","6_65_9",0,4.13367803593487,0.0132809050471763
2,"w_fc","22_33_9",1,4.11629823643757,0.00118975857926883
2,"w_fc","26_161_8",1,4.39846795130114,0.00699100665424975
2,"w_fc","26_163_99",0,3.30080639762341,0.000615175341161279
2,"w_fc","32_31_1007",1,4.02760666171782,0.00205229333811754
2,"w_fc","34_17_1003",1,3.61695929255763,0.00115893693730338
2,"w_fc","48_135_1014",1,5.83692980085902,0.0265416328874508
2,"w_fc","42_3_2",1,3.83591896360697,0.00214026138265311
2,"w_fc","48_167_1034",1,5.01452135625523,0.00865810557124307
2,"w_fc","48_439_1006",1,3.73155724521254,0.00998678117543357
2,"w_fc","1_89_14",1,4.93622296366885,0.00849098809329666
2,"w_fc","6_19_5025",1,3.57674642597836,0.0016504566030862
2,"w_fc","6_25_5",0,3.60089193373831,0.00113555540857124
2,"w_fc","6_83_11",1,4.18359185069536,0.00278504410067992
2,"w_fc","8_13_3",1,4.55117728041454,0.00883721782301862
2,"w_fc","9_9_27",1,4.37412227640662,0.00623081176141097
2,"w_fc","18_167_18",1,5.38569783107972,0.024899114793185
2,"w_fc","20_173_10",1,4.82948020468315,0.0251708271571396
2,"w_fc","21_37_3002",1,3.96263745651765,0.00250618364995089
2,"w_fc","21_111_75",1,3.56184777507952,0.00139600664470581
2,"w_fc","25_9_2006",1,3.93314840046405,0.00236813141310199
2,"w_fc","25_9_5005",1,4.20648897074149,0.00535416447360946
2,"w_fc","31_153_7",1,4.36588432121442,0.00282865818210386
2,"w_fc","32_3_75",1,3.84063465560727,0.00253038690984968
2,"w_fc","32_3_561",0,3.40824999393775,0.000878584218372357
2,"w_fc","37_173_2",1,4.31573436298772,0.00304739424326967
2,"w_fc","39_35_38",1,3.7057161692549,0.0109013367187232
2,"w_fc","44_7_22",1,3.79830895294636,0.00125363881085635
2,"w_fc","46_27_1",1,5.65657247390715,0.0199971687191004
2,"w_fc","47_141_5",1,5.37164522036004,0.0195999164607482
2,"w_fc","47_163_1007",1,5.31398581548003,0.0178591510654772
2,"w_fc","50_7_14",1,4.85312089761202,0.00609742001513029
2,"w_fc","55_81_2001",1,4.98716667991631,0.0192034659831018
2,"w_fc","53_53_29",1,3.78575535703686,0.000988168722694104
2,"w_fc","53_65_5",1,5.67500481988897,0.0368381322370558
2,"w_fc","42_77_4",1,4.01265401862897,0.0102158011153393
2,"w_fc","42_115_215",1,4.85245903565086,0.0233964227659356
3,"naive","6_27_1018",1,5.82113599335564,0.00437227819787507
3,"naive","6_73_1201",1,5.82113599335564,0.015239881460672
3,"naive","29_189_3001",1,5.82113599335564,0.00139414257005361
3,"naive","35_49_21",1,5.82113599335564,0.0149017792346448
3,"naive","23_3_1011",0,5.82113599335564,0.0171593678390413
3,"naive","32_31_31",1,5.82113599335564,0.0010241570586466
3,"naive","48_37_1031",1,5.82113599335564,0.0189168272344079
3,"naive","48_215_43",1,5.82113599335564,0.0254109029311688
3,"naive","48_375_320",1,5.82113599335564,0.0398110204154192
3,"naive","49_35_3013",1,5.82113599335564,0.00479509171029153
3,"naive","1_103_11",1,5.82113599335564,0.00849098809329666
3,"naive","6_1_15",1,5.82113599335564,0.00625008521177016
3,"naive","6_45_6",1,5.82113599335564,0.00675165645610861
3,"naive","6_85_5",1,5.82113599335564,0.00090731962214481
3,"naive","6_87_1005",1,5.82113599335564,0.00269265402356059
3,"naive","8_41_17",1,5.82113599335564,0.0220718802284682
3,"naive","12_99_22",1,5.82113599335564,0.0150739175069782
3,"naive","12_99_2005",1,5.82113599335564,0.0103955917881877
3,"naive","17_197_1011",1,5.82113599335564,0.00763841835385391
3,"naive","18_57_7",1,5.82113599335564,0.00492932230229244
3,"naive","21_47_6",1,5.82113599335564,0.0074942307019031
3,"naive","21_145_1024",1,5.82113599335564,0.0255708350724542
3,"naive","25_25_1004",1,5.82113599335564,0.00161783877218068
3,"naive","27_35_3204",1,5.82113599335564,0.0206728543762254
3,"naive","27_137_7001",1,5.82113599335564,0.0196995692349021
3,"naive","30_49_26",1,5.82113599335564,0.00469002424796121
3,"naive","34_21_8",1,5.82113599335564,0.00154280959832582
3,"naive","39_35_73",1,5.82113599335564,0.00358344993381788
3,"naive","39_61_48",1,5.82113599335564,0.000772735835141152
3,"naive","44_7_1010",1,5.82113599335564,0.00125363881085635
3,"naive","45_91_8801",1,5.82113599335564,0.00739345265620331
3,"naive","46_33_132",1,5.82113599335564,0.0400052902262567
3,"naive","47_119_2007",1,5.82113599335564,0.0132389160562628
3,"naive","55_87_9",1,5.82113599335564,0.0311360298484117
3,"naive","55_89_9",1,5.82113599335564,0.0137709442135273
3,"naive","56_13_1003",1,5.82113599335564,0.00767791814309028
3,"naive","53_61_1007",1,5.82113599335564,0.0104807309523445
3,"gscp_rf_oob","6_27_1018",1,5.02587387498789,0.00437227819787507
3,"gscp_rf_oob","6_73_1201",1,6.88850629867954,0.015239881460672
3,"gscp_rf_oob","29_189_3001",1,3.35056719841006,0.00139414257005361
3,"gscp_rf_oob","35_49_21",1,6.9641172699777,0.0149017792346448
3,"gscp_rf_oob","23_3_1011",0,7.05202075884391,0.0171593678390413
3,"gscp_rf_oob","32_31_31",0,3.2207389511955,0.0010241570586466
3,"gscp_rf_oob","48_37_1031",1,7.09043100914038,0.0189168272344079
3,"gscp_rf_oob","48_215_43",1,7.14716017614624,0.0254109029311688
3,"gscp_rf_oob","48_375_320",1,7.1618504548952,0.0398110204154192
3,"gscp_rf_oob","49_35_3013",1,4.45056234269918,0.00479509171029153
3,"gscp_rf_oob","1_103_11",1,6.32139136386058,0.00849098809329666
3,"gscp_rf_oob","6_1_15",1,5.06248357485663,0.00625008521177016
3,"gscp_rf_oob","6_45_6",1,5.87878699953057,0.00675165645610861
3,"gscp_rf_oob","6_85_5",0,3.23278695419296,0.00090731962214481
3,"gscp_rf_oob","6_87_1005",1,4.13787303623387,0.00269265402356059
3,"gscp_rf_oob","8_41_17",1,7.12817445962224,0.0220718802284682
3,"gscp_rf_oob","12_99_22",1,6.96518109962308,0.0150739175069782
3,"gscp_rf_oob","12_99_2005",1,6.58400166475793,0.0103955917881877
3,"gscp_rf_oob","17_197_1011",1,6.10382550331259,0.00763841835385391
3,"gscp_rf_oob","18_57_7",0,4.65204878521565,0.00492932230229244
3,"gscp_rf_oob","21_47_6",1,6.11167840582446,0.0074942307019031
3,"gscp_rf_oob","21_145_1024",1,7.14208291581938,0.0255708350724542
3,"gscp_rf_oob","25_25_1004",1,3.0181781461841,0.00161783877218068
3,"gscp_rf_oob","27_35_3204",1,7.09507664793469,0.0206728543762254
3,"gscp_rf_oob","27_137_7001",1,7.10167781779846,0.0196995692349021
3,"gscp_rf_oob","30_49_26",1,5.24443620182609,0.00469002424796121
3,"gscp_rf_oob","34_21_8",1,3.3796935426487,0.00154280959832582
3,"gscp_rf_oob","39_35_73",1,4.55564367446511,0.00358344993381788
3,"gscp_rf_oob","39_61_48",1,2.68316682089817,0.000772735835141152
3,"gscp_rf_oob","44_7_1010",1,3.27250450146739,0.00125363881085635
3,"gscp_rf_oob","45_91_8801",1,6.01555861028459,0.00739345265620331
3,"gscp_rf_oob","46_33_132",1,7.16186652109392,0.0400052902262567
3,"gscp_rf_oob","47_119_2007",1,6.85867075552936,0.0132389160562628
3,"gscp_rf_oob","55_87_9",1,7.1530416207809,0.0311360298484117
3,"gscp_rf_oob","55_89_9",1,6.86408286864863,0.0137709442135273
3,"gscp_rf_oob","56_13_1003",0,5.53018651633132,0.00767791814309028
3,"gscp_rf_oob","53_61_1007",1,6.09813775979013,0.0104807309523445
3,"lscp_rf_oob","6_27_1018",1,5.79351378778688,0.00437227819787507
3,"lscp_rf_oob","6_73_1201",1,7.94064021727025,0.015239881460672
3,"lscp_rf_oob","29_189_3001",1,2.98639277608596,0.00139414257005361
3,"lscp_rf_oob","35_49_21",1,7.40881652965561,0.0149017792346448
3,"lscp_rf_oob","23_3_1011",0,5.6127924136833,0.0171593678390413
3,"lscp_rf_oob","32_31_31",0,3.71266688833459,0.0010241570586466
3,"lscp_rf_oob","48_37_1031",1,6.49893171833834,0.0189168272344079
3,"lscp_rf_oob","48_215_43",1,7.14716017614624,0.0254109029311688
3,"lscp_rf_oob","48_375_320",1,7.41591205026817,0.0398110204154192
3,"lscp_rf_oob","49_35_3013",1,4.83185131753351,0.00479509171029153
3,"lscp_rf_oob","1_103_11",1,5.57789684212231,0.00849098809329666
3,"lscp_rf_oob","6_1_15",1,5.83571516534469,0.00625008521177016
3,"lscp_rf_oob","6_45_6",1,6.8052347901857,0.00675165645610861
3,"lscp_rf_oob","6_85_5",0,3.72655507439282,0.00090731962214481
3,"lscp_rf_oob","6_87_1005",1,4.76988183225952,0.00269265402356059
3,"lscp_rf_oob","8_41_17",1,7.57725415794008,0.0220718802284682
3,"lscp_rf_oob","12_99_22",1,5.89439311064547,0.0150739175069782
3,"lscp_rf_oob","12_99_2005",1,5.57181407032297,0.0103955917881877
3,"lscp_rf_oob","17_197_1011",1,5.42615128394127,0.00763841835385391
3,"lscp_rf_oob","18_57_7",0,4.10489506737422,0.00492932230229244
3,"lscp_rf_oob","21_47_6",1,5.39284940888328,0.0074942307019031
3,"lscp_rf_oob","21_145_1024",1,6.34913667873635,0.0255708350724542
3,"lscp_rf_oob","25_25_1004",1,2.42442028945893,0.00161783877218068
3,"lscp_rf_oob","27_35_3204",1,6.87523616249786,0.0206728543762254
3,"lscp_rf_oob","27_137_7001",1,6.509240293575,0.0196995692349021
3,"lscp_rf_oob","30_49_26",1,5.69373800887944,0.00469002424796121
3,"lscp_rf_oob","34_21_8",1,2.75569255230633,0.00154280959832582
3,"lscp_rf_oob","39_35_73",1,3.85528449371918,0.00358344993381788
3,"lscp_rf_oob","39_61_48",1,2.33008314690907,0.000772735835141152
3,"lscp_rf_oob","44_7_1010",1,2.6287137227914,0.00125363881085635
3,"lscp_rf_oob","45_91_8801",1,5.09076027198551,0.00739345265620331
3,"lscp_rf_oob","46_33_132",1,7.50713490094062,0.0400052902262567
3,"lscp_rf_oob","47_119_2007",1,6.05198377166442,0.0132389160562628
3,"lscp_rf_oob","55_87_9",1,6.35887869887847,0.0311360298484117
3,"lscp_rf_oob","55_89_9",1,6.10200144984217,0.0137709442135273
3,"lscp_rf_oob","56_13_1003",0,5.88332098468601,0.00767791814309028
3,"lscp_rf_oob","53_61_1007",1,7.02955268475635,0.0104807309523445
3,"w_fc","6_27_1018",1,5.14339818331789,0.00437227819787507
3,"w_fc","6_73_1201",1,5.03581409334878,0.015239881460672
3,"w_fc","29_189_3001",1,4.74480784827566,0.00139414257005361
3,"w_fc","35_49_21",1,5.45428617798075,0.0149017792346448
3,"w_fc","23_3_1011",1,5.88606675677654,0.0171593678390413
3,"w_fc","32_31_31",1,4.83900619168167,0.0010241570586466
3,"w_fc","48_37_1031",1,5.88347281772071,0.0189168272344079
3,"w_fc","48_215_43",1,5.82218633879324,0.0254109029311688
3,"w_fc","48_375_320",1,6.24236798052285,0.0398110204154192
3,"w_fc","49_35_3013",1,4.82235719930293,0.00479509171029153
3,"w_fc","1_103_11",1,5.36844458900788,0.00849098809329666
3,"w_fc","6_1_15",1,4.77183101939383,0.00625008521177016
3,"w_fc","6_45_6",1,5.34819508215585,0.00675165645610861
3,"w_fc","6_85_5",0,4.81403838746786,0.00090731962214481
3,"w_fc","6_87_1005",1,4.95177478544533,0.00269265402356059
3,"w_fc","8_41_17",1,5.77126690995242,0.0220718802284682
3,"w_fc","12_99_22",1,5.2165627769585,0.0150739175069782
3,"w_fc","12_99_2005",1,5.02124831842761,0.0103955917881877
3,"w_fc","17_197_1011",1,5.1990120525648,0.00763841835385391
3,"w_fc","18_57_7",1,4.92337403180298,0.00492932230229244
3,"w_fc","21_47_6",1,5.2963097427342,0.0074942307019031
3,"w_fc","21_145_1024",1,5.63914048161957,0.0255708350724542
3,"w_fc","25_25_1004",1,4.66365620913459,0.00161783877218068
3,"w_fc","27_35_3204",1,5.5889669664876,0.0206728543762254
3,"w_fc","27_137_7001",1,5.55366399385785,0.0196995692349021
3,"w_fc","30_49_26",1,5.33104512191035,0.00469002424796121
3,"w_fc","34_21_8",1,4.77326267771451,0.00154280959832582
3,"w_fc","39_35_73",1,4.93839702097569,0.00358344993381788
3,"w_fc","39_61_48",1,4.68269640168728,0.000772735835141152
3,"w_fc","44_7_1010",1,4.80517680827852,0.00125363881085635
3,"w_fc","45_91_8801",1,5.12646876419375,0.00739345265620331
3,"w_fc","46_33_132",1,5.65733024878927,0.0400052902262567
3,"w_fc","47_119_2007",1,5.36031209274771,0.0132389160562628
3,"w_fc","55_87_9",1,5.39541965640189,0.0311360298484117
3,"w_fc","55_89_9",1,5.31484505772399,0.0137709442135273
3,"w_fc","56_13_1003",0,5.19808047855541,0.00767791814309028
3,"w_fc","53_61_1007",1,5.11412076835315,0.0104807309523445
4,"naive","6_29_14",0,5.62213441018589,0.0011820841774265
4,"naive","6_65_8001",1,5.62213441018589,0.00154242514426468
4,"naive","26_91_7",1,5.62213441018589,0.00869184129014604
4,"naive","26_99_9",1,5.62213441018589,0.00812843500230806
4,"naive","26_139_5",1,5.62213441018589,0.00613567293153656
4,"naive","42_75_101",1,5.62213441018589,0.00748208623598574
4,"naive","48_61_2004",0,5.62213441018589,0.0254109029311688
4,"naive","48_201_46",0,5.62213441018589,0.00199235940011978
4,"naive","48_361_1100",1,5.62213441018589,0.00668062110514875
4,"naive","49_49_5010",1,5.62213441018589,0.0113050351273616
4,"naive","23_3_14",0,5.62213441018589,0.062152476692392
4,"naive","48_61_6",1,5.62213441018589,0.0194452182978193
4,"naive","4_13_1003",1,5.62213441018589,0.00278909505303578
4,"naive","4_13_9997",1,5.62213441018589,0.00106978437275157
4,"naive","6_75_5",1,5.62213441018589,0.00254160268991025
4,"naive","13_135_2",1,5.62213441018589,0.0303744072770017
4,"naive","21_13_2",1,5.62213441018589,0.0147588177350651
4,"naive","27_3_1002",1,5.62213441018589,0.00429736392624182
4,"naive","30_71_10",1,5.62213441018589,0.0406269139171178
4,"naive","32_3_2003",1,5.62213441018589,0.00131965567272816
4,"naive","33_15_18",1,5.62213441018589,0.00545499784875203
4,"naive","34_11_7",1,5.62213441018589,0.0108616883708288
4,"naive","34_19_1",1,5.62213441018589,0.00584099337537918
4,"naive","37_123_1",1,5.62213441018589,0.0131431031900303
4,"naive","37_129_2",1,5.62213441018589,0.0278110934462575
4,"naive","46_11_3",1,5.62213441018589,0.017443493907786
4,"naive","47_113_10",1,5.62213441018589,0.013988445263397
4,"naive","51_3_1",1,5.62213441018589,0.0247427271751616
4,"naive","56_29_1",1,5.62213441018589,0.0309769939766852
4,"naive","29_99_19",1,5.62213441018589,0.00345527565017028
4,"naive","36_101_3",1,5.62213441018589,0.0120350840886312
4,"naive","53_33_2004",1,5.62213441018589,0.00458731203560882
4,"naive","53_53_24",1,5.62213441018589,0.000988168722694104
4,"naive","53_53_31",1,5.62213441018589,0.0022196339882851
4,"naive","29_77_36",1,5.62213441018589,0.0179042252007286
4,"naive","42_29_100",1,5.62213441018589,0.00370744716724363
4,"gscp_rf_oob","6_29_14",0,4.15773268943506,0.0011820841774265
4,"gscp_rf_oob","6_65_8001",1,4.18124124204649,0.00154242514426468
4,"gscp_rf_oob","26_91_7",1,4.79356961843977,0.00869184129014604
4,"gscp_rf_oob","26_99_9",1,4.66010696665482,0.00812843500230806
4,"gscp_rf_oob","26_139_5",1,4.73465742485622,0.00613567293153656
4,"gscp_rf_oob","42_75_101",1,4.48726680801234,0.00748208623598574
4,"gscp_rf_oob","48_61_2004",0,5.47257295690246,0.0254109029311688
4,"gscp_rf_oob","48_201_46",0,4.03650052353839,0.00199235940011978
4,"gscp_rf_oob","48_361_1100",1,4.69708989616935,0.00668062110514875
4,"gscp_rf_oob","49_49_5010",1,4.9794771085609,0.0113050351273616
4,"gscp_rf_oob","23_3_14",1,5.66699797493524,0.062152476692392
4,"gscp_rf_oob","48_61_6",1,5.39798434587532,0.0194452182978193
4,"gscp_rf_oob","4_13_1003",1,4.29064894766482,0.00278909505303578
4,"gscp_rf_oob","4_13_9997",1,3.70257612721959,0.00106978437275157
4,"gscp_rf_oob","6_75_5",1,4.12222246280094,0.00254160268991025
4,"gscp_rf_oob","13_135_2",1,5.20653310041786,0.0303744072770017
4,"gscp_rf_oob","21_13_2",1,5.03472444671592,0.0147588177350651
4,"gscp_rf_oob","27_3_1002",1,4.37817176528014,0.00429736392624182
4,"gscp_rf_oob","30_71_10",1,5.53682586905489,0.0406269139171178
4,"gscp_rf_oob","32_3_2003",1,3.85494585533907,0.00131965567272816
4,"gscp_rf_oob","33_15_18",1,4.49285715132096,0.00545499784875203
4,"gscp_rf_oob","34_11_7",1,4.59683605180072,0.0108616883708288
4,"gscp_rf_oob","34_19_1",1,4.44610935012669,0.00584099337537918
4,"gscp_rf_oob","37_123_1",1,4.86311145182273,0.0131431031900303
4,"gscp_rf_oob","37_129_2",1,5.42862182334947,0.0278110934462575
4,"gscp_rf_oob","46_11_3",1,5.10328129277463,0.017443493907786
4,"gscp_rf_oob","47_113_10",1,5.08416586914878,0.013988445263397
4,"gscp_rf_oob","51_3_1",1,5.20041651692835,0.0247427271751616
4,"gscp_rf_oob","56_29_1",1,5.25887583022869,0.0309769939766852
4,"gscp_rf_oob","29_99_19",1,4.44303980372512,0.00345527565017028
4,"gscp_rf_oob","36_101_3",1,4.98111027505708,0.0120350840886312
4,"gscp_rf_oob","53_33_2004",1,4.39663267093001,0.00458731203560882
4,"gscp_rf_oob","53_53_24",1,4.04643494891614,0.000988168722694104
4,"gscp_rf_oob","53_53_31",1,4.26237909850149,0.0022196339882851
4,"gscp_rf_oob","29_77_36",1,5.22804841864347,0.0179042252007286
4,"gscp_rf_oob","42_29_100",1,4.20035631077067,0.00370744716724363
4,"lscp_rf_oob","6_29_14",0,5.32753815132536,0.0011820841774265
4,"lscp_rf_oob","6_65_8001",1,4.95956902265606,0.00154242514426468
4,"lscp_rf_oob","26_91_7",1,4.12142317103589,0.00869184129014604
4,"lscp_rf_oob","26_99_9",1,4.00667443276401,0.00812843500230806
4,"lscp_rf_oob","26_139_5",1,4.22698525402907,0.00613567293153656
4,"lscp_rf_oob","42_75_101",1,3.77478620913923,0.00748208623598574
4,"lscp_rf_oob","48_61_2004",0,5.08237188888259,0.0254109029311688
4,"lscp_rf_oob","48_201_46",0,3.66121800930961,0.00199235940011978
4,"lscp_rf_oob","48_361_1100",1,4.26039090517112,0.00668062110514875
4,"lscp_rf_oob","49_49_5010",1,5.54571208060852,0.0113050351273616
4,"lscp_rf_oob","23_3_14",1,4.76720166601394,0.062152476692392
4,"lscp_rf_oob","48_61_6",1,5.01310153599729,0.0194452182978193
4,"lscp_rf_oob","4_13_1003",1,4.77855469238052,0.00278909505303578
4,"lscp_rf_oob","4_13_9997",1,4.12360991132836,0.00106978437275157
4,"lscp_rf_oob","6_75_5",1,5.30647888964668,0.00254160268991025
4,"lscp_rf_oob","13_135_2",1,4.3898207299835,0.0303744072770017
4,"lscp_rf_oob","21_13_2",1,4.29152079914173,0.0147588177350651
4,"lscp_rf_oob","27_3_1002",1,4.26033237483949,0.00429736392624182
4,"lscp_rf_oob","30_71_10",1,6.01127960790287,0.0406269139171178
4,"lscp_rf_oob","32_3_2003",1,4.29578231521451,0.00131965567272816
4,"lscp_rf_oob","33_15_18",1,3.7794889272366,0.00545499784875203
4,"lscp_rf_oob","34_11_7",1,3.86695823458236,0.0108616883708288
4,"lscp_rf_oob","34_19_1",1,3.74016366248064,0.00584099337537918
4,"lscp_rf_oob","37_123_1",1,4.0909548790523,0.0131431031900303
4,"lscp_rf_oob","37_129_2",1,4.5666744747208,0.0278110934462575
4,"lscp_rf_oob","46_11_3",1,5.10328129277463,0.017443493907786
4,"lscp_rf_oob","47_113_10",1,4.53901776401117,0.013988445263397
4,"lscp_rf_oob","51_3_1",1,4.37470321907969,0.0247427271751616
4,"lscp_rf_oob","56_29_1",1,5.70951187311642,0.0309769939766852
4,"lscp_rf_oob","29_99_19",1,4.01969677156785,0.00345527565017028
4,"lscp_rf_oob","36_101_3",1,4.19975840392227,0.0120350840886312
4,"lscp_rf_oob","53_33_2004",1,5.65972328382501,0.00458731203560882
4,"lscp_rf_oob","53_53_24",1,5.20891869095346,0.000988168722694104
4,"lscp_rf_oob","53_53_31",1,5.48690055182051,0.0022196339882851
4,"lscp_rf_oob","29_77_36",1,4.74198502199155,0.0179042252007286
4,"lscp_rf_oob","42_29_100",1,3.53343087312237,0.00370744716724363
4,"w_fc","6_29_14",0,4.50133502619563,0.0011820841774265
4,"w_fc","6_65_8001",1,4.29476290711224,0.00154242514426468
4,"w_fc","26_91_7",1,4.81487774932871,0.00869184129014604
4,"w_fc","26_99_9",1,4.59717394637131,0.00812843500230806
4,"w_fc","26_139_5",1,4.51896120971307,0.00613567293153656
4,"w_fc","42_75_101",1,4.47248724710082,0.00748208623598574
4,"w_fc","48_61_2004",1,5.53406987532954,0.0254109029311688
4,"w_fc","48_201_46",0,4.09422112871922,0.00199235940011978
4,"w_fc","48_361_1100",1,4.72675518288063,0.00668062110514875
4,"w_fc","49_49_5010",1,4.73071631145929,0.0113050351273616
4,"w_fc","23_3_14",1,5.47089057359241,0.062152476692392
4,"w_fc","48_61_6",1,5.46650849579136,0.0194452182978193
4,"w_fc","4_13_1003",1,4.2390821647987,0.00278909505303578
4,"w_fc","4_13_9997",1,4.05013044375198,0.00106978437275157
4,"w_fc","6_75_5",1,4.21195168780554,0.00254160268991025
4,"w_fc","13_135_2",1,4.69389254953176,0.0303744072770017
4,"w_fc","21_13_2",1,4.87449433643711,0.0147588177350651
4,"w_fc","27_3_1002",1,4.38697670394733,0.00429736392624182
4,"w_fc","30_71_10",1,5.72982326602873,0.0406269139171178
4,"w_fc","32_3_2003",1,4.09386892875871,0.00131965567272816
4,"w_fc","33_15_18",1,4.4199164092966,0.00545499784875203
4,"w_fc","34_11_7",1,4.55977983306575,0.0108616883708288
4,"w_fc","34_19_1",1,4.36218566290947,0.00584099337537918
4,"w_fc","37_123_1",1,4.84412389374618,0.0131431031900303
4,"w_fc","37_129_2",1,5.51244062937109,0.0278110934462575
4,"w_fc","46_11_3",1,4.98679151431141,0.017443493907786
4,"w_fc","47_113_10",1,5.08585358385137,0.013988445263397
4,"w_fc","51_3_1",1,5.24155497493031,0.0247427271751616
4,"w_fc","56_29_1",1,5.37671540632866,0.0309769939766852
4,"w_fc","29_99_19",1,4.40910487134112,0.00345527565017028
4,"w_fc","36_101_3",1,4.96458774927105,0.0120350840886312
4,"w_fc","53_33_2004",1,4.31299522395094,0.00458731203560882
4,"w_fc","53_53_24",1,4.37131878239527,0.000988168722694104
4,"w_fc","53_53_31",1,4.36851697422627,0.0022196339882851
4,"w_fc","29_77_36",1,5.36849562117553,0.0179042252007286
4,"w_fc","42_29_100",1,4.23915229025057,0.00370744716724363
5,"naive","8_31_2",1,5.68770865264665,0.000697638179210555
5,"naive","16_59_4",0,5.68770865264665,0.0263398510753536
5,"naive","23_29_33",0,5.68770865264665,0.045027780355241
5,"naive","26_5_3",1,5.68770865264665,0.00613567293153656
5,"naive","26_163_100",1,5.68770865264665,0.000615175341161279
5,"naive","31_79_5",1,5.68770865264665,0.0326240448053371
5,"naive","34_39_4",1,5.68770865264665,0.00155494554136429
5,"naive","35_13_22",1,5.68770865264665,0.00476150135361732
5,"naive","41_35_4",1,5.68770865264665,0.0199168239224383
5,"naive","42_71_7",0,5.68770865264665,0.00317970575674789
5,"naive","48_121_34",1,5.68770865264665,0.0106572699546795
5,"naive","48_303_1028",1,5.68770865264665,0.0398110204154192
5,"naive","48_245_22",1,5.68770865264665,0.0124980057093203
5,"naive","4_21_3015",1,5.68770865264665,0.0127487746495594
5,"naive","6_19_11",1,5.68770865264665,0.00138660344997033
5,"naive","6_37_4009",1,5.68770865264665,0.00172794732830748
5,"naive","6_85_2",1,5.68770865264665,0.00802826356068969
5,"naive","6_101_3",1,5.68770865264665,0.010992889862108
5,"naive","6_111_2002",1,5.68770865264665,0.0105380925527892
5,"naive","10_3_1008",1,5.68770865264665,0.00248942191158242
5,"naive","13_21_12",1,5.68770865264665,0.00502288239832487
5,"naive","13_139_3",1,5.68770865264665,0.00973388320681025
5,"naive","17_65_2",1,5.68770865264665,0.0200994440129419
5,"naive","17_163_10",1,5.68770865264665,0.00130890236750874
5,"naive","21_43_500",1,5.68770865264665,0.00856415322102676
5,"naive","27_83_4210",1,5.68770865264665,0.017443493907786
5,"naive","30_27_6",1,5.68770865264665,0.0349485350449443
5,"naive","30_49_4",1,5.68770865264665,0.00469002424796121
5,"naive","30_53_18",0,5.68770865264665,0.0224494280126449
5,"naive","30_63_24",1,5.68770865264665,0.00537617882047636
5,"naive","33_5_7",0,5.68770865264665,0.00723101793664765
5,"naive","40_19_297",1,5.68770865264665,0.0353933361197798
5,"naive","51_59_30",1,5.68770865264665,0.00149642614310519
5,"naive","6_51_5",1,5.68770865264665,0.0200250348988253
5,"naive","53_35_7",1,5.68770865264665,0.00534192616960235
5,"naive","53_73_19",1,5.68770865264665,0.0187230824695703
5,"gscp_rf_oob","8_31_2",1,4.4062048818539,0.000697638179210555
5,"gscp_rf_oob","16_59_4",0,5.6380099315501,0.0263398510753536
5,"gscp_rf_oob","23_29_33",0,5.77380305461188,0.045027780355241
5,"gscp_rf_oob","26_5_3",0,4.89798451414995,0.00613567293153656
5,"gscp_rf_oob","26_163_100",1,4.169560439587,0.000615175341161279
5,"gscp_rf_oob","31_79_5",1,5.72120386398132,0.0326240448053371
5,"gscp_rf_oob","34_39_4",1,4.20960873091761,0.00155494554136429
5,"gscp_rf_oob","35_13_22",1,4.8215335382062,0.00476150135361732
5,"gscp_rf_oob","41_35_4",1,5.56140391557675,0.0199168239224383
5,"gscp_rf_oob","42_71_7",0,4.47271594746371,0.00317970575674789
5,"gscp_rf_oob","48_121_34",1,5.01912992977079,0.0106572699546795
5,"gscp_rf_oob","48_303_1028",1,5.75098670355088,0.0398110204154192
5,"gscp_rf_oob","48_245_22",1,5.02988435639553,0.0124980057093203
5,"gscp_rf_oob","4_21_3015",1,5.11719305027652,0.0127487746495594
5,"gscp_rf_oob","6_19_11",1,4.16640854110954,0.00138660344997033
5,"gscp_rf_oob","6_37_4009",1,4.31610114198166,0.00172794732830748
5,"gscp_rf_oob","6_85_2",1,4.68022916776511,0.00802826356068969
5,"gscp_rf_oob","6_101_3",0,4.86311749558544,0.010992889862108
5,"gscp_rf_oob","6_111_2002",1,4.77550943275496,0.0105380925527892
5,"gscp_rf_oob","10_3_1008",1,4.20924184505313,0.00248942191158242
5,"gscp_rf_oob","13_21_12",1,4.8121656117404,0.00502288239832487
5,"gscp_rf_oob","13_139_3",1,4.99745187657055,0.00973388320681025
5,"gscp_rf_oob","17_65_2",1,5.42137098524984,0.0200994440129419
5,"gscp_rf_oob","17_163_10",0,4.22710856917968,0.00130890236750874
5,"gscp_rf_oob","21_43_500",1,5.09495977907463,0.00856415322102676
5,"gscp_rf_oob","27_83_4210",1,5.46655171254278,0.017443493907786
5,"gscp_rf_oob","30_27_6",1,5.71365859434129,0.0349485350449443
5,"gscp_rf_oob","30_49_4",1,4.92748013703036,0.00469002424796121
5,"gscp_rf_oob","30_53_18",0,5.4823689144914,0.0224494280126449
5,"gscp_rf_oob","30_63_24",0,4.83189296101836,0.00537617882047636
5,"gscp_rf_oob","33_5_7",1,4.67870068500977,0.00723101793664765
5,"gscp_rf_oob","40_19_297",1,5.72391053748647,0.0353933361197798
5,"gscp_rf_oob","51_59_30",1,4.33016544204529,0.00149642614310519
5,"gscp_rf_oob","6_51_5",1,5.40936533319193,0.0200250348988253
5,"gscp_rf_oob","53_35_7",1,4.61367030451003,0.00534192616960235
5,"gscp_rf_oob","53_73_19",0,5.52303988900828,0.0187230824695703
5,"lscp_rf_oob","8_31_2",1,4.55612316136346,0.000697638179210555
5,"lscp_rf_oob","16_59_4",0,6.47312680478804,0.0263398510753536
5,"lscp_rf_oob","23_29_33",0,5.05506973315275,0.045027780355241
5,"lscp_rf_oob","26_5_3",0,4.31961145369247,0.00613567293153656
5,"lscp_rf_oob","26_163_100",1,3.65052610547073,0.000615175341161279
5,"lscp_rf_oob","31_79_5",1,5.72120386398132,0.0326240448053371
5,"lscp_rf_oob","34_39_4",0,3.59812754590925,0.00155494554136429
5,"lscp_rf_oob","35_13_22",1,5.02423694531225,0.00476150135361732
5,"lscp_rf_oob","41_35_4",1,7.24747319463733,0.0199168239224383
5,"lscp_rf_oob","42_71_7",0,3.82301621939308,0.00317970575674789
5,"lscp_rf_oob","48_121_34",1,4.57223002874995,0.0106572699546795
5,"lscp_rf_oob","48_303_1028",1,5.76216227106945,0.0398110204154192
5,"lscp_rf_oob","48_245_22",1,4.49443433525123,0.0124980057093203
5,"lscp_rf_oob","4_21_3015",1,5.8751651559991,0.0127487746495594
5,"lscp_rf_oob","6_19_11",1,5.42955244358796,0.00138660344997033
5,"lscp_rf_oob","6_37_4009",1,5.32817049787129,0.00172794732830748
5,"lscp_rf_oob","6_85_2",1,6.09914977459782,0.00802826356068969
5,"lscp_rf_oob","6_101_3",1,6.33748496362759,0.010992889862108
5,"lscp_rf_oob","6_111_2002",1,5.89530403363731,0.0105380925527892
5,"lscp_rf_oob","10_3_1008",1,3.59781395331203,0.00248942191158242
5,"lscp_rf_oob","13_21_12",1,4.21313863752193,0.00502288239832487
5,"lscp_rf_oob","13_139_3",1,4.37536013701759,0.00973388320681025
5,"lscp_rf_oob","17_65_2",1,4.78119441475316,0.0200994440129419
5,"lscp_rf_oob","17_163_10",0,3.72795514944559,0.00130890236750874
5,"lscp_rf_oob","21_43_500",1,4.46073008158088,0.00856415322102676
5,"lscp_rf_oob","27_83_4210",1,4.97981368156055,0.017443493907786
5,"lscp_rf_oob","30_27_6",1,6.05541819809757,0.0349485350449443
5,"lscp_rf_oob","30_49_4",1,5.51318351365872,0.00469002424796121
5,"lscp_rf_oob","30_53_18",0,6.37429863320778,0.0224494280126449
5,"lscp_rf_oob","30_63_24",0,5.54760566646169,0.00537617882047636
5,"lscp_rf_oob","33_5_7",1,4.09628766335948,0.00723101793664765
5,"lscp_rf_oob","40_19_297",1,5.21425745250016,0.0353933361197798
5,"lscp_rf_oob","51_59_30",1,3.70117237759796,0.00149642614310519
5,"lscp_rf_oob","6_51_5",1,6.67779086550504,0.0200250348988253
5,"lscp_rf_oob","53_35_7",1,6.01241203991259,0.00534192616960235
5,"lscp_rf_oob","53_73_19",1,7.19747821883372,0.0187230824695703
5,"w_fc","8_31_2",1,4.2188373342171,0.000697638179210555
5,"w_fc","16_59_4",0,5.37112750779538,0.0263398510753536
5,"w_fc","23_29_33",1,5.41354425654092,0.045027780355241
5,"w_fc","26_5_3",0,4.73080076492469,0.00613567293153656
5,"w_fc","26_163_100",1,4.17862012066716,0.000615175341161279
5,"w_fc","31_79_5",1,5.48405770757626,0.0326240448053371
5,"w_fc","34_39_4",1,4.3251592056525,0.00155494554136429
5,"w_fc","35_13_22",1,4.72028556498064,0.00476150135361732
5,"w_fc","41_35_4",1,5.3229094608338,0.0199168239224383
5,"w_fc","42_71_7",0,4.42693303639926,0.00317970575674789
5,"w_fc","48_121_34",1,4.88294124080172,0.0106572699546795
5,"w_fc","48_303_1028",1,5.47695545006555,0.0398110204154192
5,"w_fc","48_245_22",1,4.73056485440488,0.0124980057093203
5,"w_fc","4_21_3015",0,4.70411167744293,0.0127487746495594
5,"w_fc","6_19_11",1,4.29093679614401,0.00138660344997033
5,"w_fc","6_37_4009",1,4.41200527466368,0.00172794732830748
5,"w_fc","6_85_2",1,4.47829593203095,0.00802826356068969
5,"w_fc","6_101_3",0,4.58722373684589,0.010992889862108
5,"w_fc","6_111_2002",1,4.45789814116649,0.0105380925527892
5,"w_fc","10_3_1008",1,4.33027338494698,0.00248942191158242
5,"w_fc","13_21_12",1,4.7657622979671,0.00502288239832487
5,"w_fc","13_139_3",1,4.82712417610925,0.00973388320681025
5,"w_fc","17_65_2",1,5.05001523000088,0.0200994440129419
5,"w_fc","17_163_10",0,4.28696483216668,0.00130890236750874
5,"w_fc","21_43_500",1,4.78337666773933,0.00856415322102676
5,"w_fc","27_83_4210",1,5.13553693002179,0.017443493907786
5,"w_fc","30_27_6",1,5.44914141637131,0.0349485350449443
5,"w_fc","30_49_4",1,4.92942967550851,0.00469002424796121
5,"w_fc","30_53_18",0,5.20565060381501,0.0224494280126449
5,"w_fc","30_63_24",0,4.82843843029516,0.00537617882047636
5,"w_fc","33_5_7",1,4.60404822846393,0.00723101793664765
5,"w_fc","40_19_297",1,5.16526664316159,0.0353933361197798
5,"w_fc","51_59_30",1,4.35361749987226,0.00149642614310519
5,"w_fc","6_51_5",1,5.02027874773039,0.0200250348988253
5,"w_fc","53_35_7",1,4.50261442641295,0.00534192616960235
5,"w_fc","53_73_19",1,4.92697992352198,0.0187230824695703
6,"naive","16_9_10",1,6.20317081326465,0.014221715227942
6,"naive","35_1_1013",1,6.20317081326465,0.00121794293070901
6,"naive","35_13_16",1,6.20317081326465,0.0737328357448381
6,"naive","42_41_101",1,6.20317081326465,0.00836305145572154
6,"naive","44_9_7",1,6.20317081326465,0.00615149040978385
6,"naive","48_201_66",1,6.20317081326465,0.00572409797144924
6,"naive","48_323_4",1,6.20317081326464,0.0334115903600272
6,"naive","20_177_13",1,6.20317081326465,0.0187884898765507
6,"naive","48_29_1069",1,6.20317081326465,0.00642083707134241
6,"naive","48_203_2",0,6.20317081326465,0.0189168272344079
6,"naive","1_113_3",1,6.20317081326465,0.00235517892267591
6,"naive","6_1_12",1,6.20317081326465,0.000635846126482544
6,"naive","6_29_10",0,6.20317081326465,0.0011820841774265
6,"naive","6_29_19",1,6.20317081326465,0.00929179257645258
6,"naive","6_39_2010",1,6.20317081326465,0.00699567125759066
6,"naive","6_95_4",1,6.20317081326464,0.00417506500920389
6,"naive","6_103_7",1,6.20317081326465,0.0280865186284383
6,"naive","12_11_34",1,6.20317081326465,0.00187069732816643
6,"naive","12_115_13",1,6.20317081326465,0.0130418399696669
6,"naive","12_117_1002",1,6.20317081326465,0.0223711432663045
6,"naive","12_127_5002",1,6.20317081326465,0.0283259887226121
6,"naive","18_105_3",1,6.20317081326465,0.0117022934246367
6,"naive","21_193_3",1,6.20317081326465,0.0138970793837736
6,"naive","27_37_470",1,6.20317081326465,0.00115746208312837
6,"naive","27_139_505",1,6.20317081326465,0.00446023954512551
6,"naive","28_35_4",1,6.20317081326465,0.0233825846706349
6,"naive","32_3_43",1,6.20317081326465,0.00173055647931172
6,"naive","32_3_71",1,6.20317081326464,0.00136903172428903
6,"naive","39_155_14",1,6.20317081326465,0.0042655590653203
6,"naive","40_43_860",1,6.20317081326464,0.0311632483670049
6,"naive","49_53_7",1,6.20317081326464,0.0148082412765442
6,"naive","80_2_12",0,6.20317081326465,0.00136047092623602
6,"naive","53_33_80",1,6.20317081326465,0.00461389415551028
6,"naive","42_5_1",1,6.20317081326465,0.011275525218977
6,"naive","42_21_11",1,6.20317081326465,0.01094554283898
6,"naive","42_49_3",1,6.20317081326465,0.0277370336239241
6,"gscp_rf_oob","16_9_10",1,6.04857041155639,0.014221715227942
6,"gscp_rf_oob","35_1_1013",1,5.94510737316425,0.00121794293070901
6,"gscp_rf_oob","35_13_16",1,6.40009824456388,0.0737328357448381
6,"gscp_rf_oob","42_41_101",1,5.84306302381572,0.00836305145572154
6,"gscp_rf_oob","44_9_7",1,5.84688551797411,0.00615149040978385
6,"gscp_rf_oob","48_201_66",1,5.89106991737316,0.00572409797144924
6,"gscp_rf_oob","48_323_4",1,6.30659992432332,0.0334115903600272
6,"gscp_rf_oob","20_177_13",1,5.97753565468359,0.0187884898765507
6,"gscp_rf_oob","48_29_1069",1,5.99651792842932,0.00642083707134241
6,"gscp_rf_oob","48_203_2",1,6.08785973339254,0.0189168272344079
6,"gscp_rf_oob","1_113_3",1,5.98962661259393,0.00235517892267591
6,"gscp_rf_oob","6_1_12",1,5.77454469748664,0.000635846126482544
6,"gscp_rf_oob","6_29_10",0,5.85718926842681,0.0011820841774265
6,"gscp_rf_oob","6_29_19",1,5.86850650218793,0.00929179257645258
6,"gscp_rf_oob","6_39_2010",1,5.8296949867581,0.00699567125759066
6,"gscp_rf_oob","6_95_4",1,5.79615017259287,0.00417506500920389
6,"gscp_rf_oob","6_103_7",0,6.03537896830689,0.0280865186284383
6,"gscp_rf_oob","12_11_34",1,6.17266656321959,0.00187069732816643
6,"gscp_rf_oob","12_115_13",1,6.040714957187,0.0130418399696669
6,"gscp_rf_oob","12_117_1002",1,6.04815478603717,0.0223711432663045
6,"gscp_rf_oob","12_127_5002",1,6.09606124281188,0.0283259887226121
6,"gscp_rf_oob","18_105_3",1,5.85857129512288,0.0117022934246367
6,"gscp_rf_oob","21_193_3",1,5.90823997975301,0.0138970793837736
6,"gscp_rf_oob","27_37_470",1,5.83267852780375,0.00115746208312837
6,"gscp_rf_oob","27_139_505",1,5.84765406993763,0.00446023954512551
6,"gscp_rf_oob","28_35_4",1,6.08556020378952,0.0233825846706349
6,"gscp_rf_oob","32_3_43",1,5.79156337257034,0.00173055647931172
6,"gscp_rf_oob","32_3_71",1,5.79754231637383,0.00136903172428903
6,"gscp_rf_oob","39_155_14",1,5.839468868871,0.0042655590653203
6,"gscp_rf_oob","40_43_860",1,6.1141933746934,0.0311632483670049
6,"gscp_rf_oob","49_53_7",1,6.04443625067245,0.0148082412765442
6,"gscp_rf_oob","80_2_12",0,5.95981286708179,0.00136047092623602
6,"gscp_rf_oob","53_33_80",1,5.90718510183225,0.00461389415551028
6,"gscp_rf_oob","42_5_1",1,5.85320741327585,0.011275525218977
6,"gscp_rf_oob","42_21_11",1,5.86230217473697,0.01094554283898
6,"gscp_rf_oob","42_49_3",1,6.00728467405551,0.0277370336239241
6,"lscp_rf_oob","16_9_10",1,6.50035916388963,0.014221715227942
6,"lscp_rf_oob","35_1_1013",1,6.17760608137194,0.00121794293070901
6,"lscp_rf_oob","35_13_16",1,6.72667578116364,0.0737328357448381
6,"lscp_rf_oob","42_41_101",1,4.15309928178704,0.00836305145572154
6,"lscp_rf_oob","44_9_7",1,4.0651817054824,0.00615149040978385
6,"lscp_rf_oob","48_201_66",1,5.48632963652657,0.00572409797144924
6,"lscp_rf_oob","48_323_4",1,6.31284243532894,0.0334115903600272
6,"lscp_rf_oob","20_177_13",1,5.70787885543553,0.0187884898765507
6,"lscp_rf_oob","48_29_1069",1,5.99651792842932,0.00642083707134241
6,"lscp_rf_oob","48_203_2",1,5.61493248554959,0.0189168272344079
6,"lscp_rf_oob","1_113_3",1,4.74813443705944,0.00235517892267591
6,"lscp_rf_oob","6_1_12",1,6.3369293149628,0.000635846126482544
6,"lscp_rf_oob","6_29_10",0,6.33637132800221,0.0011820841774265
6,"lscp_rf_oob","6_29_19",1,6.34861443510185,0.00929179257645258
6,"lscp_rf_oob","6_39_2010",1,6.30662771377606,0.00699567125759066
6,"lscp_rf_oob","6_95_4",1,6.36063895368531,0.00417506500920389
6,"lscp_rf_oob","6_103_7",0,6.61121295166473,0.0280865186284383
6,"lscp_rf_oob","12_11_34",1,4.38737302095318,0.00187069732816643
6,"lscp_rf_oob","12_115_13",1,4.34092311843778,0.0130418399696669
6,"lscp_rf_oob","12_117_1002",1,4.34626945993573,0.0223711432663045
6,"lscp_rf_oob","12_127_5002",1,4.38069555803996,0.0283259887226121
6,"lscp_rf_oob","18_105_3",1,4.74241488253252,0.0117022934246367
6,"lscp_rf_oob","21_193_3",1,4.32296133809976,0.0138970793837736
6,"lscp_rf_oob","27_37_470",1,5.43194997109977,0.00115746208312837
6,"lscp_rf_oob","27_139_505",1,5.4458966330448,0.00446023954512551
6,"lscp_rf_oob","28_35_4",1,5.02333640166064,0.0233825846706349
6,"lscp_rf_oob","32_3_43",1,6.22415537565808,0.00173055647931172
6,"lscp_rf_oob","32_3_71",1,6.23058090756048,0.00136903172428903
6,"lscp_rf_oob","39_155_14",1,4.26720145240341,0.0042655590653203
6,"lscp_rf_oob","40_43_860",1,6.1141933746934,0.0311632483670049
6,"lscp_rf_oob","49_53_7",1,6.4895645018002,0.0148082412765442
6,"lscp_rf_oob","80_2_12",0,6.44739065797316,0.00136047092623602
6,"lscp_rf_oob","53_33_80",1,6.39045736667906,0.00461389415551028
6,"lscp_rf_oob","42_5_1",1,4.20617816887233,0.011275525218977
6,"lscp_rf_oob","42_21_11",0,4.21271376284806,0.01094554283898
6,"lscp_rf_oob","42_49_3",1,4.31689975532101,0.0277370336239241
6,"w_fc","16_9_10",1,5.42293099571851,0.014221715227942
6,"w_fc","35_1_1013",1,5.0926540354516,0.00121794293070901
6,"w_fc","35_13_16",1,5.35288899785741,0.0737328357448381
6,"w_fc","42_41_101",1,5.14933273822426,0.00836305145572154
6,"w_fc","44_9_7",1,5.16549316224914,0.00615149040978385
6,"w_fc","48_201_66",1,5.16220884278873,0.00572409797144924
6,"w_fc","48_323_4",1,5.84508059125902,0.0334115903600272
6,"w_fc","20_177_13",1,5.42551578097895,0.0187884898765507
6,"w_fc","48_29_1069",1,5.25418428152556,0.00642083707134241
6,"w_fc","48_203_2",1,5.69709745343374,0.0189168272344079
6,"w_fc","1_113_3",1,5.38295453928432,0.00235517892267591
6,"w_fc","6_1_12",1,4.97711367700256,0.000635846126482544
6,"w_fc","6_29_10",0,5.19952837978354,0.0011820841774265
6,"w_fc","6_29_19",0,5.24950305069481,0.00929179257645258
6,"w_fc","6_39_2010",1,5.07709315945862,0.00699567125759066
6,"w_fc","6_95_4",1,5.05492880196624,0.00417506500920389
6,"w_fc","6_103_7",0,5.46893034580687,0.0280865186284383
6,"w_fc","12_11_34",1,5.10990336999508,0.00187069732816643
6,"w_fc","12_115_13",1,5.40170159952856,0.0130418399696669
6,"w_fc","12_117_1002",1,5.49643008318681,0.0223711432663045
6,"w_fc","12_127_5002",1,5.57050790107913,0.0283259887226121
6,"w_fc","18_105_3",1,5.26114549390203,0.0117022934246367
6,"w_fc","21_193_3",1,5.33411118375212,0.0138970793837736
6,"w_fc","27_37_470",1,5.11446045106658,0.00115746208312837
6,"w_fc","27_139_505",1,5.15050525013146,0.00446023954512551
6,"w_fc","28_35_4",1,5.49563089147035,0.0233825846706349
6,"w_fc","32_3_43",1,4.96989888427396,0.00173055647931172
6,"w_fc","32_3_71",1,4.97706694078915,0.00136903172428903
6,"w_fc","39_155_14",1,5.18250617567667,0.0042655590653203
6,"w_fc","40_43_860",1,5.6917534640204,0.0311632483670049
6,"w_fc","49_53_7",1,5.55627936289277,0.0148082412765442
6,"w_fc","80_2_12",0,5.13242637409236,0.00136047092623602
6,"w_fc","53_33_80",1,5.00069557940336,0.00461389415551028
6,"w_fc","42_5_1",1,5.18304405101021,0.011275525218977
6,"w_fc","42_21_11",1,5.1601350520838,0.01094554283898
6,"w_fc","42_49_3",1,5.5850896532789,0.0277370336239241
7,"naive","6_37_1302",0,6.24961745596142,0.00102901222417062
7,"naive","6_71_306",1,6.24961745596142,0.0111076056604192
7,"naive","48_201_1035",1,6.24961745596142,0.00114794452227547
7,"naive","49_35_3015",1,6.24961745596142,0.000324141625474133
7,"naive","49_47_1004",0,6.24961745596142,0.0175098720054568
7,"naive","6_27_1033",1,6.24961745596142,0.00510746266798957
7,"naive","20_133_3",1,6.24961745596142,0.0210044056029713
7,"naive","48_29_32",1,6.24961745596142,0.00860474772017577
7,"naive","48_439_1053",1,6.24961745596142,0.00231754716809438
7,"naive","6_9_1",1,6.24961745596142,0.012416151130121
7,"naive","6_13_1004",1,6.24961745596142,0.00313674651186875
7,"naive","6_25_1003",1,6.24961745596142,0.00328488168057619
7,"naive","6_27_1003",1,6.24961745596142,0.0187022562093126
7,"naive","6_53_8",0,6.24961745596142,0.0136375960703
7,"naive","9_11_124",1,6.24961745596142,0.00917752652225558
7,"naive","10_3_1007",1,6.24961745596142,0.00248942191158242
7,"naive","12_11_5005",1,6.24961745596142,0.00177380337668648
7,"naive","12_31_98",1,6.24961745596142,0.00315286755298284
7,"naive","12_103_18",1,6.24961745596142,0.0119046062988987
7,"naive","13_127_6",1,6.24961745596142,0.0222929748473619
7,"naive","17_31_4201",1,6.24961745596142,0.00227611531473461
7,"naive","24_25_1001",1,6.24961745596142,0.00643361920541514
7,"naive","25_25_44",1,6.24961745596142,0.000941721903398354
7,"naive","27_5_2013",1,6.24961745596142,0.0170996282289467
7,"naive","28_11_2",1,6.24961745596142,0.0302736556147694
7,"naive","28_45_3",1,6.24961745596142,0.00762604479312336
7,"naive","28_49_20",1,6.24961745596142,0.000984158137882006
7,"naive","30_93_5",1,6.24961745596142,0.0180187971030088
7,"naive","32_3_602",1,6.24961745596142,0.00470099761333174
7,"naive","39_3_9",1,6.24961745596142,0.0212338640732324
7,"naive","40_105_207",0,6.24961745596142,0.0154725994083465
7,"naive","56_1_12",0,6.24961745596142,0.00125930314417311
7,"naive","56_23_4",1,6.24961745596142,0.0238859852499946
7,"naive","29_95_34",1,6.24961745596142,0.00125957202082991
7,"naive","50_21_2",1,6.24961745596142,0.0119102734569442
7,"naive","53_57_11",0,6.24961745596142,0.00634312856857729
7,"gscp_rf_oob","6_37_1302",1,4.29399548510633,0.00102901222417062
7,"gscp_rf_oob","6_71_306",1,4.81849750042331,0.0111076056604192
7,"gscp_rf_oob","48_201_1035",1,4.26337465559635,0.00114794452227547
7,"gscp_rf_oob","49_35_3015",1,4.08017799301052,0.000324141625474133
7,"gscp_rf_oob","49_47_1004",0,5.35626320835821,0.0175098720054568
7,"gscp_rf_oob","6_27_1033",0,4.63457169412162,0.00510746266798957
7,"gscp_rf_oob","20_133_3",1,5.29471852978067,0.0210044056029713
7,"gscp_rf_oob","48_29_32",1,5.03626695682303,0.00860474772017577
7,"gscp_rf_oob","48_439_1053",1,4.44631920342977,0.00231754716809438
7,"gscp_rf_oob","6_9_1",1,4.82026412684933,0.012416151130121
7,"gscp_rf_oob","6_13_1004",0,4.16792855311787,0.00313674651186875
7,"gscp_rf_oob","6_25_1003",0,4.34767108070022,0.00328488168057619
7,"gscp_rf_oob","6_27_1003",1,5.18191651446497,0.0187022562093126
7,"gscp_rf_oob","6_53_8",0,4.98427483301681,0.0136375960703
7,"gscp_rf_oob","9_11_124",1,4.75110667851173,0.00917752652225558
7,"gscp_rf_oob","10_3_1007",1,4.27579365871543,0.00248942191158242
7,"gscp_rf_oob","12_11_5005",1,4.2001055726539,0.00177380337668648
7,"gscp_rf_oob","12_31_98",1,4.77313486502303,0.00315286755298284
7,"gscp_rf_oob","12_103_18",1,5.02232343905851,0.0119046062988987
7,"gscp_rf_oob","13_127_6",1,5.34031980222548,0.0222929748473619
7,"gscp_rf_oob","17_31_4201",1,4.3944271166016,0.00227611531473461
7,"gscp_rf_oob","24_25_1001",1,4.54065886595592,0.00643361920541514
7,"gscp_rf_oob","25_25_44",1,4.20248966640597,0.000941721903398354
7,"gscp_rf_oob","27_5_2013",1,5.24846493202774,0.0170996282289467
7,"gscp_rf_oob","28_11_2",1,5.50158231058371,0.0302736556147694
7,"gscp_rf_oob","28_45_3",1,4.87622428058037,0.00762604479312336
7,"gscp_rf_oob","28_49_20",1,4.68940569942865,0.000984158137882006
7,"gscp_rf_oob","30_93_5",1,5.26539539638744,0.0180187971030088
7,"gscp_rf_oob","32_3_602",1,4.51332828965048,0.00470099761333174
7,"gscp_rf_oob","39_3_9",1,5.25740583908255,0.0212338640732324
7,"gscp_rf_oob","40_105_207",0,5.11933030325271,0.0154725994083465
7,"gscp_rf_oob","56_1_12",0,4.66161714842937,0.00125930314417311
7,"gscp_rf_oob","56_23_4",1,5.38313281966056,0.0238859852499946
7,"gscp_rf_oob","29_95_34",1,4.32490885592551,0.00125957202082991
7,"gscp_rf_oob","50_21_2",1,4.95699292953999,0.0119102734569442
7,"gscp_rf_oob","53_57_11",0,4.77233770752864,0.00634312856857729
7,"lscp_rf_oob","6_37_1302",1,4.60244830237531,0.00102901222417062
7,"lscp_rf_oob","6_71_306",1,5.16462714451917,0.0111076056604192
7,"lscp_rf_oob","48_201_1035",1,4.21309641137242,0.00114794452227547
7,"lscp_rf_oob","49_35_3015",1,4.36703763144714,0.000324141625474133
7,"lscp_rf_oob","49_47_1004",0,5.69379728796731,0.0175098720054568
7,"lscp_rf_oob","6_27_1033",0,4.9674892998446,0.00510746266798957
7,"lscp_rf_oob","20_133_3",1,5.24271626644612,0.0210044056029713
7,"lscp_rf_oob","48_29_32",1,4.98680308465708,0.00860474772017577
7,"lscp_rf_oob","48_439_1053",1,4.40264952376961,0.00231754716809438
7,"lscp_rf_oob","6_9_1",1,5.19653972681996,0.012416151130121
7,"lscp_rf_oob","6_13_1004",1,4.76863354002787,0.00313674651186875
7,"lscp_rf_oob","6_25_1003",0,4.65997960502268,0.00328488168057619
7,"lscp_rf_oob","6_27_1003",1,5.55415182614225,0.0187022562093126
7,"lscp_rf_oob","6_53_8",1,5.38542427645323,0.0136375960703
7,"lscp_rf_oob","9_11_124",1,4.45735045224007,0.00917752652225558
7,"lscp_rf_oob","10_3_1007",1,3.94986589368939,0.00248942191158242
7,"lscp_rf_oob","12_11_5005",1,3.80951104314107,0.00177380337668648
7,"lscp_rf_oob","12_31_98",1,4.34818795437799,0.00315286755298284
7,"lscp_rf_oob","12_103_18",1,4.5751915456508,0.0119046062988987
7,"lscp_rf_oob","13_127_6",1,4.86487704479539,0.0222929748473619
7,"lscp_rf_oob","17_31_4201",1,4.34260336250043,0.00227611531473461
7,"lscp_rf_oob","24_25_1001",1,4.19454141641292,0.00643361920541514
7,"lscp_rf_oob","25_25_44",1,4.10815342857113,0.000941721903398354
7,"lscp_rf_oob","27_5_2013",1,5.24846493202774,0.0170996282289467
7,"lscp_rf_oob","28_11_2",1,5.42628286261814,0.0302736556147694
7,"lscp_rf_oob","28_45_3",1,4.5747321567356,0.00762604479312336
7,"lscp_rf_oob","28_49_20",1,4.58413931533695,0.000984158137882006
7,"lscp_rf_oob","30_93_5",1,5.64362729012932,0.0180187971030088
7,"lscp_rf_oob","32_3_602",1,4.83753655466406,0.00470099761333174
7,"lscp_rf_oob","39_3_9",1,5.13938915682999,0.0212338640732324
7,"lscp_rf_oob","40_105_207",0,5.0690506215229,0.0154725994083465
7,"lscp_rf_oob","56_1_12",0,4.67315464418878,0.00125930314417311
7,"lscp_rf_oob","56_23_4",1,5.72236013374444,0.0238859852499946
7,"lscp_rf_oob","29_95_34",1,4.28243161224225,0.00125957202082991
7,"lscp_rf_oob","50_21_2",1,4.88914720623861,0.0119102734569442
7,"lscp_rf_oob","53_57_11",1,5.48804795509414,0.00634312856857729
7,"w_fc","6_37_1302",1,3.99919638468741,0.00102901222417062
7,"w_fc","6_71_306",1,4.64153882867623,0.0111076056604192
7,"w_fc","48_201_1035",1,3.9073718300585,0.00114794452227547
7,"w_fc","49_35_3015",1,3.81352863846472,0.000324141625474133
7,"w_fc","49_47_1004",0,4.80148148588219,0.0175098720054568
7,"w_fc","6_27_1033",0,4.43489720447308,0.00510746266798957
7,"w_fc","20_133_3",1,5.08792497478595,0.0210044056029713
7,"w_fc","48_29_32",1,4.47540746282846,0.00860474772017577
7,"w_fc","48_439_1053",1,4.27554897652285,0.00231754716809438
7,"w_fc","6_9_1",1,4.65102593926007,0.012416151130121
7,"w_fc","6_13_1004",0,4.01706843353906,0.00313674651186875
7,"w_fc","6_25_1003",0,4.14779259075914,0.00328488168057619
7,"w_fc","6_27_1003",1,4.58083590643584,0.0187022562093126
7,"w_fc","6_53_8",0,4.76251560740291,0.0136375960703
7,"w_fc","9_11_124",1,4.60511938494282,0.00917752652225558
7,"w_fc","10_3_1007",1,4.06222906850532,0.00248942191158242
7,"w_fc","12_11_5005",1,4.03421987434454,0.00177380337668648
7,"w_fc","12_31_98",1,4.53140102809544,0.00315286755298284
7,"w_fc","12_103_18",1,4.39852117698218,0.0119046062988987
7,"w_fc","13_127_6",1,5.14303943644519,0.0222929748473619
7,"w_fc","17_31_4201",1,4.21714214758077,0.00227611531473461
7,"w_fc","24_25_1001",1,4.28731909426847,0.00643361920541514
7,"w_fc","25_25_44",1,3.82988167665983,0.000941721903398354
7,"w_fc","27_5_2013",1,5.04288570068225,0.0170996282289467
7,"w_fc","28_11_2",1,5.28762688371381,0.0302736556147694
7,"w_fc","28_45_3",1,4.72849208357183,0.00762604479312336
7,"w_fc","28_49_20",1,4.428423250096,0.000984158137882006
7,"w_fc","30_93_5",1,5.06644252632586,0.0180187971030088
7,"w_fc","32_3_602",0,4.3647333329973,0.00470099761333174
7,"w_fc","39_3_9",1,5.0358796451879,0.0212338640732324
7,"w_fc","40_105_207",0,4.94830257661689,0.0154725994083465
7,"w_fc","56_1_12",1,4.36122905924201,0.00125930314417311
7,"w_fc","56_23_4",1,5.0812658597116,0.0238859852499946
7,"w_fc","29_95_34",1,4.03009965936369,0.00125957202082991
7,"w_fc","50_21_2",1,4.79313983577507,0.0119102734569442
7,"w_fc","53_57_11",0,4.62900844735848,0.00634312856857729
8,"naive","6_27_1023",0,6.10415951955009,0.00167304337481388
8,"naive","19_153_30",1,6.10415951955009,0.0366535292198335
8,"naive","26_163_1013",1,6.10415951955009,0.00291177993535162
8,"naive","32_31_25",1,6.10415951955009,0.00318574037804364
8,"naive","35_1_26",1,6.10415951955009,0.000458660542268506
8,"naive","48_13_1090",1,6.10415951955009,0.00860474772017577
8,"naive","48_339_78",1,6.10415951955009,0.0111650918396772
8,"naive","56_35_101",1,6.10415951955009,0.0202840204483228
8,"naive","6_19_2009",1,6.10415951955009,0.0103725135248207
8,"naive","6_97_4",1,6.10415951955009,0.0133233498387059
8,"naive","13_89_2",1,6.10415951955009,0.0081123775368092
8,"naive","13_153_1",1,6.10415951955009,0.00502288239832487
8,"naive","13_303_1",0,6.10415951955009,0.0155816558512863
8,"naive","17_111_1",1,6.10415951955009,0.0079075479172288
8,"naive","18_97_87",0,6.10415951955009,0.000642277244889923
8,"naive","21_19_17",1,6.10415951955009,0.0195889377500753
8,"naive","23_5_29",0,6.10415951955009,0.0166852205668443
8,"naive","24_510_5253",1,6.10415951955009,0.00314473138421535
8,"naive","25_21_2005",1,6.10415951955009,0.00305424758444269
8,"naive","37_101_2",1,6.10415951955009,0.0139345409765656
8,"naive","37_119_48",1,6.10415951955009,0.00174735488040907
8,"naive","38_13_4",1,6.10415951955009,0.0218041889271497
8,"naive","39_17_20",1,6.10415951955009,0.00480510112166908
8,"naive","47_93_1013",1,6.10415951955009,0.000493369926841565
8,"naive","47_157_75",1,6.10415951955009,0.0245330186709378
8,"naive","48_355_32",1,6.10415951955009,0.0423963554070288
8,"naive","80_2_14",0,6.10415951955009,0.00406743682580425
8,"naive","29_21_5",1,6.10415951955009,0.015948623762123
8,"naive","29_47_5",1,6.10415951955009,0.00610135210137282
8,"naive","29_510_94",1,6.10415951955009,0.00139414257005361
8,"naive","42_101_48",1,6.10415951955009,0.000534222625594794
8,"naive","48_113_69",1,6.10415951955009,0.00998678117543357
8,"naive","53_33_30",1,6.10415951955009,0.000727827096311646
8,"naive","42_11_11",1,6.10415951955009,0.0101442109040809
8,"naive","42_117_4000",1,6.10415951955009,0.00789238693703524
8,"naive","42_125_5",1,6.10415951955009,0.00365175364009037
8,"gscp_rf_oob","6_27_1023",0,5.09883366052061,0.00167304337481388
8,"gscp_rf_oob","19_153_30",1,5.33304997214986,0.0366535292198335
8,"gscp_rf_oob","26_163_1013",0,5.00498942841172,0.00291177993535162
8,"gscp_rf_oob","32_31_25",1,5.09570022968109,0.00318574037804364
8,"gscp_rf_oob","35_1_26",1,5.11917184273276,0.000458660542268506
8,"gscp_rf_oob","48_13_1090",1,5.23658107910077,0.00860474772017577
8,"gscp_rf_oob","48_339_78",1,5.16528744347816,0.0111650918396772
8,"gscp_rf_oob","56_35_101",1,5.24422286622615,0.0202840204483228
8,"gscp_rf_oob","6_19_2009",1,5.08352493081566,0.0103725135248207
8,"gscp_rf_oob","6_97_4",1,5.16083065961937,0.0133233498387059
8,"gscp_rf_oob","13_89_2",1,5.20281119905641,0.0081123775368092
8,"gscp_rf_oob","13_153_1",1,5.20908989147362,0.00502288239832487
8,"gscp_rf_oob","13_303_1",0,5.23627127371578,0.0155816558512863
8,"gscp_rf_oob","17_111_1",1,5.09659444879731,0.0079075479172288
8,"gscp_rf_oob","18_97_87",0,5.04512148712256,0.000642277244889923
8,"gscp_rf_oob","21_19_17",1,5.22163011844366,0.0195889377500753
8,"gscp_rf_oob","23_5_29",1,5.24116803753684,0.0166852205668443
8,"gscp_rf_oob","24_510_5253",1,4.9938863265211,0.00314473138421535
8,"gscp_rf_oob","25_21_2005",1,5.04068603459355,0.00305424758444269
8,"gscp_rf_oob","37_101_2",1,5.22198960986192,0.0139345409765656
8,"gscp_rf_oob","37_119_48",1,5.10342322796229,0.00174735488040907
8,"gscp_rf_oob","38_13_4",1,5.46576434281025,0.0218041889271497
8,"gscp_rf_oob","39_17_20",1,5.0351948502411,0.00480510112166908
8,"gscp_rf_oob","47_93_1013",1,5.02761621703304,0.000493369926841565
8,"gscp_rf_oob","47_157_75",1,5.33784226503146,0.0245330186709378
8,"gscp_rf_oob","48_355_32",1,5.40531418547877,0.0423963554070288
8,"gscp_rf_oob","80_2_14",0,5.20396926975402,0.00406743682580425
8,"gscp_rf_oob","29_21_5",1,5.25606638076582,0.015948623762123
8,"gscp_rf_oob","29_47_5",1,5.18387738576427,0.00610135210137282
8,"gscp_rf_oob","29_510_94",1,5.05854673563819,0.00139414257005361
8,"gscp_rf_oob","42_101_48",1,4.96087248537864,0.000534222625594794
8,"gscp_rf_oob","48_113_69",1,5.24131087851729,0.00998678117543357
8,"gscp_rf_oob","53_33_30",1,5.01562852534446,0.000727827096311646
8,"gscp_rf_oob","42_11_11",1,5.04540051862498,0.0101442109040809
8,"gscp_rf_oob","42_117_4000",1,5.18915289101128,0.00789238693703524
8,"gscp_rf_oob","42_125_5",1,5.03143769147335,0.00365175364009037
8,"lscp_rf_oob","6_27_1023",0,6.67351263798106,0.00167304337481388
8,"lscp_rf_oob","19_153_30",1,4.82881769618384,0.0366535292198335
8,"lscp_rf_oob","26_163_1013",0,4.01159887650241,0.00291177993535162
8,"lscp_rf_oob","32_31_25",1,7.12907021684227,0.00318574037804364
8,"lscp_rf_oob","35_1_26",1,5.5533052548388,0.000458660542268506
8,"lscp_rf_oob","48_13_1090",1,4.95071243643409,0.00860474772017577
8,"lscp_rf_oob","48_339_78",1,4.61412911029125,0.0111650918396772
8,"lscp_rf_oob","56_35_101",1,5.96183661417816,0.0202840204483228
8,"lscp_rf_oob","6_19_2009",1,7.11203653028098,0.0103725135248207
8,"lscp_rf_oob","6_97_4",1,7.24905399218451,0.0133233498387059
8,"lscp_rf_oob","13_89_2",1,3.99183652590447,0.0081123775368092
8,"lscp_rf_oob","13_153_1",1,3.99665382808343,0.00502288239832487
8,"lscp_rf_oob","13_303_1",0,4.01750863720634,0.0155816558512863
8,"lscp_rf_oob","17_111_1",1,4.32929038004002,0.0079075479172288
8,"lscp_rf_oob","18_97_87",0,4.09513024250436,0.000642277244889923
8,"lscp_rf_oob","21_19_17",1,4.14762192309235,0.0195889377500753
8,"lscp_rf_oob","23_5_29",1,4.02126566007951,0.0166852205668443
8,"lscp_rf_oob","24_510_5253",1,3.83153973529488,0.00314473138421535
8,"lscp_rf_oob","25_21_2005",1,3.8674466281145,0.00305424758444269
8,"lscp_rf_oob","37_101_2",1,3.85625007080602,0.0139345409765656
8,"lscp_rf_oob","37_119_48",1,3.91558149413992,0.00174735488040907
8,"lscp_rf_oob","38_13_4",1,5.87710761119398,0.0218041889271497
8,"lscp_rf_oob","39_17_20",0,4.03580912469738,0.00480510112166908
8,"lscp_rf_oob","47_93_1013",1,3.87054487258658,0.000493369926841565
8,"lscp_rf_oob","47_157_75",1,4.38548463090392,0.0245330186709378
8,"lscp_rf_oob","48_355_32",1,4.89424943110958,0.0423963554070288
8,"lscp_rf_oob","80_2_14",0,6.15512147991981,0.00406743682580425
8,"lscp_rf_oob","29_21_5",1,4.75911279367359,0.015948623762123
8,"lscp_rf_oob","29_47_5",1,4.69374916528952,0.00610135210137282
8,"lscp_rf_oob","29_510_94",1,4.29697083799736,0.00139414257005361
8,"lscp_rf_oob","42_101_48",1,3.80620999491207,0.000534222625594794
8,"lscp_rf_oob","48_113_69",1,4.9551840327752,0.00998678117543357
8,"lscp_rf_oob","53_33_30",1,7.0170469861049,0.000727827096311646
8,"lscp_rf_oob","42_11_11",1,3.87106379753262,0.0101442109040809
8,"lscp_rf_oob","42_117_4000",1,3.98135724252273,0.00789238693703524
8,"lscp_rf_oob","42_125_5",1,3.86035087305847,0.00365175364009037
8,"w_fc","6_27_1023",0,4.38692948228757,0.00167304337481388
8,"w_fc","19_153_30",1,6.08829702571458,0.0366535292198335
8,"w_fc","26_163_1013",0,4.20672574783723,0.00291177993535162
8,"w_fc","32_31_25",1,4.29871271184872,0.00318574037804364
8,"w_fc","35_1_26",1,3.82218758793175,0.000458660542268506
8,"w_fc","48_13_1090",1,4.92117368093502,0.00860474772017577
8,"w_fc","48_339_78",1,5.28125098296468,0.0111650918396772
8,"w_fc","56_35_101",1,5.60682780455142,0.0202840204483228
8,"w_fc","6_19_2009",1,4.98958522988237,0.0103725135248207
8,"w_fc","6_97_4",1,5.25680638534045,0.0133233498387059
8,"w_fc","13_89_2",1,5.19941931045464,0.0081123775368092
8,"w_fc","13_153_1",1,4.98849531132957,0.00502288239832487
8,"w_fc","13_303_1",0,5.50978365613177,0.0155816558512863
8,"w_fc","17_111_1",1,4.76997275401818,0.0079075479172288
8,"w_fc","18_97_87",1,4.00063039543708,0.000642277244889923
8,"w_fc","21_19_17",1,4.37871493644768,0.0195889377500753
8,"w_fc","23_5_29",1,5.25079088811275,0.0166852205668443
8,"w_fc","24_510_5253",1,4.32934310063641,0.00314473138421535
8,"w_fc","25_21_2005",1,4.14794051445727,0.00305424758444269
8,"w_fc","37_101_2",1,5.15293254104582,0.0139345409765656
8,"w_fc","37_119_48",1,4.14127186994136,0.00174735488040907
8,"w_fc","38_13_4",1,5.88866379480053,0.0218041889271497
8,"w_fc","39_17_20",1,4.49428032584976,0.00480510112166908
8,"w_fc","47_93_1013",1,3.9598382444191,0.000493369926841565
8,"w_fc","47_157_75",1,5.26469834652146,0.0245330186709378
8,"w_fc","48_355_32",1,5.4497109604755,0.0423963554070288
8,"w_fc","80_2_14",0,4.03574385579867,0.00406743682580425
8,"w_fc","29_21_5",1,5.61256659690935,0.015948623762123
8,"w_fc","29_47_5",1,4.8601181444573,0.00610135210137282
8,"w_fc","29_510_94",1,3.8581927832873,0.00139414257005361
8,"w_fc","42_101_48",1,3.78180635386487,0.000534222625594794
8,"w_fc","48_113_69",1,5.14171219267366,0.00998678117543357
8,"w_fc","53_33_30",1,3.91646312569182,0.000727827096311646
8,"w_fc","42_11_11",1,4.7174493047526,0.0101442109040809
8,"w_fc","42_117_4000",1,4.85043242693171,0.00789238693703524
8,"w_fc","42_125_5",1,4.28790572188066,0.00365175364009037
9,"naive","6_37_1103",1,6.42676097709144,0.00408391880134031
9,"naive","6_59_7",1,6.42676097709144,0.00478756167026449
9,"naive","6_67_6",1,6.42676097709144,0.00262358167778148
9,"naive","31_55_19",1,6.42676097709144,0.00282865818210386
9,"naive","32_510_20",1,6.42676097709144,0.00612441145762797
9,"naive","42_3_1376",1,6.42676097709144,0.0103082776721062
9,"naive","48_201_1050",1,6.42676097709144,0.00627507300954077
9,"naive","49_49_4001",1,6.42676097709144,0.00515533433445849
9,"naive","48_201_1052",0,6.42676097709144,0.00222518441710878
9,"naive","54_39_20",1,6.42676097709144,0.0195889377500753
9,"naive","1_73_1010",1,6.42676097709144,0.0156573521102118
9,"naive","1_119_3",1,6.42676097709144,0.0329997475528837
9,"naive","4_12_8000",1,6.42676097709144,0.0321208662277151
9,"naive","4_13_4021",1,6.42676097709144,0.00138023878631211
9,"naive","6_13_2",1,6.42676097709144,0.00549663357629802
9,"naive","6_87_7",1,6.42676097709144,0.00914441484257764
9,"naive","9_1_10",1,6.42676097709144,0.00623081176141097
9,"naive","9_1_1123",1,6.42676097709144,0.0101527867773298
9,"naive","9_9_2123",1,6.42676097709144,0.0066484782381276
9,"naive","10_1_3",1,6.42676097709144,0.00422755357598469
9,"naive","12_11_2003",1,6.42676097709144,0.00177380337668648
9,"naive","13_95_7",1,6.42676097709144,0.0245310550559169
9,"naive","22_19_8",1,6.42676097709144,0.0124145403990843
9,"naive","24_29_2",1,6.42676097709144,0.00619153455745116
9,"naive","27_21_3410",1,6.42676097709144,0.0245688232027408
9,"naive","27_75_5",1,6.42676097709144,0.0201380656581817
9,"naive","28_47_8",1,6.42676097709144,0.00762604479312336
9,"naive","34_39_2003",1,6.42676097709144,0.0050979431681527
9,"naive","37_147_6",1,6.42676097709144,0.0328339485168014
9,"naive","37_183_21",1,6.42676097709144,0.0204485880622091
9,"naive","38_17_1004",1,6.42676097709144,0.0170996282289467
9,"naive","42_3_8",1,6.42676097709144,0.00852183325191645
9,"naive","29_510_7",1,6.42676097709144,0.0022085535787278
9,"naive","53_37_2",1,6.42676097709144,0.0153658617984057
9,"naive","42_15_11",1,6.42676097709144,0.00789238693703524
9,"naive","42_133_8",1,6.42676097709144,0.0074629176700349
9,"gscp_rf_oob","6_37_1103",1,4.98140319813213,0.00408391880134031
9,"gscp_rf_oob","6_59_7",1,4.99707067032652,0.00478756167026449
9,"gscp_rf_oob","6_67_6",0,4.26300930413196,0.00262358167778148
9,"gscp_rf_oob","31_55_19",1,5.16417858605982,0.00282865818210386
9,"gscp_rf_oob","32_510_20",1,5.15793254848137,0.00612441145762797
9,"gscp_rf_oob","42_3_1376",1,5.6757380452414,0.0103082776721062
9,"gscp_rf_oob","48_201_1050",1,5.28590687325678,0.00627507300954077
9,"gscp_rf_oob","49_49_4001",1,5.04945680879967,0.00515533433445849
9,"gscp_rf_oob","48_201_1052",1,4.5209495223319,0.00222518441710878
9,"gscp_rf_oob","54_39_20",1,6.6866493965451,0.0195889377500753
9,"gscp_rf_oob","1_73_1010",1,6.56627657120573,0.0156573521102118
9,"gscp_rf_oob","1_119_3",1,6.9309294792928,0.0329997475528837
9,"gscp_rf_oob","4_12_8000",1,6.92202254708061,0.0321208662277151
9,"gscp_rf_oob","4_13_4021",1,3.95776867464861,0.00138023878631211
9,"gscp_rf_oob","6_13_2",1,4.95149254667043,0.00549663357629802
9,"gscp_rf_oob","6_87_7",1,5.654382179288,0.00914441484257764
9,"gscp_rf_oob","9_1_10",1,5.60711279635456,0.00623081176141097
9,"gscp_rf_oob","9_1_1123",1,6.00702889661513,0.0101527867773298
9,"gscp_rf_oob","9_9_2123",1,5.51042163940539,0.0066484782381276
9,"gscp_rf_oob","10_1_3",1,5.05217335280826,0.00422755357598469
9,"gscp_rf_oob","12_11_2003",1,4.39075302059545,0.00177380337668648
9,"gscp_rf_oob","13_95_7",1,6.73303101698396,0.0245310550559169
9,"gscp_rf_oob","22_19_8",1,6.37136463388982,0.0124145403990843
9,"gscp_rf_oob","24_29_2",1,5.15376205715928,0.00619153455745116
9,"gscp_rf_oob","27_21_3410",1,6.74769341250995,0.0245688232027408
9,"gscp_rf_oob","27_75_5",1,6.75629134294316,0.0201380656581817
9,"gscp_rf_oob","28_47_8",1,5.62535135654872,0.00762604479312336
9,"gscp_rf_oob","34_39_2003",1,5.11133645512978,0.0050979431681527
9,"gscp_rf_oob","37_147_6",1,6.90115124223457,0.0328339485168014
9,"gscp_rf_oob","37_183_21",1,6.68702305094569,0.0204485880622091
9,"gscp_rf_oob","38_17_1004",1,6.67865083654027,0.0170996282289467
9,"gscp_rf_oob","42_3_8",1,5.60654749965085,0.00852183325191645
9,"gscp_rf_oob","29_510_7",1,4.54136944668943,0.0022085535787278
9,"gscp_rf_oob","53_37_2",1,6.534103712595,0.0153658617984057
9,"gscp_rf_oob","42_15_11",1,5.56069159312972,0.00789238693703524
9,"gscp_rf_oob","42_133_8",1,5.28501059231765,0.0074629176700349
9,"lscp_rf_oob","6_37_1103",1,5.79088082963623,0.00408391880134031
9,"lscp_rf_oob","6_59_7",1,5.80909426484126,0.00478756167026449
9,"lscp_rf_oob","6_67_6",1,4.95574798384427,0.00262358167778148
9,"lscp_rf_oob","31_55_19",1,5.02500992731397,0.00282865818210386
9,"lscp_rf_oob","32_510_20",1,5.99609618566059,0.00612441145762797
9,"lscp_rf_oob","42_3_1376",1,5.07328076776853,0.0103082776721062
9,"lscp_rf_oob","48_201_1050",1,5.11393623437271,0.00627507300954077
9,"lscp_rf_oob","49_49_4001",1,5.64324127709125,0.00515533433445849
9,"lscp_rf_oob","48_201_1052",1,4.37386585317921,0.00222518441710878
9,"lscp_rf_oob","54_39_20",1,6.07642568195577,0.0195889377500753
9,"lscp_rf_oob","1_73_1010",1,6.08619966944511,0.0156573521102118
9,"lscp_rf_oob","1_119_3",1,6.42419189145934,0.0329997475528837
9,"lscp_rf_oob","4_12_8000",1,7.90242273255853,0.0321208662277151
9,"lscp_rf_oob","4_13_4021",1,4.42317746159018,0.00138023878631211
9,"lscp_rf_oob","6_13_2",1,5.7561096996429,0.00549663357629802
9,"lscp_rf_oob","6_87_7",1,6.57321884278581,0.00914441484257764
9,"lscp_rf_oob","9_1_10",1,4.85209158118345,0.00623081176141097
9,"lscp_rf_oob","9_1_1123",1,5.19815730408376,0.0101527867773298
9,"lscp_rf_oob","9_9_2123",1,4.76842029336613,0.0066484782381276
9,"lscp_rf_oob","10_1_3",1,4.37187705725801,0.00422755357598469
9,"lscp_rf_oob","12_11_2003",1,3.78378585123838,0.00177380337668648
9,"lscp_rf_oob","13_95_7",1,6.19189023045756,0.0245310550559169
9,"lscp_rf_oob","22_19_8",1,6.09163776985631,0.0124145403990843
9,"lscp_rf_oob","24_29_2",1,4.45978641721336,0.00619153455745116
9,"lscp_rf_oob","27_21_3410",1,6.56585085493804,0.0245688232027408
9,"lscp_rf_oob","27_75_5",1,6.53648350928434,0.0201380656581817
9,"lscp_rf_oob","28_47_8",1,5.21406785039709,0.00762604479312336
9,"lscp_rf_oob","34_39_2003",1,4.42307360013434,0.0050979431681527
9,"lscp_rf_oob","37_147_6",1,5.97188233214967,0.0328339485168014
9,"lscp_rf_oob","37_183_21",1,5.7865873983787,0.0204485880622091
9,"lscp_rf_oob","38_17_1004",1,6.67865083654027,0.0170996282289467
9,"lscp_rf_oob","42_3_8",1,5.0948938988166,0.00852183325191645
9,"lscp_rf_oob","29_510_7",1,4.34198625223483,0.0022085535787278
9,"lscp_rf_oob","53_37_2",1,7.59589505669998,0.0153658617984057
9,"lscp_rf_oob","42_15_11",1,4.81192118733975,0.00789238693703524
9,"lscp_rf_oob","42_133_8",1,4.57336178757128,0.0074629176700349
9,"w_fc","6_37_1103",1,4.89937699788344,0.00408391880134031
9,"w_fc","6_59_7",1,4.90017650517525,0.00478756167026449
9,"w_fc","6_67_6",1,4.60962685758054,0.00262358167778148
9,"w_fc","31_55_19",1,5.11532260524226,0.00282865818210386
9,"w_fc","32_510_20",1,5.06234202496678,0.00612441145762797
9,"w_fc","42_3_1376",1,4.57531445441666,0.0103082776721062
9,"w_fc","48_201_1050",1,4.83259424682625,0.00627507300954077
9,"w_fc","49_49_4001",1,4.99935686461333,0.00515533433445849
9,"w_fc","48_201_1052",1,4.6265880364298,0.00222518441710878
9,"w_fc","54_39_20",1,6.01957021812254,0.0195889377500753
9,"w_fc","1_73_1010",1,6.01074810773967,0.0156573521102118
9,"w_fc","1_119_3",1,6.42693483502187,0.0329997475528837
9,"w_fc","4_12_8000",1,6.37658389356195,0.0321208662277151
9,"w_fc","4_13_4021",1,4.47610488831496,0.00138023878631211
9,"w_fc","6_13_2",1,4.7784191778643,0.00549663357629802
9,"w_fc","6_87_7",1,4.88894282378726,0.00914441484257764
9,"w_fc","9_1_10",1,5.24869154378024,0.00623081176141097
9,"w_fc","9_1_1123",1,5.30681228306224,0.0101527867773298
9,"w_fc","9_9_2123",1,5.04786508380445,0.0066484782381276
9,"w_fc","10_1_3",1,4.99058694988123,0.00422755357598469
9,"w_fc","12_11_2003",1,4.71595995110735,0.00177380337668648
9,"w_fc","13_95_7",1,6.09323273246015,0.0245310550559169
9,"w_fc","22_19_8",1,5.85929345327714,0.0124145403990843
9,"w_fc","24_29_2",1,4.96667715943826,0.00619153455745116
9,"w_fc","27_21_3410",1,5.81032624893306,0.0245688232027408
9,"w_fc","27_75_5",1,6.1041533461733,0.0201380656581817
9,"w_fc","28_47_8",1,5.3763730251986,0.00762604479312336
9,"w_fc","34_39_2003",1,4.67801779783073,0.0050979431681527
9,"w_fc","37_147_6",1,6.05689085627926,0.0328339485168014
9,"w_fc","37_183_21",1,5.1562986971441,0.0204485880622091
9,"w_fc","38_17_1004",1,6.16112337046772,0.0170996282289467
9,"w_fc","42_3_8",1,4.61391386392235,0.00852183325191645
9,"w_fc","29_510_7",1,4.58663194222881,0.0022085535787278
9,"w_fc","53_37_2",1,5.65312677990923,0.0153658617984057
9,"w_fc","42_15_11",1,5.2335884485805,0.00789238693703524
9,"w_fc","42_133_8",1,4.99834510612545,0.0074629176700349
10,"naive","6_61_3",1,6.52197222041473,0.00561612555389433
10,"naive","6_65_500",1,6.52197222041473,0.0190497124762206
10,"naive","32_5_7",1,6.52197222041473,0.00612441145762797
10,"naive","45_45_15",1,6.52197222041473,0.0101414338546643
10,"naive","48_43_101",1,6.52197222041473,0.065194962335472
10,"naive","49_35_3006",1,6.52197222041473,0.001599671213853
10,"naive","48_453_1068",1,6.52197222041473,0.00148056452366984
10,"naive","4_13_9812",1,6.52197222041473,0.00104424046247676
10,"naive","4_23_4",1,6.52197222041473,0.023482569667643
10,"naive","6_1_11",1,6.52197222041473,0.00278846718470258
10,"naive","6_7_8",1,6.52197222041473,0.0144181209850702
10,"naive","6_67_10",1,6.52197222041473,0.000645965133949681
10,"naive","8_31_27",1,6.52197222041473,0.000697638179210555
10,"naive","12_1_3012",1,6.52197222041473,0.0193206572927889
10,"naive","17_19_1001",1,6.52197222041473,0.016300682371353
10,"naive","17_197_1002",1,6.52197222041473,0.00604487682176846
10,"naive","18_5_8",1,6.52197222041473,0.0142894806013628
10,"naive","18_67_4",1,6.52197222041473,0.0121917966221116
10,"naive","18_89_34",1,6.52197222041473,0.00264042934972887
10,"naive","18_157_8",1,6.52197222041473,0.0197806372596356
10,"naive","21_59_5",1,6.52197222041473,0.0111930615073383
10,"naive","21_111_1041",1,6.52197222041473,0.00238270100952189
10,"naive","25_3_6001",1,6.52197222041473,0.00519308223389544
10,"naive","27_145_3052",1,6.52197222041473,0.011544300765753
10,"naive","33_11_5001",1,6.52197222041473,0.00723101793664765
10,"naive","34_23_11",1,6.52197222041473,0.00601356531701103
10,"naive","37_119_45",1,6.52197222041473,0.00174735488040907
10,"naive","39_23_5",1,6.52197222041473,0.0145529870417633
10,"naive","39_61_6",1,6.52197222041473,0.0029696218569201
10,"naive","39_135_1001",1,6.52197222041473,0.0108244068601902
10,"naive","40_121_415",1,6.52197222041473,0.0326978796868241
10,"naive","47_99_3",1,6.52197222041473,0.017009277331403
10,"naive","56_21_100",1,6.52197222041473,0.0144355817538604
10,"naive","53_11_24",1,6.52197222041473,0.0376868248007904
10,"naive","53_33_57",1,6.52197222041473,0.000535003382806994
10,"naive","53_47_13",1,6.52197222041473,0.026766954721678
10,"gscp_rf_oob","6_61_3",1,5.15142542714911,0.00561612555389433
10,"gscp_rf_oob","6_65_500",1,5.94128076342109,0.0190497124762206
10,"gscp_rf_oob","32_5_7",1,5.56302818258995,0.00612441145762797
10,"gscp_rf_oob","45_45_15",1,5.7842887986666,0.0101414338546643
10,"gscp_rf_oob","48_43_101",1,6.30053349803736,0.065194962335472
10,"gscp_rf_oob","49_35_3006",1,4.4336149555674,0.001599671213853
10,"gscp_rf_oob","48_453_1068",1,4.91337908911373,0.00148056452366984
10,"gscp_rf_oob","4_13_9812",1,4.18947049871025,0.00104424046247676
10,"gscp_rf_oob","4_23_4",1,6.19428924739618,0.023482569667643
10,"gscp_rf_oob","6_1_11",1,4.79411278120128,0.00278846718470258
10,"gscp_rf_oob","6_7_8",1,5.9213666338809,0.0144181209850702
10,"gscp_rf_oob","6_67_10",1,4.37492670256123,0.000645965133949681
10,"gscp_rf_oob","8_31_27",1,4.17646748233084,0.000697638179210555
10,"gscp_rf_oob","12_1_3012",1,6.06974964538294,0.0193206572927889
10,"gscp_rf_oob","17_19_1001",1,6.03084933203426,0.016300682371353
10,"gscp_rf_oob","17_197_1002",1,5.51903417575377,0.00604487682176846
10,"gscp_rf_oob","18_5_8",1,5.86002221591081,0.0142894806013628
10,"gscp_rf_oob","18_67_4",1,5.77010147906531,0.0121917966221116
10,"gscp_rf_oob","18_89_34",1,5.0758864989711,0.00264042934972887
10,"gscp_rf_oob","18_157_8",1,6.02233285481183,0.0197806372596356
10,"gscp_rf_oob","21_59_5",1,5.82979462641863,0.0111930615073383
10,"gscp_rf_oob","21_111_1041",1,4.84563564060616,0.00238270100952189
10,"gscp_rf_oob","25_3_6001",1,5.17281794747744,0.00519308223389544
10,"gscp_rf_oob","27_145_3052",1,5.91734256143799,0.011544300765753
10,"gscp_rf_oob","33_11_5001",1,5.3645321691121,0.00723101793664765
10,"gscp_rf_oob","34_23_11",1,5.24125473051585,0.00601356531701103
10,"gscp_rf_oob","37_119_45",1,4.63353805651446,0.00174735488040907
10,"gscp_rf_oob","39_23_5",1,5.828609662764,0.0145529870417633
10,"gscp_rf_oob","39_61_6",1,4.85000486157186,0.0029696218569201
10,"gscp_rf_oob","39_135_1001",1,5.74648654875951,0.0108244068601902
10,"gscp_rf_oob","40_121_415",1,6.21049215877065,0.0326978796868241
10,"gscp_rf_oob","47_99_3",1,6.01257468213514,0.017009277331403
10,"gscp_rf_oob","56_21_100",1,5.84258414724975,0.0144355817538604
10,"gscp_rf_oob","53_11_24",1,6.24120603039097,0.0376868248007904
10,"gscp_rf_oob","53_33_57",1,4.21317796998023,0.000535003382806994
10,"gscp_rf_oob","53_47_13",1,6.21142060787222,0.026766954721678
10,"lscp_rf_oob","6_61_3",1,6.22978231396811,0.00561612555389433
10,"lscp_rf_oob","6_65_500",1,6.92433284501639,0.0190497124762206
10,"lscp_rf_oob","32_5_7",1,6.72754659348422,0.00612441145762797
10,"lscp_rf_oob","45_45_15",1,4.97159860083074,0.0101414338546643
10,"lscp_rf_oob","48_43_101",1,6.38601817324813,0.065194962335472
10,"lscp_rf_oob","49_35_3006",1,4.87876554283759,0.001599671213853
10,"lscp_rf_oob","48_453_1068",1,4.69768322638144,0.00148056452366984
10,"lscp_rf_oob","4_13_9812",1,4.73669060053891,0.00104424046247676
10,"lscp_rf_oob","4_23_4",1,7.00337468999801,0.023482569667643
10,"lscp_rf_oob","6_1_11",1,5.85711406970456,0.00278846718470258
10,"lscp_rf_oob","6_7_8",1,7.16089665898298,0.0144181209850702
10,"lscp_rf_oob","6_67_10",1,5.290737754425,0.000645965133949681
10,"lscp_rf_oob","8_31_27",1,4.313216821648,0.000697638179210555
10,"lscp_rf_oob","12_1_3012",1,5.21695231595888,0.0193206572927889
10,"lscp_rf_oob","17_19_1001",1,5.43787445085494,0.016300682371353
10,"lscp_rf_oob","17_197_1002",1,4.97638280868864,0.00604487682176846
10,"lscp_rf_oob","18_5_8",1,5.25067737894963,0.0142894806013628
10,"lscp_rf_oob","18_67_4",1,5.17010690302699,0.0121917966221116
10,"lscp_rf_oob","18_89_34",1,4.57680701150662,0.00264042934972887
10,"lscp_rf_oob","18_157_8",1,5.3961104112215,0.0197806372596356
10,"lscp_rf_oob","21_59_5",1,5.22359295596983,0.0111930615073383
10,"lscp_rf_oob","21_111_1041",1,4.34177013453666,0.00238270100952189
10,"lscp_rf_oob","25_3_6001",1,4.42454779622542,0.00519308223389544
10,"lscp_rf_oob","27_145_3052",1,5.55568836049364,0.011544300765753
10,"lscp_rf_oob","33_11_5001",1,4.57304850921478,0.00723101793664765
10,"lscp_rf_oob","34_23_11",1,4.46795943732173,0.00601356531701103
10,"lscp_rf_oob","37_119_45",1,3.97182330254641,0.00174735488040907
10,"lscp_rf_oob","39_23_5",1,5.22253120882502,0.0145529870417633
10,"lscp_rf_oob","39_61_6",1,4.34568502919796,0.0029696218569201
10,"lscp_rf_oob","39_135_1001",1,5.14894753267077,0.0108244068601902
10,"lscp_rf_oob","40_121_415",1,5.83092133693107,0.0326978796868241
10,"lscp_rf_oob","47_99_3",1,5.38736692618927,0.017009277331403
10,"lscp_rf_oob","56_21_100",1,6.03388685113083,0.0144355817538604
10,"lscp_rf_oob","53_11_24",1,7.54768859528621,0.0376868248007904
10,"lscp_rf_oob","53_33_57",1,5.09512987699573,0.000535003382806994
10,"lscp_rf_oob","53_47_13",1,7.2391703812589,0.026766954721678
10,"w_fc","6_61_3",1,5.03060536737036,0.00561612555389433
10,"w_fc","6_65_500",1,5.40249215882066,0.0190497124762206
10,"w_fc","32_5_7",1,5.25943554922413,0.00612441145762797
10,"w_fc","45_45_15",1,5.36262490129757,0.0101414338546643
10,"w_fc","48_43_101",1,6.32089209472319,0.065194962335472
10,"w_fc","49_35_3006",1,4.79164220644105,0.001599671213853
10,"w_fc","48_453_1068",1,5.09918462497705,0.00148056452366984
10,"w_fc","4_13_9812",1,4.79777198424288,0.00104424046247676
10,"w_fc","4_23_4",1,5.38930938148476,0.023482569667643
10,"w_fc","6_1_11",1,4.80295616450215,0.00278846718470258
10,"w_fc","6_7_8",1,5.3668698099821,0.0144181209850702
10,"w_fc","6_67_10",1,4.88989203566833,0.000645965133949681
10,"w_fc","8_31_27",1,4.81509737422316,0.000697638179210555
10,"w_fc","12_1_3012",1,5.61725304342757,0.0193206572927889
10,"w_fc","17_19_1001",1,5.39420668707001,0.016300682371353
10,"w_fc","17_197_1002",1,5.09064520417908,0.00604487682176846
10,"w_fc","18_5_8",1,5.25420730882963,0.0142894806013628
10,"w_fc","18_67_4",1,5.31674301898693,0.0121917966221116
10,"w_fc","18_89_34",1,4.89924229276099,0.00264042934972887
10,"w_fc","18_157_8",1,5.44178741223424,0.0197806372596356
10,"w_fc","21_59_5",1,5.37409241803609,0.0111930615073383
10,"w_fc","21_111_1041",1,4.91436459921789,0.00238270100952189
10,"w_fc","25_3_6001",1,5.05479048293354,0.00519308223389544
10,"w_fc","27_145_3052",1,5.42323154999082,0.011544300765753
10,"w_fc","33_11_5001",1,5.08066211439967,0.00723101793664765
10,"w_fc","34_23_11",1,4.93863498769304,0.00601356531701103
10,"w_fc","37_119_45",1,4.97129075637865,0.00174735488040907
10,"w_fc","39_23_5",1,5.29172902369956,0.0145529870417633
10,"w_fc","39_61_6",1,4.94076163984121,0.0029696218569201
10,"w_fc","39_135_1001",1,5.23921104606016,0.0108244068601902
10,"w_fc","40_121_415",1,5.79260765804825,0.0326978796868241
10,"w_fc","47_99_3",1,5.47022970159693,0.017009277331403
10,"w_fc","56_21_100",1,5.41917263594146,0.0144355817538604
10,"w_fc","53_11_24",1,5.89894857510168,0.0376868248007904
10,"w_fc","53_33_57",1,4.8177877401757,0.000535003382806994
10,"w_fc","53_47_13",1,5.82685103821108,0.026766954721678
11,"naive","12_57_113",1,6.24638902414798,0.0109440682901583
11,"naive","19_139_15",1,6.24638902414798,0.0104215762532834
11,"naive","20_195_1",1,6.24638902414798,0.0535946250039579
11,"naive","26_49_21",1,6.24638902414798,0.0174760007890095
11,"naive","26_65_18",1,6.24638902414798,0.0212183159170673
11,"naive","48_201_1034",1,6.24638902414798,0.00114794452227547
11,"naive","49_35_3014",1,6.24638902414798,0.0020239955327055
11,"naive","6_1_9",1,6.24638902414798,0.00218346319515515
11,"naive","6_41_1",1,6.24638902414798,0.00313674651186875
11,"naive","6_77_2010",1,6.24638902414798,0.0127780785858223
11,"naive","6_99_5",0,6.24638902414798,0.0128702925547434
11,"naive","6_111_1004",1,6.24638902414798,0.00512585270307929
11,"naive","12_33_4",1,6.24638902414798,0.0282725693102547
11,"naive","27_109_5008",1,6.24638902414798,0.0221990597977127
11,"naive","28_49_21",1,6.24638902414798,0.000984158137882006
11,"naive","32_3_24",0,6.24638902414798,0.0169962848126064
11,"naive","34_3_10",1,6.24638902414798,0.00393034929608602
11,"naive","34_29_2002",1,6.24638902414798,0.0123577858952627
11,"naive","37_21_34",1,6.24638902414798,0.01276098258896
11,"naive","38_57_4",1,6.24638902414798,0.00630122802939246
11,"naive","39_49_38",1,6.24638902414798,0.0145529870417633
11,"naive","40_109_1037",1,6.24638902414798,0.00340727385803895
11,"naive","46_103_20",1,6.24638902414798,0.0135127265030924
11,"naive","50_7_7",1,6.24638902414798,0.0226549984113367
11,"naive","51_59_31",1,6.24638902414798,0.00149642614310519
11,"naive","55_25_41",1,6.24638902414798,0.0158580827173234
11,"naive","55_25_47",1,6.24638902414798,0.017391075261468
11,"naive","55_41_7",1,6.24638902414798,0.018724089522901
11,"naive","55_111_7",1,6.24638902414798,0.0187709104561357
11,"naive","56_1_11",1,6.24638902414798,0.0156900446273566
11,"naive","36_5_110",1,6.24638902414798,0.00246224558177513
11,"naive","48_201_24",1,6.24638902414798,0.00199097304227012
11,"naive","53_61_20",0,6.24638902414798,0.0104807309523445
11,"naive","53_63_17",1,6.24638902414798,0.0332546962120323
11,"naive","53_77_9",1,6.24638902414798,0.00605314325543704
11,"naive","42_27_100",1,6.24638902414798,0.0113629431211271
11,"gscp_rf_oob","12_57_113",1,5.71768689707355,0.0109440682901583
11,"gscp_rf_oob","19_139_15",1,5.80198115754979,0.0104215762532834
11,"gscp_rf_oob","20_195_1",1,6.34528697379465,0.0535946250039579
11,"gscp_rf_oob","26_49_21",1,6.01719996080855,0.0174760007890095
11,"gscp_rf_oob","26_65_18",1,6.05999507917957,0.0212183159170673
11,"gscp_rf_oob","48_201_1034",1,3.60007906744093,0.00114794452227547
11,"gscp_rf_oob","49_35_3014",1,3.71114616885893,0.0020239955327055
11,"gscp_rf_oob","6_1_9",1,3.95355754023622,0.00218346319515515
11,"gscp_rf_oob","6_41_1",0,4.62194926746738,0.00313674651186875
11,"gscp_rf_oob","6_77_2010",1,5.58353198175904,0.0127780785858223
11,"gscp_rf_oob","6_99_5",0,5.59913731169265,0.0128702925547434
11,"gscp_rf_oob","6_111_1004",1,4.94994732255554,0.00512585270307929
11,"gscp_rf_oob","12_33_4",1,6.30399534212411,0.0282725693102547
11,"gscp_rf_oob","27_109_5008",1,6.12444658447277,0.0221990597977127
11,"gscp_rf_oob","28_49_21",1,4.1172716650804,0.000984158137882006
11,"gscp_rf_oob","32_3_24",1,6.06413083239101,0.0169962848126064
11,"gscp_rf_oob","34_3_10",1,4.66172807389114,0.00393034929608602
11,"gscp_rf_oob","34_29_2002",1,5.55406367550884,0.0123577858952627
11,"gscp_rf_oob","37_21_34",1,5.62860167489882,0.01276098258896
11,"gscp_rf_oob","38_57_4",1,5.25485396293969,0.00630122802939246
11,"gscp_rf_oob","39_49_38",1,6.00483553541629,0.0145529870417633
11,"gscp_rf_oob","40_109_1037",1,4.72728407432563,0.00340727385803895
11,"gscp_rf_oob","46_103_20",1,6.0048639160415,0.0135127265030924
11,"gscp_rf_oob","50_7_7",1,6.21836164707863,0.0226549984113367
11,"gscp_rf_oob","51_59_31",1,4.1168758600148,0.00149642614310519
11,"gscp_rf_oob","55_25_41",1,6.00136735563535,0.0158580827173234
11,"gscp_rf_oob","55_25_47",1,6.03958050748345,0.017391075261468
11,"gscp_rf_oob","55_41_7",1,6.14620906370727,0.018724089522901
11,"gscp_rf_oob","55_111_7",1,6.08670886938295,0.0187709104561357
11,"gscp_rf_oob","56_1_11",1,6.05180464471452,0.0156900446273566
11,"gscp_rf_oob","36_5_110",1,4.38341759327115,0.00246224558177513
11,"gscp_rf_oob","48_201_24",1,3.99897729449687,0.00199097304227012
11,"gscp_rf_oob","53_61_20",0,5.74907976944046,0.0104807309523445
11,"gscp_rf_oob","53_63_17",1,6.3193086210233,0.0332546962120323
11,"gscp_rf_oob","53_77_9",1,5.03750035948639,0.00605314325543704
11,"gscp_rf_oob","42_27_100",1,5.6731676873882,0.0113629431211271
11,"lscp_rf_oob","12_57_113",1,4.85315928671684,0.0109440682901583
11,"lscp_rf_oob","19_139_15",1,5.47199883473307,0.0104215762532834
11,"lscp_rf_oob","20_195_1",1,6.34528697379465,0.0535946250039579
11,"lscp_rf_oob","26_49_21",1,5.41881151489735,0.0174760007890095
11,"lscp_rf_oob","26_65_18",1,5.59472046820527,0.0212183159170673
11,"lscp_rf_oob","48_201_1034",1,3.41750363079721,0.00114794452227547
11,"lscp_rf_oob","49_35_3014",1,4.12294355273025,0.0020239955327055
11,"lscp_rf_oob","6_1_9",1,4.7358616144847,0.00218346319515515
11,"lscp_rf_oob","6_41_1",1,5.53651031940885,0.00313674651186875
11,"lscp_rf_oob","6_77_2010",1,6.68836472380783,0.0127780785858223
11,"lscp_rf_oob","6_99_5",0,6.70705793422954,0.0128702925547434
11,"lscp_rf_oob","6_111_1004",1,5.67592421702145,0.00512585270307929
11,"lscp_rf_oob","12_33_4",1,5.56305121593061,0.0282725693102547
11,"lscp_rf_oob","27_109_5008",1,5.81384965356812,0.0221990597977127
11,"lscp_rf_oob","28_49_21",1,3.80115557138464,0.000984158137882006
11,"lscp_rf_oob","32_3_24",1,6.76798327601296,0.0169962848126064
11,"lscp_rf_oob","34_3_10",0,4.19813633096001,0.00393034929608602
11,"lscp_rf_oob","34_29_2002",1,5.00173243291656,0.0123577858952627
11,"lscp_rf_oob","37_21_34",1,4.96704037553816,0.01276098258896
11,"lscp_rf_oob","38_57_4",1,5.42638579288645,0.00630122802939246
11,"lscp_rf_oob","39_49_38",1,5.40767668621838,0.0145529870417633
11,"lscp_rf_oob","40_109_1037",1,4.63957266556346,0.00340727385803895
11,"lscp_rf_oob","46_103_20",1,6.23540519449839,0.0135127265030924
11,"lscp_rf_oob","50_7_7",1,5.59996840996752,0.0226549984113367
11,"lscp_rf_oob","51_59_31",1,3.63299622159521,0.00149642614310519
11,"lscp_rf_oob","55_25_41",1,5.66004512684595,0.0158580827173234
11,"lscp_rf_oob","55_25_47",1,5.69608494095534,0.017391075261468
11,"lscp_rf_oob","55_41_7",1,5.79664909646743,0.018724089522901
11,"lscp_rf_oob","55_111_7",1,5.74053292077365,0.0187709104561357
11,"lscp_rf_oob","56_1_11",1,6.28414809150549,0.0156900446273566
11,"lscp_rf_oob","36_5_110",1,3.94750280591133,0.00246224558177513
11,"lscp_rf_oob","48_201_24",1,3.79617201939216,0.00199097304227012
11,"lscp_rf_oob","53_61_20",0,6.592260273208,0.0104807309523445
11,"lscp_rf_oob","53_63_17",1,7.24612091798602,0.0332546962120323
11,"lscp_rf_oob","53_77_9",1,5.77631809400781,0.00605314325543704
11,"lscp_rf_oob","42_27_100",1,5.10899198806613,0.0113629431211271
11,"w_fc","12_57_113",1,4.66509483601506,0.0109440682901583
11,"w_fc","19_139_15",1,4.94291504409932,0.0104215762532834
11,"w_fc","20_195_1",1,6.16340767282274,0.0535946250039579
11,"w_fc","26_49_21",1,5.08918095543261,0.0174760007890095
11,"w_fc","26_65_18",1,5.19217217450193,0.0212183159170673
11,"w_fc","48_201_1034",1,4.32437621703823,0.00114794452227547
11,"w_fc","49_35_3014",1,4.2827284036473,0.0020239955327055
11,"w_fc","6_1_9",1,4.35917555979602,0.00218346319515515
11,"w_fc","6_41_1",1,4.55554735245818,0.00313674651186875
11,"w_fc","6_77_2010",1,4.65810684435337,0.0127780785858223
11,"w_fc","6_99_5",0,4.69300886797943,0.0128702925547434
11,"w_fc","6_111_1004",1,4.66843869427444,0.00512585270307929
11,"w_fc","12_33_4",1,5.91182810825241,0.0282725693102547
11,"w_fc","27_109_5008",1,5.38920077216739,0.0221990597977127
11,"w_fc","28_49_21",1,4.92050581442801,0.000984158137882006
11,"w_fc","32_3_24",1,5.38672477617376,0.0169962848126064
11,"w_fc","34_3_10",1,4.49578552209486,0.00393034929608602
11,"w_fc","34_29_2002",1,4.94367563894573,0.0123577858952627
11,"w_fc","37_21_34",1,4.99917437908115,0.01276098258896
11,"w_fc","38_57_4",1,4.92292586477024,0.00630122802939246
11,"w_fc","39_49_38",1,5.30529074018972,0.0145529870417633
11,"w_fc","40_109_1037",1,4.82523058090966,0.00340727385803895
11,"w_fc","46_103_20",1,5.42496523451176,0.0135127265030924
11,"w_fc","50_7_7",1,5.14762895498002,0.0226549984113367
11,"w_fc","51_59_31",1,4.50437805085836,0.00149642614310519
11,"w_fc","55_25_41",1,5.19506701923297,0.0158580827173234
11,"w_fc","55_25_47",1,5.21311812190915,0.017391075261468
11,"w_fc","55_41_7",1,5.49449415318467,0.018724089522901
11,"w_fc","55_111_7",1,5.24378952006795,0.0187709104561357
11,"w_fc","56_1_11",1,4.83882320790432,0.0156900446273566
11,"w_fc","36_5_110",1,4.47484303756739,0.00246224558177513
11,"w_fc","48_201_24",1,4.43937364007195,0.00199097304227012
11,"w_fc","53_61_20",0,5.13755561085576,0.0104807309523445
11,"w_fc","53_63_17",1,5.3103605809993,0.0332546962120323
11,"w_fc","53_77_9",1,4.96940744640379,0.00605314325543704
11,"w_fc","42_27_100",1,5.03528390887349,0.0113629431211271
12,"naive","6_65_8005",0,5.60013743602143,0.00265527098610065
12,"naive","6_79_2020",1,5.60013743602143,0.00535680852962732
12,"naive","6_83_2011",0,5.60013743602143,0.00278504410067992
12,"naive","42_3_64",0,5.60013743602143,0.00193979011036062
12,"naive","45_83_11",1,5.60013743602143,0.0101414338546643
12,"naive","48_273_314",0,5.60013743602143,0.0362313447833275
12,"naive","49_13_2",1,5.60013743602143,0.0237248450653053
12,"naive","6_47_2510",1,5.60013743602143,0.00111429456003605
12,"naive","6_57_5",1,5.60013743602143,0.0108488158446298
12,"naive","6_85_6",1,5.60013743602143,0.00090731962214481
12,"naive","13_245_91",1,5.60013743602143,0.0196608973379639
12,"naive","17_43_4002",1,5.60013743602143,0.00883665933457886
12,"naive","17_115_13",1,5.60013743602143,0.0112715115284676
12,"naive","24_43_9",1,5.60013743602143,0.00972848848917447
12,"naive","25_17_10",1,5.60013743602143,0.00748407983570186
12,"naive","25_25_42",1,5.60013743602143,0.000543752346303069
12,"naive","27_53_963",1,5.60013743602143,0.000289689322173571
12,"naive","27_137_7554",0,5.60013743602143,0.00587860362713971
12,"naive","28_33_2",1,5.60013743602143,0.0302736556147694
12,"naive","30_83_2",1,5.60013743602143,0.0239239693857442
12,"naive","32_3_73",1,5.60013743602143,0.00136903172428903
12,"naive","34_1_6",1,5.60013743602143,0.0108616883708288
12,"naive","37_35_4",1,5.60013743602143,0.0144424069551306
12,"naive","39_61_40",1,5.60013743602143,0.000772735835141152
12,"naive","40_31_651",1,5.60013743602143,0.0215973905545426
12,"naive","47_37_40",1,5.60013743602143,0.00413761881169364
12,"naive","48_453_21",1,5.60013743602143,0.021818727193607
12,"naive","55_63_12",1,5.60013743602143,0.0157033495452728
12,"naive","55_79_56",1,5.60013743602143,0.00208013438532681
12,"naive","29_95_42",1,5.60013743602143,0.00266418757839836
12,"naive","36_81_124",1,5.60013743602143,0.00393034929608602
12,"naive","48_245_21",1,5.60013743602143,0.00668062110514875
12,"naive","42_51_524",1,5.60013743602143,0.00592247259683372
12,"naive","42_91_13",1,5.60013743602143,0.00358286572996682
12,"naive","42_131_10",1,5.60013743602143,0.00811805009071817
12,"naive","6_31_4",0,5.60013743602143,0.0172831609872772
12,"gscp_rf_oob","6_65_8005",1,4.31579269642901,0.00265527098610065
12,"gscp_rf_oob","6_79_2020",1,4.52335044337427,0.00535680852962732
12,"gscp_rf_oob","6_83_2011",0,4.47513953923039,0.00278504410067992
12,"gscp_rf_oob","42_3_64",0,4.04877036166145,0.00193979011036062
12,"gscp_rf_oob","45_83_11",1,4.77586945799296,0.0101414338546643
12,"gscp_rf_oob","48_273_314",0,5.40736692080052,0.0362313447833275
12,"gscp_rf_oob","49_13_2",1,5.26583464335712,0.0237248450653053
12,"gscp_rf_oob","6_47_2510",1,4.36733757121275,0.00111429456003605
12,"gscp_rf_oob","6_57_5",1,4.78785938013257,0.0108488158446298
12,"gscp_rf_oob","6_85_6",1,4.14729148380319,0.00090731962214481
12,"gscp_rf_oob","13_245_91",1,5.15809877152279,0.0196608973379639
12,"gscp_rf_oob","17_43_4002",1,4.52105056177776,0.00883665933457886
12,"gscp_rf_oob","17_115_13",1,5.00119890698402,0.0112715115284676
12,"gscp_rf_oob","24_43_9",0,4.6034380228145,0.00972848848917447
12,"gscp_rf_oob","25_17_10",1,4.47422945906341,0.00748407983570186
12,"gscp_rf_oob","25_25_42",1,4.11106139019035,0.000543752346303069
12,"gscp_rf_oob","27_53_963",1,4.1545235477938,0.000289689322173571
12,"gscp_rf_oob","27_137_7554",1,4.75798163369979,0.00587860362713971
12,"gscp_rf_oob","28_33_2",1,5.32934932067809,0.0302736556147694
12,"gscp_rf_oob","30_83_2",1,5.31020060299879,0.0239239693857442
12,"gscp_rf_oob","32_3_73",1,4.06752225631773,0.00136903172428903
12,"gscp_rf_oob","34_1_6",1,4.7594772991934,0.0108616883708288
12,"gscp_rf_oob","37_35_4",1,4.78201268099938,0.0144424069551306
12,"gscp_rf_oob","39_61_40",1,4.02824612829467,0.000772735835141152
12,"gscp_rf_oob","40_31_651",1,5.2287047913117,0.0215973905545426
12,"gscp_rf_oob","47_37_40",1,4.62159106548732,0.00413761881169364
12,"gscp_rf_oob","48_453_21",1,5.14701646604246,0.021818727193607
12,"gscp_rf_oob","55_63_12",1,5.07851977420567,0.0157033495452728
12,"gscp_rf_oob","55_79_56",1,4.34466381565351,0.00208013438532681
12,"gscp_rf_oob","29_95_42",1,4.31418035091111,0.00266418757839836
12,"gscp_rf_oob","36_81_124",1,4.22261730539824,0.00393034929608602
12,"gscp_rf_oob","48_245_21",1,4.53564450010358,0.00668062110514875
12,"gscp_rf_oob","42_51_524",1,4.55400333531173,0.00592247259683372
12,"gscp_rf_oob","42_91_13",1,4.08865290070613,0.00358286572996682
12,"gscp_rf_oob","42_131_10",1,4.59846359446576,0.00811805009071817
12,"gscp_rf_oob","6_31_4",0,4.86390132487402,0.0172831609872772
12,"lscp_rf_oob","6_65_8005",1,5.34429833150119,0.00265527098610065
12,"lscp_rf_oob","6_79_2020",1,5.6013196016858,0.00535680852962732
12,"lscp_rf_oob","6_83_2011",1,5.5416194555714,0.00278504410067992
12,"lscp_rf_oob","42_3_64",0,3.70543495120325,0.00193979011036062
12,"lscp_rf_oob","45_83_11",1,4.3708761009526,0.0101414338546643
12,"lscp_rf_oob","48_273_314",0,5.36988092815029,0.0362313447833275
12,"lscp_rf_oob","49_13_2",1,6.24522379618399,0.0237248450653053
12,"lscp_rf_oob","6_47_2510",1,5.40812697381111,0.00111429456003605
12,"lscp_rf_oob","6_57_5",1,6.13471322323867,0.0108488158446298
12,"lscp_rf_oob","6_85_6",1,5.31394969783096,0.00090731962214481
12,"lscp_rf_oob","13_245_91",1,4.72069239854737,0.0196608973379639
12,"lscp_rf_oob","17_43_4002",1,4.16428463168437,0.00883665933457886
12,"lscp_rf_oob","17_115_13",1,4.64784605073817,0.0112715115284676
12,"lscp_rf_oob","24_43_9",0,4.2130668380103,0.00972848848917447
12,"lscp_rf_oob","25_17_10",1,4.00333571591889,0.00748407983570186
12,"lscp_rf_oob","25_25_42",1,3.67838955160099,0.000543752346303069
12,"lscp_rf_oob","27_53_963",1,3.95590304110743,0.000289689322173571
12,"lscp_rf_oob","27_137_7554",1,4.53051085106535,0.00587860362713971
12,"lscp_rf_oob","28_33_2",1,4.90879877801027,0.0302736556147694
12,"lscp_rf_oob","30_83_2",1,5.98020557364947,0.0239239693857442
12,"lscp_rf_oob","32_3_73",1,4.99657439108692,0.00136903172428903
12,"lscp_rf_oob","34_1_6",1,4.25856242628974,0.0108616883708288
12,"lscp_rf_oob","37_35_4",1,4.37649837912786,0.0144424069551306
12,"lscp_rf_oob","39_61_40",1,3.69086882078651,0.000772735835141152
12,"lscp_rf_oob","40_31_651",1,5.2287047913117,0.0215973905545426
12,"lscp_rf_oob","47_37_40",1,4.2568912656378,0.00413761881169364
12,"lscp_rf_oob","48_453_21",1,5.11133532506523,0.021818727193607
12,"lscp_rf_oob","55_63_12",1,4.7721327554652,0.0157033495452728
12,"lscp_rf_oob","55_79_56",1,4.03769754671642,0.00208013438532681
12,"lscp_rf_oob","29_95_42",1,4.10792693162567,0.00266418757839836
12,"lscp_rf_oob","36_81_124",1,3.7782046781518,0.00393034929608602
12,"lscp_rf_oob","48_245_21",1,4.31880326707261,0.00668062110514875
12,"lscp_rf_oob","42_51_524",1,4.1678242081469,0.00592247259683372
12,"lscp_rf_oob","42_91_13",1,3.65833946094008,0.00358286572996682
12,"lscp_rf_oob","42_131_10",1,4.20851424079704,0.00811805009071817
12,"lscp_rf_oob","6_31_4",0,6.02302788005058,0.0172831609872772
12,"w_fc","6_65_8005",1,4.51918624857462,0.00265527098610065
12,"w_fc","6_79_2020",1,4.6455732144469,0.00535680852962732
12,"w_fc","6_83_2011",0,4.66007175235296,0.00278504410067992
12,"w_fc","42_3_64",0,4.43442441044164,0.00193979011036062
12,"w_fc","45_83_11",1,4.75052194408752,0.0101414338546643
12,"w_fc","48_273_314",0,4.97389243731336,0.0362313447833275
12,"w_fc","49_13_2",1,4.86690363679752,0.0237248450653053
12,"w_fc","6_47_2510",1,4.56268740222871,0.00111429456003605
12,"w_fc","6_57_5",1,4.64670924731772,0.0108488158446298
12,"w_fc","6_85_6",1,4.48824138461147,0.00090731962214481
12,"w_fc","13_245_91",1,4.89278506267017,0.0196608973379639
12,"w_fc","17_43_4002",1,4.5824439673498,0.00883665933457886
12,"w_fc","17_115_13",1,4.76549704559992,0.0112715115284676
12,"w_fc","24_43_9",1,4.66080039959222,0.00972848848917447
12,"w_fc","25_17_10",1,4.50838348773923,0.00748407983570186
12,"w_fc","25_25_42",1,4.43065962834127,0.000543752346303069
12,"w_fc","27_53_963",1,4.4921447498721,0.000289689322173571
12,"w_fc","27_137_7554",1,4.68870303182034,0.00587860362713971
12,"w_fc","28_33_2",1,4.93258754063076,0.0302736556147694
12,"w_fc","30_83_2",1,5.1159380269895,0.0239239693857442
12,"w_fc","32_3_73",1,4.45125494927172,0.00136903172428903
12,"w_fc","34_1_6",1,4.74198696198405,0.0108616883708288
12,"w_fc","37_35_4",1,4.72552713708017,0.0144424069551306
12,"w_fc","39_61_40",1,4.46287637869534,0.000772735835141152
12,"w_fc","40_31_651",1,5.0189821946848,0.0215973905545426
12,"w_fc","47_37_40",1,4.69837865564836,0.00413761881169364
12,"w_fc","48_453_21",1,4.66865723735419,0.021818727193607
12,"w_fc","55_63_12",1,4.82194224658624,0.0157033495452728
12,"w_fc","55_79_56",1,4.58595269142436,0.00208013438532681
12,"w_fc","29_95_42",1,4.57852432066781,0.00266418757839836
12,"w_fc","36_81_124",1,4.51207111889593,0.00393034929608602
12,"w_fc","48_245_21",1,4.74444073265454,0.00668062110514875
12,"w_fc","42_51_524",1,4.59780846107105,0.00592247259683372
12,"w_fc","42_91_13",1,4.44182699111316,0.00358286572996682
12,"w_fc","42_131_10",1,4.65746405483013,0.00811805009071817
12,"w_fc","6_31_4",0,4.62449089649767,0.0172831609872772
13,"naive","5_119_7",1,5.13338974521332,0.0397204112654851
13,"naive","6_83_2004",1,5.13338974521332,0.0103896221547926
13,"naive","10_3_2004",1,5.13338974521332,0.00331624747362627
13,"naive","11_1_43",1,5.13338974521332,0.0011507509610552
13,"naive","19_163_15",1,5.13338974521332,0.00133392956903181
13,"naive","26_163_97",1,5.13338974521332,0.00121974450582782
13,"naive","35_1_29",1,5.13338974521332,0.00116068214061257
13,"naive","40_115_9007",1,5.13338974521332,0.0234900975380246
13,"naive","49_35_3016",1,5.13338974521332,0.00271854781708884
13,"naive","80_26_6",1,5.13338974521332,0.00116508737493073
13,"naive","8_31_13",1,5.13338974521332,0.000943430529567938
13,"naive","8_123_6",1,5.13338974521332,0.00789341651419779
13,"naive","9_3_1003",1,5.13338974521332,0.00829782788951991
13,"naive","12_86_1016",1,5.13338974521332,0.00633494622406145
13,"naive","12_103_4",1,5.13338974521332,0.00390791137940138
13,"naive","13_185_3",1,5.13338974521332,0.0245310550559169
13,"naive","17_31_4007",1,5.13338974521332,0.00227611531473461
13,"naive","17_201_118",1,5.13338974521332,0.0207676634312779
13,"naive","18_89_22",1,5.13338974521332,0.00194262743985611
13,"naive","21_111_67",1,5.13338974521332,0.00139600664470581
13,"naive","24_31_3001",1,5.13338974521332,0.0049626808406693
13,"naive","25_27_23",1,5.13338974521332,0.0127295088746576
13,"naive","27_123_871",1,5.13338974521332,0.00385515942908172
13,"naive","30_29_49",1,5.13338974521332,0.0224494280126449
13,"naive","30_75_1",1,5.13338974521332,0.0283207073131295
13,"naive","30_81_7",1,5.13338974521332,0.0147708479181483
13,"naive","32_3_44",1,5.13338974521332,0.00252117443195213
13,"naive","39_103_4",1,5.13338974521332,0.00834131361540098
13,"naive","39_151_20",1,5.13338974521332,0.00670748338763008
13,"naive","46_65_3",0,5.13338974521332,0.0328727347027332
13,"naive","51_760_25",1,5.13338974521332,0.00157424562548231
13,"naive","55_125_1",1,5.13338974521332,0.018724089522901
13,"naive","56_39_1006",0,5.13338974521332,0.0224570593769436
13,"naive","23_1_11",0,5.13338974521332,0.0105710395522266
13,"naive","42_63_4",1,5.13338974521332,0.0101643981661212
13,"naive","42_69_2006",1,5.13338974521332,0.00729048335393243
13,"gscp_rf_oob","5_119_7",1,4.87792571372954,0.0397204112654851
13,"gscp_rf_oob","6_83_2004",0,4.63244124816719,0.0103896221547926
13,"gscp_rf_oob","10_3_2004",1,4.26506217501904,0.00331624747362627
13,"gscp_rf_oob","11_1_43",1,4.10943646669238,0.0011507509610552
13,"gscp_rf_oob","19_163_15",1,4.35510499188874,0.00133392956903181
13,"gscp_rf_oob","26_163_97",1,4.10182927812997,0.00121974450582782
13,"gscp_rf_oob","35_1_29",1,4.2553778371051,0.00116068214061257
13,"gscp_rf_oob","40_115_9007",1,4.79475383061347,0.0234900975380246
13,"gscp_rf_oob","49_35_3016",1,4.37281299083601,0.00271854781708884
13,"gscp_rf_oob","80_26_6",0,4.44433683736696,0.00116508737493073
13,"gscp_rf_oob","8_31_13",1,4.1629082964973,0.000943430529567938
13,"gscp_rf_oob","8_123_6",1,4.54122088547427,0.00789341651419779
13,"gscp_rf_oob","9_3_1003",1,4.44130469090958,0.00829782788951991
13,"gscp_rf_oob","12_86_1016",1,4.54670114752089,0.00633494622406145
13,"gscp_rf_oob","12_103_4",1,4.54657188973858,0.00390791137940138
13,"gscp_rf_oob","13_185_3",1,4.78243927804954,0.0245310550559169
13,"gscp_rf_oob","17_31_4007",1,4.36385851573499,0.00227611531473461
13,"gscp_rf_oob","17_201_118",1,4.62995889117571,0.0207676634312779
13,"gscp_rf_oob","18_89_22",1,4.24221901168629,0.00194262743985611
13,"gscp_rf_oob","21_111_67",1,4.18119237821761,0.00139600664470581
13,"gscp_rf_oob","24_31_3001",1,4.34807700854309,0.0049626808406693
13,"gscp_rf_oob","25_27_23",1,4.46521476521164,0.0127295088746576
13,"gscp_rf_oob","27_123_871",1,4.36824820370046,0.00385515942908172
13,"gscp_rf_oob","30_29_49",1,4.8485224052298,0.0224494280126449
13,"gscp_rf_oob","30_75_1",1,4.81061236370714,0.0283207073131295
13,"gscp_rf_oob","30_81_7",1,4.7423540012764,0.0147708479181483
13,"gscp_rf_oob","32_3_44",1,4.29229373177652,0.00252117443195213
13,"gscp_rf_oob","39_103_4",1,4.61200762640181,0.00834131361540098
13,"gscp_rf_oob","39_151_20",1,4.53903194365576,0.00670748338763008
13,"gscp_rf_oob","46_65_3",0,4.86079188435197,0.0328727347027332
13,"gscp_rf_oob","51_760_25",1,4.40636637733635,0.00157424562548231
13,"gscp_rf_oob","55_125_1",1,4.7591412097928,0.018724089522901
13,"gscp_rf_oob","56_39_1006",0,4.79134449499747,0.0224570593769436
13,"gscp_rf_oob","23_1_11",1,4.62498067315707,0.0105710395522266
13,"gscp_rf_oob","42_63_4",1,4.50924174931663,0.0101643981661212
13,"gscp_rf_oob","42_69_2006",1,4.4977149871972,0.00729048335393243
13,"lscp_rf_oob","5_119_7",1,4.8210881339476,0.0397204112654851
13,"lscp_rf_oob","6_83_2004",1,5.33428407700537,0.0103896221547926
13,"lscp_rf_oob","10_3_2004",1,4.01722701598003,0.00331624747362627
13,"lscp_rf_oob","11_1_43",1,3.88113949420582,0.0011507509610552
13,"lscp_rf_oob","19_163_15",1,4.25985533933268,0.00133392956903181
13,"lscp_rf_oob","26_163_97",1,3.91867166803326,0.00121974450582782
13,"lscp_rf_oob","35_1_29",1,4.42691420319175,0.00116068214061257
13,"lscp_rf_oob","40_115_9007",1,4.73888536943227,0.0234900975380246
13,"lscp_rf_oob","49_35_3016",1,4.75959402951883,0.00271854781708884
13,"lscp_rf_oob","80_26_6",1,4.83744425399227,0.00116508737493073
13,"lscp_rf_oob","8_31_13",1,4.33071717008464,0.000943430529567938
13,"lscp_rf_oob","8_123_6",1,4.67404453275146,0.00789341651419779
13,"lscp_rf_oob","9_3_1003",1,4.18322839348553,0.00829782788951991
13,"lscp_rf_oob","12_86_1016",1,4.29411223047756,0.00633494622406145
13,"lscp_rf_oob","12_103_4",1,4.2939901535242,0.00390791137940138
13,"lscp_rf_oob","13_185_3",1,4.51675408809007,0.0245310550559169
13,"lscp_rf_oob","17_31_4007",1,4.26841741656478,0.00227611531473461
13,"lscp_rf_oob","17_201_118",1,4.52869796255179,0.0207676634312779
13,"lscp_rf_oob","18_89_22",1,4.14943826640405,0.00194262743985611
13,"lscp_rf_oob","21_111_67",1,4.03349368651978,0.00139600664470581
13,"lscp_rf_oob","24_31_3001",1,4.10652252163608,0.0049626808406693
13,"lscp_rf_oob","25_27_23",1,4.20574909599789,0.0127295088746576
13,"lscp_rf_oob","27_123_871",1,4.31734938515423,0.00385515942908172
13,"lscp_rf_oob","30_29_49",1,5.27738056493198,0.0224494280126449
13,"lscp_rf_oob","30_75_1",1,4.9513152926988,0.0283207073131295
13,"lscp_rf_oob","30_81_7",1,5.16182142653774,0.0147708479181483
13,"lscp_rf_oob","32_3_44",1,4.9416749298797,0.00252117443195213
13,"lscp_rf_oob","39_103_4",1,4.40606919324872,0.00834131361540098
13,"lscp_rf_oob","39_151_20",1,4.28686908406288,0.00670748338763008
13,"lscp_rf_oob","46_65_3",0,4.94627955338661,0.0328727347027332
13,"lscp_rf_oob","51_760_25",1,4.16157366384244,0.00157424562548231
13,"lscp_rf_oob","55_125_1",1,4.70368770679177,0.018724089522901
13,"lscp_rf_oob","56_39_1006",0,5.20742630812626,0.0224570593769436
13,"lscp_rf_oob","23_1_11",1,4.3562312918707,0.0105710395522266
13,"lscp_rf_oob","42_63_4",1,4.25873386388688,0.0101643981661212
13,"lscp_rf_oob","42_69_2006",1,4.24784746326611,0.00729048335393243
13,"w_fc","5_119_7",1,5.59800985307202,0.0397204112654851
13,"w_fc","6_83_2004",1,4.89358856399783,0.0103896221547926
13,"w_fc","10_3_2004",1,4.44910861245943,0.00331624747362627
13,"w_fc","11_1_43",1,4.44163767579012,0.0011507509610552
13,"w_fc","19_163_15",1,4.69702537410797,0.00133392956903181
13,"w_fc","26_163_97",1,4.39423746475461,0.00121974450582782
13,"w_fc","35_1_29",1,4.59901206092725,0.00116068214061257
13,"w_fc","40_115_9007",1,5.11169307928831,0.0234900975380246
13,"w_fc","49_35_3016",1,4.47946748439955,0.00271854781708884
13,"w_fc","80_26_6",1,4.99421595159297,0.00116508737493073
13,"w_fc","8_31_13",1,4.44167474556548,0.000943430529567938
13,"w_fc","8_123_6",1,4.83953030070517,0.00789341651419779
13,"w_fc","9_3_1003",1,4.56716288645826,0.00829782788951991
13,"w_fc","12_86_1016",1,4.87248692690121,0.00633494622406145
13,"w_fc","12_103_4",1,4.7784403447642,0.00390791137940138
13,"w_fc","13_185_3",1,5.37360794044932,0.0245310550559169
13,"w_fc","17_31_4007",1,4.60117025564339,0.00227611531473461
13,"w_fc","17_201_118",1,4.94802303997073,0.0207676634312779
13,"w_fc","18_89_22",1,4.53435611947749,0.00194262743985611
13,"w_fc","21_111_67",1,4.48663085904381,0.00139600664470581
13,"w_fc","24_31_3001",1,4.57902404946556,0.0049626808406693
13,"w_fc","25_27_23",1,4.65800855500452,0.0127295088746576
13,"w_fc","27_123_871",1,4.59717302574959,0.00385515942908172
13,"w_fc","30_29_49",1,5.43338711400299,0.0224494280126449
13,"w_fc","30_75_1",1,5.32773710023008,0.0283207073131295
13,"w_fc","30_81_7",1,5.14246602483071,0.0147708479181483
13,"w_fc","32_3_44",1,4.44617487617003,0.00252117443195213
13,"w_fc","39_103_4",0,4.85330667060655,0.00834131361540098
13,"w_fc","39_151_20",1,4.8112421994861,0.00670748338763008
13,"w_fc","46_65_3",0,5.54891571246454,0.0328727347027332
13,"w_fc","51_760_25",1,4.84252706948054,0.00157424562548231
13,"w_fc","55_125_1",1,5.19046038388305,0.018724089522901
13,"w_fc","56_39_1006",0,5.24428838098902,0.0224570593769436
13,"w_fc","23_1_11",1,4.98038452162412,0.0105710395522266
13,"w_fc","42_63_4",1,4.73886224042087,0.0101643981661212
13,"w_fc","42_69_2006",1,4.80688756176381,0.00729048335393243
14,"naive","6_19_500",1,5.80531612876475,0.00423494840838688
14,"naive","6_37_4008",1,5.80531612876475,0.00102901222417062
14,"naive","6_79_2004",1,5.80531612876475,0.000795029983620286
14,"naive","26_17_14",1,5.80531612876475,0.0134527761959081
14,"naive","35_1_23",1,5.80531612876475,0.00155782454786447
14,"naive","41_39_2013",0,5.80531612876475,0.0101938936030014
14,"naive","42_7_14",1,5.80531612876475,0.00763293629402937
14,"naive","42_45_2",1,5.80531612876475,0.000877920779077152
14,"naive","45_19_48",1,5.80531612876475,0.0308973435363705
14,"naive","48_41_1086",1,5.80531612876475,0.0254514811169427
14,"naive","49_5_7",1,5.80531612876475,0.0134940795687367
14,"naive","20_91_10",1,5.80531612876475,0.00370459054019311
14,"naive","4_13_2001",1,5.80531612876475,0.00257334009107219
14,"naive","4_13_4003",0,5.80531612876475,0.00286253854923653
14,"naive","4_19_11",1,5.80531612876475,0.0247024721792081
14,"naive","4_27_8011",1,5.80531612876475,0.0178141694694777
14,"naive","6_47_3",1,5.80531612876475,0.00111429456003605
14,"naive","6_111_3001",1,5.80531612876475,0.00512585270307929
14,"naive","8_35_4",1,5.80531612876475,0.00497931036007929
14,"naive","8_69_9",1,5.80531612876475,0.0194189295264743
14,"naive","12_31_108",1,5.80531612876475,0.00315286755298284
14,"naive","18_19_10",1,5.80531612876475,0.0021446283631931
14,"naive","21_227_9",1,5.80531612876475,0.0217612551657095
14,"naive","27_7_2304",1,5.80531612876475,0.0139410427543664
14,"naive","27_37_480",1,5.80531612876475,0.00115746208312837
14,"naive","32_3_299",1,5.80531612876475,0.00238670880785302
14,"naive","33_9_10",0,5.80531612876475,0.0119102734569442
14,"naive","37_131_3",1,5.80531612876475,0.0222057960610072
14,"naive","38_7_2",1,5.80531612876475,0.0287722019260158
14,"naive","38_25_4",1,5.80531612876475,0.0147346331234174
14,"naive","46_29_2",1,5.80531612876475,0.0146111989370926
14,"naive","46_71_1",1,5.80531612876475,0.0552192206721266
14,"naive","55_3_10",0,5.80531612876475,0.0370076988838206
14,"naive","56_33_2",1,5.80531612876475,0.028211148970847
14,"naive","36_67_1015",1,5.80531612876475,0.0266132764970883
14,"naive","33_15_14",1,5.80531612876475,0.00979705796283544
14,"gscp_rf_oob","6_19_500",1,4.92691779071049,0.00423494840838688
14,"gscp_rf_oob","6_37_4008",1,2.09332395713233,0.00102901222417062
14,"gscp_rf_oob","6_79_2004",0,2.42237137912093,0.000795029983620286
14,"gscp_rf_oob","26_17_14",1,7.46131403528818,0.0134527761959081
14,"gscp_rf_oob","35_1_23",0,2.26091709475735,0.00155782454786447
14,"gscp_rf_oob","41_39_2013",0,7.10497115383212,0.0101938936030014
14,"gscp_rf_oob","42_7_14",1,5.75062682545994,0.00763293629402937
14,"gscp_rf_oob","42_45_2",1,2.2678805743122,0.000877920779077152
14,"gscp_rf_oob","45_19_48",1,7.77706372886636,0.0308973435363705
14,"gscp_rf_oob","48_41_1086",1,7.75670328722639,0.0254514811169427
14,"gscp_rf_oob","49_5_7",1,7.47956603071269,0.0134940795687367
14,"gscp_rf_oob","20_91_10",1,4.48814454827839,0.00370459054019311
14,"gscp_rf_oob","4_13_2001",1,3.99140705544417,0.00257334009107219
14,"gscp_rf_oob","4_13_4003",0,3.75281867168722,0.00286253854923653
14,"gscp_rf_oob","4_19_11",1,7.7502259345171,0.0247024721792081
14,"gscp_rf_oob","4_27_8011",1,7.68094803069671,0.0178141694694777
14,"gscp_rf_oob","6_47_3",1,2.66560690465279,0.00111429456003605
14,"gscp_rf_oob","6_111_3001",1,5.29001415830235,0.00512585270307929
14,"gscp_rf_oob","8_35_4",1,5.42581674979375,0.00497931036007929
14,"gscp_rf_oob","8_69_9",1,7.71170092802524,0.0194189295264743
14,"gscp_rf_oob","12_31_108",1,4.45094588675607,0.00315286755298284
14,"gscp_rf_oob","18_19_10",1,3.27281123136391,0.0021446283631931
14,"gscp_rf_oob","21_227_9",1,7.69166641590773,0.0217612551657095
14,"gscp_rf_oob","27_7_2304",1,7.51352004518527,0.0139410427543664
14,"gscp_rf_oob","27_37_480",1,2.59806779860813,0.00115746208312837
14,"gscp_rf_oob","32_3_299",1,2.81923384768345,0.00238670880785302
14,"gscp_rf_oob","33_9_10",1,7.24986146323552,0.0119102734569442
14,"gscp_rf_oob","37_131_3",1,7.72527000993303,0.0222057960610072
14,"gscp_rf_oob","38_7_2",1,7.77388589391201,0.0287722019260158
14,"gscp_rf_oob","38_25_4",1,7.54993732065734,0.0147346331234174
14,"gscp_rf_oob","46_29_2",1,7.55591433450303,0.0146111989370926
14,"gscp_rf_oob","46_71_1",1,7.78232276321075,0.0552192206721266
14,"gscp_rf_oob","55_3_10",1,7.78099910045194,0.0370076988838206
14,"gscp_rf_oob","56_33_2",1,7.7713462447632,0.028211148970847
14,"gscp_rf_oob","36_67_1015",1,7.76830140306472,0.0266132764970883
14,"gscp_rf_oob","33_15_14",1,6.88818136485731,0.00979705796283544
14,"lscp_rf_oob","6_19_500",1,5.7841855335415,0.00423494840838688
14,"lscp_rf_oob","6_37_4008",1,2.45755554774837,0.00102901222417062
14,"lscp_rf_oob","6_79_2004",0,3.28495207354603,0.000795029983620286
14,"lscp_rf_oob","26_17_14",1,6.55732036073312,0.0134527761959081
14,"lscp_rf_oob","35_1_23",0,2.49672736526634,0.00155782454786447
14,"lscp_rf_oob","41_39_2013",0,8.34121312957793,0.0101938936030014
14,"lscp_rf_oob","42_7_14",1,4.88686557719659,0.00763293629402937
14,"lscp_rf_oob","42_45_2",1,1.8539740816061,0.000877920779077152
14,"lscp_rf_oob","45_19_48",1,6.3576868851174,0.0308973435363705
14,"lscp_rf_oob","48_41_1086",1,7.24626530421215,0.0254514811169427
14,"lscp_rf_oob","49_5_7",1,8.38623482556005,0.0134940795687367
14,"lscp_rf_oob","20_91_10",1,4.39425319088601,0.00370459054019311
14,"lscp_rf_oob","4_13_2001",1,4.58685297623857,0.00257334009107219
14,"lscp_rf_oob","4_13_4003",0,4.31267151017166,0.00286253854923653
14,"lscp_rf_oob","4_19_11",1,8.84842752889355,0.0247024721792081
14,"lscp_rf_oob","4_27_8011",1,8.99215917563259,0.0178141694694777
14,"lscp_rf_oob","6_47_3",1,3.12941387515573,0.00111429456003605
14,"lscp_rf_oob","6_111_3001",1,7.01242831281185,0.00512585270307929
14,"lscp_rf_oob","8_35_4",1,5.99172131943407,0.00497931036007929
14,"lscp_rf_oob","8_69_9",1,8.51601979762858,0.0194189295264743
14,"lscp_rf_oob","12_31_108",1,3.6386123705741,0.00315286755298284
14,"lscp_rf_oob","18_19_10",1,2.86476216464464,0.0021446283631931
14,"lscp_rf_oob","21_227_9",1,6.73268128641124,0.0217612551657095
14,"lscp_rf_oob","27_7_2304",1,7.51352004518527,0.0139410427543664
14,"lscp_rf_oob","27_37_480",1,2.54371658295882,0.00115746208312837
14,"lscp_rf_oob","32_3_299",1,3.30050397560119,0.00238670880785302
14,"lscp_rf_oob","33_9_10",1,6.05640586614119,0.0119102734569442
14,"lscp_rf_oob","37_131_3",1,6.31534593754721,0.0222057960610072
14,"lscp_rf_oob","38_7_2",1,8.3021532527179,0.0287722019260158
14,"lscp_rf_oob","38_25_4",1,8.06298645746768,0.0147346331234174
14,"lscp_rf_oob","46_29_2",1,7.55591433450303,0.0146111989370926
14,"lscp_rf_oob","46_71_1",1,8.31116344181086,0.0552192206721266
14,"lscp_rf_oob","55_3_10",1,7.26896230600462,0.0370076988838206
14,"lscp_rf_oob","56_33_2",1,8.58188603166917,0.028211148970847
14,"lscp_rf_oob","36_67_1015",1,6.48950140993137,0.0266132764970883
14,"lscp_rf_oob","33_15_14",1,5.63103272037182,0.00979705796283544
14,"w_fc","6_19_500",0,4.34278252083533,0.00423494840838688
14,"w_fc","6_37_4008",1,4.17987537425323,0.00102901222417062
14,"w_fc","6_79_2004",1,4.32640589736516,0.000795029983620286
14,"w_fc","26_17_14",1,4.93858774004675,0.0134527761959081
14,"w_fc","35_1_23",1,4.1129816202359,0.00155782454786447
14,"w_fc","41_39_2013",0,4.86306789140224,0.0101938936030014
14,"w_fc","42_7_14",1,4.38158516622872,0.00763293629402937
14,"w_fc","42_45_2",1,4.08894989809228,0.000877920779077152
14,"w_fc","45_19_48",1,4.76174542366299,0.0308973435363705
14,"w_fc","48_41_1086",1,5.01281076754997,0.0254514811169427
14,"w_fc","49_5_7",1,4.98737791624467,0.0134940795687367
14,"w_fc","20_91_10",1,4.38913853938404,0.00370459054019311
14,"w_fc","4_13_2001",1,4.22902564293321,0.00257334009107219
14,"w_fc","4_13_4003",0,4.07536628616421,0.00286253854923653
14,"w_fc","4_19_11",1,4.56770697980595,0.0247024721792081
14,"w_fc","4_27_8011",0,5.04917585507037,0.0178141694694777
14,"w_fc","6_47_3",1,4.33061028936291,0.00111429456003605
14,"w_fc","6_111_3001",1,4.36509258788599,0.00512585270307929
14,"w_fc","8_35_4",1,4.40647120413386,0.00497931036007929
14,"w_fc","8_69_9",1,4.57247235024329,0.0194189295264743
14,"w_fc","12_31_108",1,4.64431191236771,0.00315286755298284
14,"w_fc","18_19_10",1,4.18617995220719,0.0021446283631931
14,"w_fc","21_227_9",1,4.79973147140775,0.0217612551657095
14,"w_fc","27_7_2304",1,5.15378104162533,0.0139410427543664
14,"w_fc","27_37_480",1,4.26146872769411,0.00115746208312837
14,"w_fc","32_3_299",1,4.10545963130309,0.00238670880785302
14,"w_fc","33_9_10",1,4.6729581571674,0.0119102734569442
14,"w_fc","37_131_3",1,4.98319008639395,0.0222057960610072
14,"w_fc","38_7_2",1,5.09577797645069,0.0287722019260158
14,"w_fc","38_25_4",1,4.80440224067292,0.0147346331234174
14,"w_fc","46_29_2",1,5.00930665344223,0.0146111989370926
14,"w_fc","46_71_1",1,5.28141165432198,0.0552192206721266
14,"w_fc","55_3_10",1,5.03485523880639,0.0370076988838206
14,"w_fc","56_33_2",1,5.2026907926914,0.028211148970847
14,"w_fc","36_67_1015",1,5.22936185570989,0.0266132764970883
14,"w_fc","33_15_14",1,4.61434942453859,0.00979705796283544
15,"naive","6_71_27",0,6.30142898880832,0.0122766395525121
15,"naive","16_79_17",1,6.30142898880832,0.0172785480032664
15,"naive","26_113_1",1,6.30142898880832,0.0252732532367465
15,"naive","32_31_1005",1,6.30142898880832,0.00205229333811754
15,"naive","42_71_12",1,6.30142898880832,0.00877998978187351
15,"naive","48_453_14",1,6.30142898880832,0.00148056452366984
15,"naive","49_35_2005",1,6.30142898880832,0.00160494430463781
15,"naive","55_53_2002",1,6.30142898880832,0.010296298988242
15,"naive","23_17_2011",0,6.30142898880832,0.031535233114997
15,"naive","31_177_2",1,6.30142898880832,0.00811561591482512
15,"naive","35_25_8",1,6.30142898880832,0.0265416328874508
15,"naive","54_51_1002",1,6.30142898880832,0.00911619815580888
15,"naive","12_11_33",1,6.30142898880832,0.00642777699919412
15,"naive","12_105_6006",1,6.30142898880832,0.00581123764406121
15,"naive","13_59_2",1,6.30142898880832,0.0133029987429348
15,"naive","17_143_37",1,6.30142898880832,0.0117017742192501
15,"naive","18_39_8",1,6.30142898880832,0.0171149055589106
15,"naive","18_97_81",0,6.30142898880832,0.00156326953024232
15,"naive","18_183_3",1,6.30142898880832,0.0257160960708217
15,"naive","21_67_12",1,6.30142898880832,0.0224508507679141
15,"naive","27_53_962",1,6.30142898880832,0.0037951874860712
15,"naive","27_171_3201",1,6.30142898880832,0.00816200677554406
15,"naive","28_59_6",1,6.30142898880832,0.0182930053082666
15,"naive","30_17_5",1,6.30142898880832,0.0248826005618513
15,"naive","32_3_1019",1,6.30142898880832,0.00956059553109982
15,"naive","32_3_1501",1,6.30142898880832,0.00134963669659114
15,"naive","34_7_2",1,6.30142898880832,0.00118492969186487
15,"naive","40_27_49",1,6.30142898880832,0.0072397913436142
15,"naive","40_143_1127",1,6.30142898880832,0.0188155767747317
15,"naive","44_3_2",0,6.30142898880832,0.00615149040978385
15,"naive","47_105_109",1,6.30142898880832,0.00998494263970299
15,"naive","47_107_1002",1,6.30142898880832,0.018077339682352
15,"naive","47_145_4",1,6.30142898880832,0.0116793096285913
15,"naive","51_87_14",1,6.30142898880832,0.0225166559495972
15,"naive","55_119_8001",1,6.30142898880832,0.0178460176191393
15,"naive","36_55_1007",1,6.30142898880832,0.0266261179838684
15,"gscp_rf_oob","6_71_27",1,5.63979733039008,0.0122766395525121
15,"gscp_rf_oob","16_79_17",1,6.35878727940964,0.0172785480032664
15,"gscp_rf_oob","26_113_1",1,6.46985990819918,0.0252732532367465
15,"gscp_rf_oob","32_31_1005",0,4.11983662139215,0.00205229333811754
15,"gscp_rf_oob","42_71_12",1,5.06078708186554,0.00877998978187351
15,"gscp_rf_oob","48_453_14",1,4.11223692957583,0.00148056452366984
15,"gscp_rf_oob","49_35_2005",1,3.99872546460543,0.00160494430463781
15,"gscp_rf_oob","55_53_2002",1,5.80299765555727,0.010296298988242
15,"gscp_rf_oob","23_17_2011",0,6.48879237988464,0.031535233114997
15,"gscp_rf_oob","31_177_2",1,5.71221636110298,0.00811561591482512
15,"gscp_rf_oob","35_25_8",1,6.47576463560247,0.0265416328874508
15,"gscp_rf_oob","54_51_1002",1,5.60387001528273,0.00911619815580888
15,"gscp_rf_oob","12_11_33",1,5.37515791549158,0.00642777699919412
15,"gscp_rf_oob","12_105_6006",1,5.36418109132977,0.00581123764406121
15,"gscp_rf_oob","13_59_2",1,6.07067783631081,0.0133029987429348
15,"gscp_rf_oob","17_143_37",1,6.04695729367083,0.0117017742192501
15,"gscp_rf_oob","18_39_8",1,6.29993738768287,0.0171149055589106
15,"gscp_rf_oob","18_97_81",1,4.34985128932871,0.00156326953024232
15,"gscp_rf_oob","18_183_3",1,6.4280716996025,0.0257160960708217
15,"gscp_rf_oob","21_67_12",1,6.37175670855584,0.0224508507679141
15,"gscp_rf_oob","27_53_962",1,4.21357845398323,0.0037951874860712
15,"gscp_rf_oob","27_171_3201",1,5.5722372151142,0.00816200677554406
15,"gscp_rf_oob","28_59_6",1,6.38511791676816,0.0182930053082666
15,"gscp_rf_oob","30_17_5",1,6.46865868014493,0.0248826005618513
15,"gscp_rf_oob","32_3_1019",1,5.74872858989716,0.00956059553109982
15,"gscp_rf_oob","32_3_1501",1,3.73540560749803,0.00134963669659114
15,"gscp_rf_oob","34_7_2",1,3.67652580549259,0.00118492969186487
15,"gscp_rf_oob","40_27_49",1,5.61084494082602,0.0072397913436142
15,"gscp_rf_oob","40_143_1127",1,6.35908453305718,0.0188155767747317
15,"gscp_rf_oob","44_3_2",1,5.04209060175594,0.00615149040978385
15,"gscp_rf_oob","47_105_109",1,5.84573047790903,0.00998494263970299
15,"gscp_rf_oob","47_107_1002",1,6.23140052998919,0.018077339682352
15,"gscp_rf_oob","47_145_4",1,6.02672090309338,0.0116793096285913
15,"gscp_rf_oob","51_87_14",1,6.38837805967033,0.0225166559495972
15,"gscp_rf_oob","55_119_8001",1,6.36280770618577,0.0178460176191393
15,"gscp_rf_oob","36_55_1007",1,6.48027241255903,0.0266261179838684
15,"lscp_rf_oob","6_71_27",1,6.27411261771484,0.0122766395525121
15,"lscp_rf_oob","16_79_17",1,7.06544374290386,0.0172785480032664
15,"lscp_rf_oob","26_113_1",0,5.92739258120327,0.0252732532367465
15,"lscp_rf_oob","32_31_1005",0,4.58319996534562,0.00205229333811754
15,"lscp_rf_oob","42_71_12",1,4.50024300978568,0.00877998978187351
15,"lscp_rf_oob","48_453_14",1,4.11223692957583,0.00148056452366984
15,"lscp_rf_oob","49_35_2005",1,4.22621783866678,0.00160494430463781
15,"lscp_rf_oob","55_53_2002",1,5.51485497246788,0.010296298988242
15,"lscp_rf_oob","23_17_2011",0,5.77007925390967,0.031535233114997
15,"lscp_rf_oob","31_177_2",1,5.60866065761921,0.00811561591482512
15,"lscp_rf_oob","35_25_8",1,6.7366992073061,0.0265416328874508
15,"lscp_rf_oob","54_51_1002",1,4.98317286542065,0.00911619815580888
15,"lscp_rf_oob","12_11_33",1,4.77979342825232,0.00642777699919412
15,"lscp_rf_oob","12_105_6006",1,4.77003242163324,0.00581123764406121
15,"lscp_rf_oob","13_59_2",1,5.47370129806047,0.0133029987429348
15,"lscp_rf_oob","17_143_37",1,5.74539476753138,0.0117017742192501
15,"lscp_rf_oob","18_39_8",1,5.77171726492457,0.0171149055589106
15,"lscp_rf_oob","18_97_81",1,3.9851367150979,0.00156326953024232
15,"lscp_rf_oob","18_183_3",1,5.8891081173768,0.0257160960708217
15,"lscp_rf_oob","21_67_12",1,5.74517276438815,0.0224508507679141
15,"lscp_rf_oob","27_53_962",1,4.05562215465773,0.0037951874860712
15,"lscp_rf_oob","27_171_3201",1,5.36334826737638,0.00816200677554406
15,"lscp_rf_oob","28_59_6",1,5.84975580723107,0.0182930053082666
15,"lscp_rf_oob","30_17_5",1,6.76913459357533,0.0248826005618513
15,"lscp_rf_oob","32_3_1019",1,6.38758880591338,0.00956059553109982
15,"lscp_rf_oob","32_3_1501",1,4.15052383685891,0.00134963669659114
15,"lscp_rf_oob","34_7_2",1,3.26930560184043,0.00118492969186487
15,"lscp_rf_oob","40_27_49",1,5.61084494082602,0.0072397913436142
15,"lscp_rf_oob","40_143_1127",1,6.24380187730596,0.0188155767747317
15,"lscp_rf_oob","44_3_2",1,4.48361739354067,0.00615149040978385
15,"lscp_rf_oob","47_105_109",1,5.27087474707562,0.00998494263970299
15,"lscp_rf_oob","47_107_1002",1,5.61861889058252,0.018077339682352
15,"lscp_rf_oob","47_145_4",1,5.43406698886162,0.0116793096285913
15,"lscp_rf_oob","51_87_14",1,5.68078704791151,0.0225166559495972
15,"lscp_rf_oob","55_119_8001",1,6.04686815334338,0.0178460176191393
15,"lscp_rf_oob","36_55_1007",1,5.7625029771803,0.0266261179838684
15,"w_fc","6_71_27",1,4.86825584936591,0.0122766395525121
15,"w_fc","16_79_17",1,5.26012320770887,0.0172785480032664
15,"w_fc","26_113_1",0,5.60245274474357,0.0252732532367465
15,"w_fc","32_31_1005",0,4.90950003398185,0.00205229333811754
15,"w_fc","42_71_12",1,4.84949784340183,0.00877998978187351
15,"w_fc","48_453_14",1,5.01551930728337,0.00148056452366984
15,"w_fc","49_35_2005",1,4.7670340001445,0.00160494430463781
15,"w_fc","55_53_2002",1,5.19979773429562,0.010296298988242
15,"w_fc","23_17_2011",1,5.38311019487904,0.031535233114997
15,"w_fc","31_177_2",1,5.27952603009656,0.00811561591482512
15,"w_fc","35_25_8",1,5.71194298722221,0.0265416328874508
15,"w_fc","54_51_1002",1,5.11403754732397,0.00911619815580888
15,"w_fc","12_11_33",1,4.90610662213018,0.00642777699919412
15,"w_fc","12_105_6006",1,5.11407076951527,0.00581123764406121
15,"w_fc","13_59_2",1,5.21104630603945,0.0133029987429348
15,"w_fc","17_143_37",1,5.23300357796495,0.0117017742192501
15,"w_fc","18_39_8",1,5.12656669383735,0.0171149055589106
15,"w_fc","18_97_81",0,4.88546949810558,0.00156326953024232
15,"w_fc","18_183_3",1,5.25521322625236,0.0257160960708217
15,"w_fc","21_67_12",1,5.23677764668126,0.0224508507679141
15,"w_fc","27_53_962",1,4.82720913580453,0.0037951874860712
15,"w_fc","27_171_3201",1,5.03999199616786,0.00816200677554406
15,"w_fc","28_59_6",1,5.36091751144878,0.0182930053082666
15,"w_fc","30_17_5",1,5.58794803293848,0.0248826005618513
15,"w_fc","32_3_1019",1,4.99375120205367,0.00956059553109982
15,"w_fc","32_3_1501",1,4.69525673534137,0.00134963669659114
15,"w_fc","34_7_2",1,4.68661985390337,0.00118492969186487
15,"w_fc","40_27_49",1,5.12924446911885,0.0072397913436142
15,"w_fc","40_143_1127",1,5.2084803962116,0.0188155767747317
15,"w_fc","44_3_2",0,4.93161136853511,0.00615149040978385
15,"w_fc","47_105_109",1,5.08187612940782,0.00998494263970299
15,"w_fc","47_107_1002",1,5.2018225197363,0.018077339682352
15,"w_fc","47_145_4",1,5.12872704995904,0.0116793096285913
15,"w_fc","51_87_14",1,5.12701746865255,0.0225166559495972
15,"w_fc","55_119_8001",1,5.36054906855007,0.0178460176191393
15,"w_fc","36_55_1007",1,5.62952798345055,0.0266261179838684
16,"naive","6_29_18",1,6.17005212958465,0.0171526904778607
16,"naive","8_103_6",1,6.17005212958465,0.0175098720054568
16,"naive","11_1_53",1,6.17005212958465,0.00115041142707249
16,"naive","26_153_1",1,6.17005212958465,0.0516992253113672
16,"naive","26_163_98",1,6.17005212958465,0.000207596490196468
16,"naive","30_31_17",1,6.17005212958465,0.00829231716717014
16,"naive","35_1_1012",1,6.17005212958465,0.00197774812639165
16,"naive","35_13_25",1,6.17005212958465,0.0662394696007515
16,"naive","42_101_76",1,6.17005212958465,0.0023528562615646
16,"naive","4_13_4005",1,6.17005212958465,0.00138023878631211
16,"naive","6_61_6",1,6.17005212958465,0.0024590465113153
16,"naive","6_99_6",1,6.17005212958465,0.00486236884987624
16,"naive","8_31_28",1,6.17005212958465,0.000349724960960242
16,"naive","10_1_2",1,6.17005212958465,0.00422755357598469
16,"naive","12_11_35",1,6.17005212958465,0.00271285157172592
16,"naive","13_51_1002",1,6.17005212958465,0.0237899233109062
16,"naive","17_83_117",1,6.17005212958465,0.0111196411426787
16,"naive","17_161_3002",1,6.17005212958465,0.00940558428098384
16,"naive","24_15_3",1,6.17005212958465,0.00577827746368106
16,"naive","25_25_2",1,6.17005212958465,0.000543752346303069
16,"naive","27_17_7417",0,6.17005212958465,0.00587860362713971
16,"naive","30_63_37",0,6.17005212958465,0.00537617882047636
16,"naive","32_3_298",1,6.17005212958465,0.00234975107249166
16,"naive","37_67_30",1,6.17005212958465,0.00310303281147728
16,"naive","37_81_13",1,6.17005212958465,0.00828261510546943
16,"naive","37_119_41",1,6.17005212958465,0.00187547906994869
16,"naive","39_99_15",1,6.17005212958465,0.0042655590653203
16,"naive","39_153_17",1,6.17005212958465,0.00670748338763008
16,"naive","40_109_97",1,6.17005212958465,0.00340727385803895
16,"naive","47_165_7",1,6.17005212958465,0.00413761881169364
16,"naive","51_161_1004",1,6.17005212958465,0.0296342549898546
16,"naive","55_9_5",1,6.17005212958465,0.00855718562419501
16,"naive","39_113_38",1,6.17005212958465,0.00789360286611762
16,"naive","42_13_801",1,6.17005212958465,0.0101643981661212
16,"naive","42_125_5001",1,6.17005212958465,0.00669211366374965
16,"naive","42_129_8",1,6.17005212958465,0.007005292751005
16,"gscp_rf_oob","6_29_18",1,5.64869418859044,0.0171526904778607
16,"gscp_rf_oob","8_103_6",1,5.7177298857146,0.0175098720054568
16,"gscp_rf_oob","11_1_53",1,3.9052344427999,0.00115041142707249
16,"gscp_rf_oob","26_153_1",1,5.93168073338657,0.0516992253113672
16,"gscp_rf_oob","26_163_98",1,3.43755012014894,0.000207596490196468
16,"gscp_rf_oob","30_31_17",1,5.47822514023655,0.00829231716717014
16,"gscp_rf_oob","35_1_1012",1,4.34194925825148,0.00197774812639165
16,"gscp_rf_oob","35_13_25",1,5.94033963744126,0.0662394696007515
16,"gscp_rf_oob","42_101_76",0,4.31337268239862,0.0023528562615646
16,"gscp_rf_oob","4_13_4005",1,3.95467364118045,0.00138023878631211
16,"gscp_rf_oob","6_61_6",1,4.66800069179074,0.0024590465113153
16,"gscp_rf_oob","6_99_6",1,4.93727015352859,0.00486236884987624
16,"gscp_rf_oob","8_31_28",1,3.50010706169973,0.000349724960960242
16,"gscp_rf_oob","10_1_2",1,4.82233477130524,0.00422755357598469
16,"gscp_rf_oob","12_11_35",1,4.4457175208601,0.00271285157172592
16,"gscp_rf_oob","13_51_1002",1,5.79967505316385,0.0237899233109062
16,"gscp_rf_oob","17_83_117",1,5.48362004386986,0.0111196411426787
16,"gscp_rf_oob","17_161_3002",1,5.29273984726052,0.00940558428098384
16,"gscp_rf_oob","24_15_3",1,4.79922396370363,0.00577827746368106
16,"gscp_rf_oob","25_25_2",1,3.74362623296862,0.000543752346303069
16,"gscp_rf_oob","27_17_7417",0,5.18416297809257,0.00587860362713971
16,"gscp_rf_oob","30_63_37",0,5.22883989189338,0.00537617882047636
16,"gscp_rf_oob","32_3_298",1,4.15692873460407,0.00234975107249166
16,"gscp_rf_oob","37_67_30",1,4.67749576243231,0.00310303281147728
16,"gscp_rf_oob","37_81_13",1,5.28756488758794,0.00828261510546943
16,"gscp_rf_oob","37_119_41",1,4.50692010827486,0.00187547906994869
16,"gscp_rf_oob","39_99_15",1,4.93723796158696,0.0042655590653203
16,"gscp_rf_oob","39_153_17",1,5.12157099164784,0.00670748338763008
16,"gscp_rf_oob","40_109_97",1,4.71044598275316,0.00340727385803895
16,"gscp_rf_oob","47_165_7",1,5.01300170789283,0.00413761881169364
16,"gscp_rf_oob","51_161_1004",1,5.83919934125545,0.0296342549898546
16,"gscp_rf_oob","55_9_5",1,5.47535633313398,0.00855718562419501
16,"gscp_rf_oob","39_113_38",1,5.03833841970673,0.00789360286611762
16,"gscp_rf_oob","42_13_801",1,5.25452357857966,0.0101643981661212
16,"gscp_rf_oob","42_125_5001",1,5.0269124797587,0.00669211366374965
16,"gscp_rf_oob","42_129_8",1,4.93033928847452,0.007005292751005
16,"lscp_rf_oob","6_29_18",1,6.14118585669145,0.0171526904778607
16,"lscp_rf_oob","8_103_6",1,6.07035446938221,0.0175098720054568
16,"lscp_rf_oob","11_1_53",1,3.54021769281272,0.00115041142707249
16,"lscp_rf_oob","26_153_1",1,5.55415901503259,0.0516992253113672
16,"lscp_rf_oob","26_163_98",1,3.21876730181852,0.000207596490196468
16,"lscp_rf_oob","30_31_17",1,5.90034929682544,0.00829231716717014
16,"lscp_rf_oob","35_1_1012",1,4.5462478064866,0.00197774812639165
16,"lscp_rf_oob","35_13_25",1,6.21984607378351,0.0662394696007515
16,"lscp_rf_oob","42_101_76",0,3.91020782736271,0.0023528562615646
16,"lscp_rf_oob","4_13_4005",1,4.25940067094533,0.00138023878631211
16,"lscp_rf_oob","6_61_6",1,5.07513039990111,0.0024590465113153
16,"lscp_rf_oob","6_99_6",1,5.36788477618774,0.00486236884987624
16,"lscp_rf_oob","8_31_28",1,3.66100548667165,0.000349724960960242
16,"lscp_rf_oob","10_1_2",1,4.37159794836817,0.00422755357598469
16,"lscp_rf_oob","12_11_35",1,3.9763143412582,0.00271285157172592
16,"lscp_rf_oob","13_51_1002",1,5.25758761388329,0.0237899233109062
16,"lscp_rf_oob","17_83_117",1,5.2698232163779,0.0111196411426787
16,"lscp_rf_oob","17_161_3002",1,5.08638510732014,0.00940558428098384
16,"lscp_rf_oob","24_15_3",1,4.35064727532541,0.00577827746368106
16,"lscp_rf_oob","25_25_2",1,3.39371477419707,0.000543752346303069
16,"lscp_rf_oob","27_17_7417",0,5.03548726850294,0.00587860362713971
16,"lscp_rf_oob","30_63_37",0,5.6480935171724,0.00537617882047636
16,"lscp_rf_oob","32_3_298",1,4.49023544852952,0.00234975107249166
16,"lscp_rf_oob","37_67_30",1,4.24029683717194,0.00310303281147728
16,"lscp_rf_oob","37_81_13",1,4.79334366249039,0.00828261510546943
16,"lscp_rf_oob","37_119_41",1,4.08566464859113,0.00187547906994869
16,"lscp_rf_oob","39_99_15",1,4.53758626789514,0.0042655590653203
16,"lscp_rf_oob","39_153_17",1,4.70699820072709,0.00670748338763008
16,"lscp_rf_oob","40_109_97",1,4.71044598275316,0.00340727385803895
16,"lscp_rf_oob","47_165_7",1,4.693949300331,0.00413761881169364
16,"lscp_rf_oob","51_161_1004",1,5.29341762256707,0.0296342549898546
16,"lscp_rf_oob","55_9_5",1,5.26188169338014,0.00855718562419501
16,"lscp_rf_oob","39_113_38",1,4.71767345755685,0.00789360286611762
16,"lscp_rf_oob","42_13_801",1,4.76339067798764,0.0101643981661212
16,"lscp_rf_oob","42_125_5001",1,4.62000195565457,0.00669211366374965
16,"lscp_rf_oob","42_129_8",1,4.46950743579762,0.007005292751005
16,"w_fc","6_29_18",0,5.25248317178215,0.0171526904778607
16,"w_fc","8_103_6",1,5.45053494937882,0.0175098720054568
16,"w_fc","11_1_53",1,4.37480133510268,0.00115041142707249
16,"w_fc","26_153_1",1,6.15128751073162,0.0516992253113672
16,"w_fc","26_163_98",1,4.3077689055759,0.000207596490196468
16,"w_fc","30_31_17",1,5.29057382614749,0.00829231716717014
16,"w_fc","35_1_1012",1,4.52180175286878,0.00197774812639165
16,"w_fc","35_13_25",0,5.24986899720409,0.0662394696007515
16,"w_fc","42_101_76",0,4.32396895802469,0.0023528562615646
16,"w_fc","4_13_4005",1,4.41329576795136,0.00138023878631211
16,"w_fc","6_61_6",1,4.49658425540999,0.0024590465113153
16,"w_fc","6_99_6",1,4.69979750207657,0.00486236884987624
16,"w_fc","8_31_28",1,4.34547684247386,0.000349724960960242
16,"w_fc","10_1_2",1,4.71746161996641,0.00422755357598469
16,"w_fc","12_11_35",1,4.52635076522476,0.00271285157172592
16,"w_fc","13_51_1002",1,5.54337151793849,0.0237899233109062
16,"w_fc","17_83_117",1,5.04625250682955,0.0111196411426787
16,"w_fc","17_161_3002",1,4.72247079080217,0.00940558428098384
16,"w_fc","24_15_3",1,4.51176712571185,0.00577827746368106
16,"w_fc","25_25_2",1,4.35738691853658,0.000543752346303069
16,"w_fc","27_17_7417",1,4.95020806956402,0.00587860362713971
16,"w_fc","30_63_37",0,5.0855386480861,0.00537617882047636
16,"w_fc","32_3_298",1,4.39585189333437,0.00234975107249166
16,"w_fc","37_67_30",1,4.75230221436696,0.00310303281147728
16,"w_fc","37_81_13",1,4.9835847396446,0.00828261510546943
16,"w_fc","37_119_41",1,4.56278438388052,0.00187547906994869
16,"w_fc","39_99_15",1,4.79277181242841,0.0042655590653203
16,"w_fc","39_153_17",1,4.73511770664989,0.00670748338763008
16,"w_fc","40_109_97",1,4.80528967649393,0.00340727385803895
16,"w_fc","47_165_7",1,4.88009296345982,0.00413761881169364
16,"w_fc","51_161_1004",1,5.6051756775502,0.0296342549898546
16,"w_fc","55_9_5",1,5.23876822368461,0.00855718562419501
16,"w_fc","39_113_38",1,4.793443813138,0.00789360286611762
16,"w_fc","42_13_801",1,4.92259094937203,0.0101643981661212
16,"w_fc","42_125_5001",1,4.6114991243792,0.00669211366374965
16,"w_fc","42_129_8",1,4.63820767782468,0.007005292751005
17,"naive","6_27_2",1,5.43965193656921,0.00167304337481388
17,"naive","6_65_1016",1,5.43965193656921,0.0132809050471763
17,"naive","6_79_2007",1,5.43965193656921,0.000795029983620286
17,"naive","19_45_19",1,5.43965193656921,0.00993439639762912
17,"naive","26_81_20",1,5.43965193656921,0.00391748965864476
17,"naive","26_163_93",1,5.43965193656921,0.00331332118575809
17,"naive","31_157_4",0,5.43965193656921,0.0266398345508369
17,"naive","41_39_60",1,5.43965193656921,0.00558853895379389
17,"naive","23_19_17",0,5.43965193656921,0.0298994453162448
17,"naive","48_201_58",0,5.43965193656921,0.00402511297905099
17,"naive","6_67_12",1,5.43965193656921,0.0024590465113153
17,"naive","9_5_5",1,5.43965193656921,0.0121087513157756
17,"naive","12_99_8",1,5.43965193656921,0.015019678766301
17,"naive","18_127_24",1,5.43965193656921,0.00194262743985611
17,"naive","21_195_2",1,5.43965193656921,0.0232581661274336
17,"naive","21_199_3",1,5.43965193656921,0.0239339728675435
17,"naive","22_51_1001",1,5.43965193656921,0.0196007238491444
17,"naive","23_9_103",0,5.43965193656921,0.0253427089762702
17,"naive","24_5_1007",1,5.43965193656921,0.00643361920541514
17,"naive","25_11_2005",1,5.43965193656921,0.012145026039052
17,"naive","25_13_18",1,5.43965193656921,0.00829782788951991
17,"naive","25_15_4002",1,5.43965193656921,0.00976252364383178
17,"naive","27_31_7810",0,5.43965193656921,0.0370076988838206
17,"naive","34_21_5",1,5.43965193656921,0.00154280959832582
17,"naive","37_57_2",1,5.43965193656921,0.00545083522548529
17,"naive","38_65_2",1,5.43965193656921,0.00630122802939246
17,"naive","39_35_60",1,5.43965193656921,0.00358344993381788
17,"naive","39_81_17",1,5.43965193656921,0.00409887117409997
17,"naive","39_87_12",1,5.43965193656921,0.00125342997428492
17,"naive","40_143_174",1,5.43965193656921,0.00621139939382428
17,"naive","42_3_1301",1,5.43965193656921,0.00193979011036062
17,"naive","47_9_11",1,5.43965193656921,0.00522595131570673
17,"naive","47_93_1017",1,5.43965193656921,0.000493369926841565
17,"naive","55_35_14",1,5.43965193656921,0.0150848055796182
17,"naive","29_39_1",1,5.43965193656921,0.0234900975380246
17,"naive","48_201_1039",1,5.43965193656921,0.00308925712285804
17,"gscp_rf_oob","6_27_2",0,3.50432729071612,0.00167304337481388
17,"gscp_rf_oob","6_65_1016",1,6.16559165240882,0.0132809050471763
17,"gscp_rf_oob","6_79_2007",0,3.30420839547678,0.000795029983620286
17,"gscp_rf_oob","19_45_19",1,6.25296796704629,0.00993439639762912
17,"gscp_rf_oob","26_81_20",1,4.66338708652218,0.00391748965864476
17,"gscp_rf_oob","26_163_93",1,3.81898550523472,0.00331332118575809
17,"gscp_rf_oob","31_157_4",0,7.17676847927611,0.0266398345508369
17,"gscp_rf_oob","41_39_60",1,5.25856581225184,0.00558853895379389
17,"gscp_rf_oob","23_19_17",1,7.17416178770203,0.0298994453162448
17,"gscp_rf_oob","48_201_58",1,4.01074310790482,0.00402511297905099
17,"gscp_rf_oob","6_67_12",1,3.49922951183084,0.0024590465113153
17,"gscp_rf_oob","9_5_5",1,6.26229577999533,0.0121087513157756
17,"gscp_rf_oob","12_99_8",1,6.84401802150092,0.015019678766301
17,"gscp_rf_oob","18_127_24",1,3.74214096488514,0.00194262743985611
17,"gscp_rf_oob","21_195_2",1,7.08301651744419,0.0232581661274336
17,"gscp_rf_oob","21_199_3",1,7.100572197876,0.0239339728675435
17,"gscp_rf_oob","22_51_1001",1,6.97494716582632,0.0196007238491444
17,"gscp_rf_oob","23_9_103",1,7.15964530845211,0.0253427089762702
17,"gscp_rf_oob","24_5_1007",1,5.30145706420399,0.00643361920541514
17,"gscp_rf_oob","25_11_2005",1,6.14682637823775,0.012145026039052
17,"gscp_rf_oob","25_13_18",1,5.60054642746617,0.00829782788951991
17,"gscp_rf_oob","25_15_4002",1,5.81515523177352,0.00976252364383178
17,"gscp_rf_oob","27_31_7810",0,7.20795265312498,0.0370076988838206
17,"gscp_rf_oob","34_21_5",1,3.31742192136211,0.00154280959832582
17,"gscp_rf_oob","37_57_2",1,4.4855069003968,0.00545083522548529
17,"gscp_rf_oob","38_65_2",1,5.26940244696075,0.00630122802939246
17,"gscp_rf_oob","39_35_60",1,4.4430003804403,0.00358344993381788
17,"gscp_rf_oob","39_81_17",1,4.51919431299575,0.00409887117409997
17,"gscp_rf_oob","39_87_12",1,3.53045720987053,0.00125342997428492
17,"gscp_rf_oob","40_143_174",1,5.44896154612115,0.00621139939382428
17,"gscp_rf_oob","42_3_1301",1,3.20713025722602,0.00193979011036062
17,"gscp_rf_oob","47_9_11",1,4.59926200206362,0.00522595131570673
17,"gscp_rf_oob","47_93_1017",1,3.2203862428207,0.000493369926841565
17,"gscp_rf_oob","55_35_14",1,6.67699078521787,0.0150848055796182
17,"gscp_rf_oob","29_39_1",1,7.10508531230268,0.0234900975380246
17,"gscp_rf_oob","48_201_1039",1,3.32145090917239,0.00308925712285804
17,"lscp_rf_oob","6_27_2",0,4.10165148668107,0.00167304337481388
17,"lscp_rf_oob","6_65_1016",1,7.21653717515728,0.0132809050471763
17,"lscp_rf_oob","6_79_2007",0,3.97135547009751,0.000795029983620286
17,"lscp_rf_oob","19_45_19",1,6.13700497692471,0.00993439639762912
17,"lscp_rf_oob","26_81_20",1,4.32196390265393,0.00391748965864476
17,"lscp_rf_oob","26_163_93",1,3.51427387793119,0.00331332118575809
17,"lscp_rf_oob","31_157_4",0,7.32728200384716,0.0266398345508369
17,"lscp_rf_oob","41_39_60",1,6.25719529146293,0.00558853895379389
17,"lscp_rf_oob","23_19_17",1,6.60174523627153,0.0298994453162448
17,"lscp_rf_oob","48_201_58",1,3.99658973080067,0.00402511297905099
17,"lscp_rf_oob","6_67_12",1,4.16375171613569,0.0024590465113153
17,"lscp_rf_oob","9_5_5",1,5.76263576946038,0.0121087513157756
17,"lscp_rf_oob","12_99_8",1,6.00523388007727,0.015019678766301
17,"lscp_rf_oob","18_127_24",1,3.46816549190597,0.00194262743985611
17,"lscp_rf_oob","21_195_2",1,6.51787232239819,0.0232581661274336
17,"lscp_rf_oob","21_199_3",1,6.53402725911273,0.0239339728675435
17,"lscp_rf_oob","22_51_1001",1,6.41842567645647,0.0196007238491444
17,"lscp_rf_oob","23_9_103",1,6.58838700703563,0.0253427089762702
17,"lscp_rf_oob","24_5_1007",1,4.87846105992507,0.00643361920541514
17,"lscp_rf_oob","25_11_2005",1,5.65637951325286,0.012145026039052
17,"lscp_rf_oob","25_13_18",1,5.15368649218676,0.00829782788951991
17,"lscp_rf_oob","25_15_4002",1,5.35117195368369,0.00976252364383178
17,"lscp_rf_oob","27_31_7810",0,7.07427921249388,0.0370076988838206
17,"lscp_rf_oob","34_21_5",1,3.0527293660421,0.00154280959832582
17,"lscp_rf_oob","37_57_2",1,4.05352675892417,0.00545083522548529
17,"lscp_rf_oob","38_65_2",1,5.29995140654372,0.00630122802939246
17,"lscp_rf_oob","39_35_60",1,4.08849946018845,0.00358344993381788
17,"lscp_rf_oob","39_81_17",1,4.15861398313426,0.00409887117409997
17,"lscp_rf_oob","39_87_12",1,3.24876686041239,0.00125342997428492
17,"lscp_rf_oob","40_143_174",1,5.43234385337147,0.00621139939382428
17,"lscp_rf_oob","42_3_1301",1,2.95123772285682,0.00193979011036062
17,"lscp_rf_oob","47_9_11",1,4.23229318086146,0.00522595131570673
17,"lscp_rf_oob","47_93_1017",1,2.96343603150129,0.000493369926841565
17,"lscp_rf_oob","55_35_14",1,6.55316417670994,0.0150848055796182
17,"lscp_rf_oob","29_39_1",1,7.0800124145686,0.0234900975380246
17,"lscp_rf_oob","48_201_1039",1,3.30972995223605,0.00308925712285804
17,"w_fc","6_27_2",0,3.96021210638706,0.00167304337481388
17,"w_fc","6_65_1016",1,4.10611708155309,0.0132809050471763
17,"w_fc","6_79_2007",0,3.85408990192899,0.000795029983620286
17,"w_fc","19_45_19",1,4.28054338486836,0.00993439639762912
17,"w_fc","26_81_20",1,4.13169118562918,0.00391748965864476
17,"w_fc","26_163_93",1,3.73076412421981,0.00331332118575809
17,"w_fc","31_157_4",0,4.95521022414385,0.0266398345508369
17,"w_fc","41_39_60",0,3.96181168578657,0.00558853895379389
17,"w_fc","23_19_17",1,4.89560694374309,0.0298994453162448
17,"w_fc","48_201_58",1,3.83299743714584,0.00402511297905099
17,"w_fc","6_67_12",1,3.76619924731872,0.0024590465113153
17,"w_fc","9_5_5",1,4.10441257177985,0.0121087513157756
17,"w_fc","12_99_8",1,4.34515566604442,0.015019678766301
17,"w_fc","18_127_24",1,3.86303877383608,0.00194262743985611
17,"w_fc","21_195_2",1,4.47863045050719,0.0232581661274336
17,"w_fc","21_199_3",1,4.55078282314996,0.0239339728675435
17,"w_fc","22_51_1001",1,4.68245896732681,0.0196007238491444
17,"w_fc","23_9_103",1,4.9214904559105,0.0253427089762702
17,"w_fc","24_5_1007",1,3.87807688699493,0.00643361920541514
17,"w_fc","25_11_2005",1,4.04177292998058,0.012145026039052
17,"w_fc","25_13_18",1,3.88432063789165,0.00829782788951991
17,"w_fc","25_15_4002",1,3.99253118014918,0.00976252364383178
17,"w_fc","27_31_7810",0,5.04135201728434,0.0370076988838206
17,"w_fc","34_21_5",1,3.76157894171952,0.00154280959832582
17,"w_fc","37_57_2",1,3.95716287459335,0.00545083522548529
17,"w_fc","38_65_2",1,4.23760232476172,0.00630122802939246
17,"w_fc","39_35_60",1,3.82590958444185,0.00358344993381788
17,"w_fc","39_81_17",1,3.98323499850612,0.00409887117409997
17,"w_fc","39_87_12",1,4.01095572069728,0.00125342997428492
17,"w_fc","40_143_174",1,4.33225674329103,0.00621139939382428
17,"w_fc","42_3_1301",1,3.60907359455023,0.00193979011036062
17,"w_fc","47_9_11",1,3.95219922537485,0.00522595131570673
17,"w_fc","47_93_1017",1,3.75951269213319,0.000493369926841565
17,"w_fc","55_35_14",1,4.46277845832641,0.0150848055796182
17,"w_fc","29_39_1",0,4.60495244995209,0.0234900975380246
17,"w_fc","48_201_1039",1,3.74914036810952,0.00308925712285804
18,"naive","11_1_51",1,5.58167984966373,8.99880831925408e-05
18,"naive","49_11_4",1,5.58167984966373,0.00329788374260752
18,"naive","49_35_4002",1,5.58167984966373,0.00188913836696701
18,"naive","49_57_1003",1,5.58167984966373,0.0123425048388077
18,"naive","56_13_99",0,5.58167984966373,0.00767791814309028
18,"naive","56_39_1013",1,5.58167984966373,0.0224570593769436
18,"naive","26_163_15",0,5.58167984966373,0.000235832392973157
18,"naive","48_29_59",1,5.58167984966373,0.00642083707134241
18,"naive","6_19_2016",0,5.58167984966373,0.00183855593553709
18,"naive","6_53_2",0,5.58167984966373,0.0131229362600114
18,"naive","6_67_15",1,5.58167984966373,0.000645965133949681
18,"naive","6_69_2",1,5.58167984966373,0.0056413078776861
18,"naive","8_31_26",1,5.58167984966373,0.00077069959863237
18,"naive","9_3_25",1,5.58167984966373,0.00855914536777287
18,"naive","13_295_4",1,5.58167984966373,0.018077339682352
18,"naive","25_13_8",1,5.58167984966373,0.00189933646304111
18,"naive","25_23_5",1,5.58167984966373,0.00442035989754542
18,"naive","27_137_7550",0,5.58167984966373,0.00222931957242088
18,"naive","30_111_87",1,5.58167984966373,0.0332631323185119
18,"naive","33_1_2004",1,5.58167984966373,0.0144592158788897
18,"naive","34_17_8",1,5.58167984966373,0.00115893693730338
18,"naive","34_41_7",1,5.58167984966373,0.00886801701484577
18,"naive","37_51_9",1,5.58167984966373,0.0204485880622091
18,"naive","37_63_15",1,5.58167984966373,0.00445131433184328
18,"naive","37_121_4",1,5.58167984966373,0.01276098258896
18,"naive","38_53_2",1,5.58167984966373,0.0123527743305213
18,"naive","39_61_14",1,5.58167984966373,0.00168124221016848
18,"naive","39_61_42",1,5.58167984966373,0.00106604306754971
18,"naive","46_13_4",1,5.58167984966373,0.040085454669044
18,"naive","47_93_1020",1,5.58167984966373,0.00139342765428631
18,"naive","47_125_2001",1,5.58167984966373,0.0074942307019031
18,"naive","55_59_19",1,5.58167984966373,0.0104507103619782
18,"naive","18_97_78",0,5.58167984966373,0.00194609062941754
18,"naive","42_101_4",1,5.58167984966373,0.00146448362470127
18,"naive","53_33_69",1,5.58167984966373,0.00249411145593059
18,"naive","42_81_419",1,5.58167984966373,0.0107295334451996
18,"gscp_rf_oob","11_1_51",1,4.17599231506237,8.99880831925408e-05
18,"gscp_rf_oob","49_11_4",1,4.60140499417277,0.00329788374260752
18,"gscp_rf_oob","49_35_4002",0,4.49263934549689,0.00188913836696701
18,"gscp_rf_oob","49_57_1003",1,4.84506582970107,0.0123425048388077
18,"gscp_rf_oob","56_13_99",1,4.79481142908579,0.00767791814309028
18,"gscp_rf_oob","56_39_1013",1,4.97540404828833,0.0224570593769436
18,"gscp_rf_oob","26_163_15",0,4.16374169499602,0.000235832392973157
18,"gscp_rf_oob","48_29_59",1,4.71012504756666,0.00642083707134241
18,"gscp_rf_oob","6_19_2016",0,4.52118183531341,0.00183855593553709
18,"gscp_rf_oob","6_53_2",0,4.80307196472795,0.0131229362600114
18,"gscp_rf_oob","6_67_15",1,4.37963352003582,0.000645965133949681
18,"gscp_rf_oob","6_69_2",1,4.68943114196246,0.0056413078776861
18,"gscp_rf_oob","8_31_26",1,4.41262422164212,0.00077069959863237
18,"gscp_rf_oob","9_3_25",1,4.65874309901433,0.00855914536777287
18,"gscp_rf_oob","13_295_4",0,4.82795200564174,0.018077339682352
18,"gscp_rf_oob","25_13_8",1,4.51313322946373,0.00189933646304111
18,"gscp_rf_oob","25_23_5",0,4.58126526756119,0.00442035989754542
18,"gscp_rf_oob","27_137_7550",1,4.65600431799191,0.00222931957242088
18,"gscp_rf_oob","30_111_87",1,4.99150976692741,0.0332631323185119
18,"gscp_rf_oob","33_1_2004",1,4.76744224836821,0.0144592158788897
18,"gscp_rf_oob","34_17_8",1,4.36357384310629,0.00115893693730338
18,"gscp_rf_oob","34_41_7",1,4.6582757851743,0.00886801701484577
18,"gscp_rf_oob","37_51_9",1,4.91237439769226,0.0204485880622091
18,"gscp_rf_oob","37_63_15",1,4.76345094220356,0.00445131433184328
18,"gscp_rf_oob","37_121_4",1,4.78979345179079,0.01276098258896
18,"gscp_rf_oob","38_53_2",1,4.87729485540732,0.0123527743305213
18,"gscp_rf_oob","39_61_14",1,4.49516696562399,0.00168124221016848
18,"gscp_rf_oob","39_61_42",1,4.46174375401998,0.00106604306754971
18,"gscp_rf_oob","46_13_4",1,5.02773546766408,0.040085454669044
18,"gscp_rf_oob","47_93_1020",1,4.47876303742415,0.00139342765428631
18,"gscp_rf_oob","47_125_2001",1,4.75005536799492,0.0074942307019031
18,"gscp_rf_oob","55_59_19",1,4.7107090279083,0.0104507103619782
18,"gscp_rf_oob","18_97_78",1,4.63234892316989,0.00194609062941754
18,"gscp_rf_oob","42_101_4",1,4.34854630007884,0.00146448362470127
18,"gscp_rf_oob","53_33_69",1,4.4977872980048,0.00249411145593059
18,"gscp_rf_oob","42_81_419",1,4.7477871672748,0.0107295334451996
18,"lscp_rf_oob","11_1_51",1,3.5454767326082,8.99880831925408e-05
18,"lscp_rf_oob","49_11_4",1,5.37583083303612,0.00329788374260752
18,"lscp_rf_oob","49_35_4002",1,5.24875970400762,0.00188913836696701
18,"lscp_rf_oob","49_57_1003",1,5.66050028380067,0.0123425048388077
18,"lscp_rf_oob","56_13_99",1,5.32152597498592,0.00767791814309028
18,"lscp_rf_oob","56_39_1013",1,5.68693062024781,0.0224570593769436
18,"lscp_rf_oob","26_163_15",0,3.62292375651367,0.000235832392973157
18,"lscp_rf_oob","48_29_59",1,4.70195779570881,0.00642083707134241
18,"lscp_rf_oob","6_19_2016",0,5.78235787463941,0.00183855593553709
18,"lscp_rf_oob","6_53_2",0,6.14288077970641,0.0131229362600114
18,"lscp_rf_oob","6_67_15",1,5.60132489580755,0.000645965133949681
18,"lscp_rf_oob","6_69_2",1,5.99754004130344,0.0056413078776861
18,"lscp_rf_oob","8_31_26",1,4.65428394576872,0.00077069959863237
18,"lscp_rf_oob","9_3_25",1,3.71432796767263,0.00855914536777287
18,"lscp_rf_oob","13_295_4",0,4.20086146015453,0.018077339682352
18,"lscp_rf_oob","25_13_8",1,3.59823596617218,0.00189933646304111
18,"lscp_rf_oob","25_23_5",0,3.6525563545734,0.00442035989754542
18,"lscp_rf_oob","27_137_7550",0,4.42350784415795,0.00222931957242088
18,"lscp_rf_oob","30_111_87",1,5.53983181027095,0.0332631323185119
18,"lscp_rf_oob","33_1_2004",1,3.80099174842344,0.0144592158788897
18,"lscp_rf_oob","34_17_8",1,3.47899508944452,0.00115893693730338
18,"lscp_rf_oob","34_41_7",1,3.93196611988928,0.00886801701484577
18,"lscp_rf_oob","37_51_9",1,4.17067556998557,0.0204485880622091
18,"lscp_rf_oob","37_63_15",1,4.04423744305934,0.00445131433184328
18,"lscp_rf_oob","37_121_4",1,4.10914835928843,0.01276098258896
18,"lscp_rf_oob","38_53_2",1,5.0713231234007,0.0123527743305213
18,"lscp_rf_oob","39_61_14",1,3.91130103215258,0.00168124221016848
18,"lscp_rf_oob","39_61_42",1,3.88221907745671,0.00106604306754971
18,"lscp_rf_oob","46_13_4",1,5.02773546766408,0.040085454669044
18,"lscp_rf_oob","47_93_1020",1,3.89702776893675,0.00139342765428631
18,"lscp_rf_oob","47_125_2001",1,4.4214557171576,0.0074942307019031
18,"lscp_rf_oob","55_59_19",1,4.38483128084106,0.0104507103619782
18,"lscp_rf_oob","18_97_78",1,4.07653810682689,0.00194609062941754
18,"lscp_rf_oob","42_101_4",1,3.46701391294134,0.00146448362470127
18,"lscp_rf_oob","53_33_69",1,5.75243747064827,0.00249411145593059
18,"lscp_rf_oob","42_81_419",1,4.03093867587666,0.0107295334451996
18,"w_fc","11_1_51",1,4.84818192970405,8.99880831925408e-05
18,"w_fc","49_11_4",1,4.92361017401902,0.00329788374260752
18,"w_fc","49_35_4002",1,4.86136918512913,0.00188913836696701
18,"w_fc","49_57_1003",1,5.08739189228819,0.0123425048388077
18,"w_fc","56_13_99",1,5.14706133519055,0.00767791814309028
18,"w_fc","56_39_1013",1,5.25398098481583,0.0224570593769436
18,"w_fc","26_163_15",0,4.82828330130509,0.000235832392973157
18,"w_fc","48_29_59",1,5.09529737135858,0.00642083707134241
18,"w_fc","6_19_2016",0,4.87624403681338,0.00183855593553709
18,"w_fc","6_53_2",0,5.05862462788394,0.0131229362600114
18,"w_fc","6_67_15",1,4.87648916795631,0.000645965133949681
18,"w_fc","6_69_2",1,4.96466542332121,0.0056413078776861
18,"w_fc","8_31_26",1,4.87224162461063,0.00077069959863237
18,"w_fc","9_3_25",1,4.91522085710176,0.00855914536777287
18,"w_fc","13_295_4",0,5.16803045071541,0.018077339682352
18,"w_fc","25_13_8",1,4.90735430550683,0.00189933646304111
18,"w_fc","25_23_5",0,4.91509525181079,0.00442035989754542
18,"w_fc","27_137_7550",1,5.07890343598515,0.00222931957242088
18,"w_fc","30_111_87",1,5.40931106711448,0.0332631323185119
18,"w_fc","33_1_2004",1,5.07730890489911,0.0144592158788897
18,"w_fc","34_17_8",1,4.86376347539286,0.00115893693730338
18,"w_fc","34_41_7",1,4.97616210452482,0.00886801701484577
18,"w_fc","37_51_9",1,5.18736721264843,0.0204485880622091
18,"w_fc","37_63_15",1,5.08342114530413,0.00445131433184328
18,"w_fc","37_121_4",1,5.09061888687568,0.01276098258896
18,"w_fc","38_53_2",1,5.20521546043276,0.0123527743305213
18,"w_fc","39_61_14",1,4.89943680610646,0.00168124221016848
18,"w_fc","39_61_42",1,4.90410004709373,0.00106604306754971
18,"w_fc","46_13_4",1,5.42339906040114,0.040085454669044
18,"w_fc","47_93_1020",1,4.93158301071341,0.00139342765428631
18,"w_fc","47_125_2001",1,5.09591818022262,0.0074942307019031
18,"w_fc","55_59_19",1,4.980913772164,0.0104507103619782
18,"w_fc","18_97_78",1,4.92491079628886,0.00194609062941754
18,"w_fc","42_101_4",1,4.79607610649728,0.00146448362470127
18,"w_fc","53_33_69",1,4.87544986260456,0.00249411145593059
18,"w_fc","42_81_419",1,5.07760503384053,0.0107295334451996
19,"naive","6_37_9033",1,5.94887878909613,0.0147142911692012
19,"naive","6_73_1022",1,5.94887878909613,0.0143766744381836
19,"naive","22_121_1",1,5.94887878909613,0.00118975857926883
19,"naive","26_163_1",1,5.94887878909613,0.00121974450582782
19,"naive","35_55_5",0,5.94887878909613,0.0365401795609887
19,"naive","41_39_59",1,5.94887878909613,0.00142487164524024
19,"naive","45_63_8",1,5.94887878909613,0.0219220808048911
19,"naive","49_21_5",1,5.94887878909613,0.0148082412765442
19,"naive","49_35_3010",1,5.94887878909613,0.000324141625474133
19,"naive","49_45_4",1,5.94887878909613,0.00643362357249039
19,"naive","4_13_1004",1,5.94887878909613,0.00345180075946386
19,"naive","4_21_1",1,5.94887878909613,0.00582837695949859
19,"naive","6_45_2003",0,5.94887878909613,0.026561883726409
19,"naive","6_53_1003",0,5.94887878909613,0.00626921660128962
19,"naive","6_73_77",1,5.94887878909613,0.0176481114917233
19,"naive","6_111_7",1,5.94887878909613,0.00409238772320455
19,"naive","8_1_10",1,5.94887878909613,0.00175463802932383
19,"naive","12_57_3002",1,5.94887878909613,0.00519972900075906
19,"naive","17_31_119",1,5.94887878909613,0.00119969927837656
19,"naive","17_113_2003",1,5.94887878909613,0.016300682371353
19,"naive","18_163_21",1,5.94887878909613,0.0111930615073383
19,"naive","21_93_6",1,5.94887878909613,0.00880031455948453
19,"naive","21_111_80",1,5.94887878909613,0.00190831808897057
19,"naive","24_19_4",1,5.94887878909613,0.0147990559503672
19,"naive","24_23_2",1,5.94887878909613,0.014985950823701
19,"naive","24_27_6",1,5.94887878909613,0.0049626808406693
19,"naive","25_5_1004",1,5.94887878909613,0.00516934628018204
19,"naive","32_3_540",1,5.94887878909613,0.000878584218372357
19,"naive","37_159_21",1,5.94887878909613,0.0108964252061974
19,"naive","40_71_604",1,5.94887878909613,0.0199901754959355
19,"naive","51_69_10",1,5.94887878909613,0.00972848848917447
19,"naive","51_650_8",1,5.94887878909613,0.0225166559495972
19,"naive","55_43_9",1,5.94887878909613,0.0231134851307874
19,"naive","48_141_44",1,5.94887878909613,0.00476150135361732
19,"naive","42_43_401",1,5.94887878909613,0.00630100611003264
19,"naive","42_59_2",1,5.94887878909613,0.00898544254373269
19,"gscp_rf_oob","6_37_9033",1,5.20995122921205,0.0147142911692012
19,"gscp_rf_oob","6_73_1022",1,5.36881102379374,0.0143766744381836
19,"gscp_rf_oob","22_121_1",1,5.14206365296691,0.00118975857926883
19,"gscp_rf_oob","26_163_1",1,4.80095761059965,0.00121974450582782
19,"gscp_rf_oob","35_55_5",0,5.67308450236827,0.0365401795609887
19,"gscp_rf_oob","41_39_59",1,5.05944453096487,0.00142487164524024
19,"gscp_rf_oob","45_63_8",1,5.34818131105528,0.0219220808048911
19,"gscp_rf_oob","49_21_5",1,5.53064556064015,0.0148082412765442
19,"gscp_rf_oob","49_35_3010",1,4.61046451041417,0.000324141625474133
19,"gscp_rf_oob","49_45_4",1,5.08075498827369,0.00643362357249039
19,"gscp_rf_oob","4_13_1004",1,5.04405832496865,0.00345180075946386
19,"gscp_rf_oob","4_21_1",1,5.19962147826145,0.00582837695949859
19,"gscp_rf_oob","6_45_2003",0,5.50858028985272,0.026561883726409
19,"gscp_rf_oob","6_53_1003",1,5.11978811541497,0.00626921660128962
19,"gscp_rf_oob","6_73_77",1,5.3729407139329,0.0176481114917233
19,"gscp_rf_oob","6_111_7",1,5.02264127335658,0.00409238772320455
19,"gscp_rf_oob","8_1_10",1,4.9244564320634,0.00175463802932383
19,"gscp_rf_oob","12_57_3002",1,5.22877967844073,0.00519972900075906
19,"gscp_rf_oob","17_31_119",1,4.80431805956466,0.00119969927837656
19,"gscp_rf_oob","17_113_2003",1,5.30150400209665,0.016300682371353
19,"gscp_rf_oob","18_163_21",1,5.29612422187505,0.0111930615073383
19,"gscp_rf_oob","21_93_6",1,5.21005056483114,0.00880031455948453
19,"gscp_rf_oob","21_111_80",1,4.88794592844245,0.00190831808897057
19,"gscp_rf_oob","24_19_4",1,5.25551120443134,0.0147990559503672
19,"gscp_rf_oob","24_23_2",1,5.23477855326985,0.014985950823701
19,"gscp_rf_oob","24_27_6",1,5.00523831704442,0.0049626808406693
19,"gscp_rf_oob","25_5_1004",1,5.07299598782286,0.00516934628018204
19,"gscp_rf_oob","32_3_540",0,4.6977386540599,0.000878584218372357
19,"gscp_rf_oob","37_159_21",1,5.12260172002574,0.0108964252061974
19,"gscp_rf_oob","40_71_604",1,5.34365664624228,0.0199901754959355
19,"gscp_rf_oob","51_69_10",1,5.22048205569681,0.00972848848917447
19,"gscp_rf_oob","51_650_8",1,5.51161244862342,0.0225166559495972
19,"gscp_rf_oob","55_43_9",1,5.32118474616774,0.0231134851307874
19,"gscp_rf_oob","48_141_44",1,5.43573069555841,0.00476150135361732
19,"gscp_rf_oob","42_43_401",1,5.10160543537195,0.00630100611003264
19,"gscp_rf_oob","42_59_2",1,5.1928532035183,0.00898544254373269
19,"lscp_rf_oob","6_37_9033",1,6.68400680381848,0.0147142911692012
19,"lscp_rf_oob","6_73_1022",1,6.8878129242834,0.0143766744381836
19,"lscp_rf_oob","22_121_1",1,4.93761816056196,0.00118975857926883
19,"lscp_rf_oob","26_163_1",1,4.50707292084042,0.00121974450582782
19,"lscp_rf_oob","35_55_5",0,6.27079214388122,0.0365401795609887
19,"lscp_rf_oob","41_39_59",1,6.49091712776472,0.00142487164524024
19,"lscp_rf_oob","45_63_8",1,4.652342091743,0.0219220808048911
19,"lscp_rf_oob","49_21_5",1,6.57318694884559,0.0148082412765442
19,"lscp_rf_oob","49_35_3010",1,5.36986839760103,0.000324141625474133
19,"lscp_rf_oob","49_45_4",1,5.91762187646334,0.00643362357249039
19,"lscp_rf_oob","4_13_1004",1,5.99487672593906,0.00345180075946386
19,"lscp_rf_oob","4_21_1",1,6.17976394710229,0.00582837695949859
19,"lscp_rf_oob","6_45_2003",0,7.06712721806505,0.026561883726409
19,"lscp_rf_oob","6_53_1003",1,6.56833376974204,0.00626921660128962
19,"lscp_rf_oob","6_73_77",1,6.65465005996202,0.0176481114917233
19,"lscp_rf_oob","6_111_7",1,6.44370109570723,0.00409238772320455
19,"lscp_rf_oob","8_1_10",1,5.21411502406243,0.00175463802932383
19,"lscp_rf_oob","12_57_3002",1,4.54847552310457,0.00519972900075906
19,"lscp_rf_oob","17_31_119",1,4.51226372150404,0.00119969927837656
19,"lscp_rf_oob","17_113_2003",1,5.02063208847589,0.016300682371353
19,"lscp_rf_oob","18_163_21",1,4.97417300325678,0.0111930615073383
19,"lscp_rf_oob","21_93_6",1,4.89112375520991,0.00880031455948453
19,"lscp_rf_oob","21_111_80",1,4.58873635625863,0.00190831808897057
19,"lscp_rf_oob","24_19_4",1,4.56638827327777,0.0147990559503672
19,"lscp_rf_oob","24_23_2",1,4.60833153003259,0.014985950823701
19,"lscp_rf_oob","24_27_6",1,4.35401859945469,0.0049626808406693
19,"lscp_rf_oob","25_5_1004",1,4.32903834801938,0.00516934628018204
19,"lscp_rf_oob","32_3_540",1,5.66914618705363,0.000878584218372357
19,"lscp_rf_oob","37_159_21",1,4.45611212769606,0.0108964252061974
19,"lscp_rf_oob","40_71_604",1,5.32316367724447,0.0199901754959355
19,"lscp_rf_oob","51_69_10",1,4.54125748442792,0.00972848848917447
19,"lscp_rf_oob","51_650_8",1,4.78890853301282,0.0225166559495972
19,"lscp_rf_oob","55_43_9",1,5.10961750215272,0.0231134851307874
19,"lscp_rf_oob","48_141_44",1,6.19789621347431,0.00476150135361732
19,"lscp_rf_oob","42_43_401",0,4.43784761997208,0.00630100611003264
19,"lscp_rf_oob","42_59_2",1,4.70186565107878,0.00898544254373269
19,"w_fc","6_37_9033",1,5.10107348833018,0.0147142911692012
19,"w_fc","6_73_1022",1,5.4658484009336,0.0143766744381836
19,"w_fc","22_121_1",1,5.30096508575321,0.00118975857926883
19,"w_fc","26_163_1",1,4.77469414860811,0.00121974450582782
19,"w_fc","35_55_5",1,5.84224226474704,0.0365401795609887
19,"w_fc","41_39_59",1,5.16945629012224,0.00142487164524024
19,"w_fc","45_63_8",1,5.22841584902829,0.0219220808048911
19,"w_fc","49_21_5",1,5.74916772089112,0.0148082412765442
19,"w_fc","49_35_3010",1,4.73347946848534,0.000324141625474133
19,"w_fc","49_45_4",1,5.05334712228628,0.00643362357249039
19,"w_fc","4_13_1004",1,4.80454218111489,0.00345180075946386
19,"w_fc","4_21_1",1,5.13901185342676,0.00582837695949859
19,"w_fc","6_45_2003",0,5.42733679828243,0.026561883726409
19,"w_fc","6_53_1003",1,4.97970071782434,0.00626921660128962
19,"w_fc","6_73_77",1,5.40706900369996,0.0176481114917233
19,"w_fc","6_111_7",1,4.9351463919525,0.00409238772320455
19,"w_fc","8_1_10",1,4.79853602003741,0.00175463802932383
19,"w_fc","12_57_3002",1,5.05738841902852,0.00519972900075906
19,"w_fc","17_31_119",1,4.85043053858078,0.00119969927837656
19,"w_fc","17_113_2003",1,5.24350510763329,0.016300682371353
19,"w_fc","18_163_21",1,5.34082508101636,0.0111930615073383
19,"w_fc","21_93_6",1,5.15738595516272,0.00880031455948453
19,"w_fc","21_111_80",1,4.89080496041185,0.00190831808897057
19,"w_fc","24_19_4",1,5.18749471810653,0.0147990559503672
19,"w_fc","24_23_2",1,5.28539080704088,0.014985950823701
19,"w_fc","24_27_6",1,4.87013440531265,0.0049626808406693
19,"w_fc","25_5_1004",1,4.99142979214726,0.00516934628018204
19,"w_fc","32_3_540",0,4.71536323808571,0.000878584218372357
19,"w_fc","37_159_21",1,5.02061277234939,0.0108964252061974
19,"w_fc","40_71_604",1,5.43952980280419,0.0199901754959355
19,"w_fc","51_69_10",1,5.26445636387093,0.00972848848917447
19,"w_fc","51_650_8",1,5.68010693307143,0.0225166559495972
19,"w_fc","55_43_9",1,5.40095060573601,0.0231134851307874
19,"w_fc","48_141_44",1,5.28075009377868,0.00476150135361732
19,"w_fc","42_43_401",0,4.98301148420664,0.00630100611003264
19,"w_fc","42_59_2",1,5.1171313962253,0.00898544254373269
20,"naive","19_103_2001",1,6.29442361709383,0.010134097024426
20,"naive","19_113_40",1,6.29442361709383,0.0180991497582046
20,"naive","26_77_8",1,6.29442361709383,0.016235816560713
20,"naive","26_147_5",1,6.29442361709383,0.0167568595478739
20,"naive","31_67_5",1,6.29442361709383,0.0263121181077238
20,"naive","35_1_2022",0,6.29442361709383,0.00116068214061257
20,"naive","41_39_9004",1,6.29442361709383,0.0101938936030014
20,"naive","48_479_313",1,6.29442361709383,0.0334115903600272
20,"naive","56_13_232",1,6.29442361709383,0.0145774621933874
20,"naive","20_191_2",0,6.29442361709383,0.00563754255787525
20,"naive","42_3_3007",1,6.29442361709383,0.000792439889010625
20,"naive","42_101_55",1,6.29442361709383,0.00123300912158838
20,"naive","42_101_75",1,6.29442361709383,0.00235806217362824
20,"naive","1_55_10",1,6.29442361709383,0.0237026164785037
20,"naive","4_13_19",1,6.29442361709383,0.00106978437275157
20,"naive","6_19_5001",1,6.29442361709383,0.00138660344997033
20,"naive","6_67_5003",1,6.29442361709383,0.00629382675711405
20,"naive","6_111_9",1,6.29442361709383,0.00404078375212061
20,"naive","17_157_1",1,6.29442361709383,0.0127805937132528
20,"naive","17_167_12",1,6.29442361709383,0.0134277101344163
20,"naive","18_95_11",1,6.29442361709383,0.00671227460186968
20,"naive","25_3_8",1,6.29442361709383,0.012145026039052
20,"naive","36_1_5",1,6.29442361709383,0.0207808288647095
20,"naive","37_67_22",1,6.29442361709383,0.00310303281147728
20,"naive","37_173_7",1,6.29442361709383,0.0141367832860499
20,"naive","38_15_3",1,6.29442361709383,0.0141358800611859
20,"naive","45_79_7",1,6.29442361709383,0.00402192888882207
20,"naive","46_99_9",1,6.29442361709383,0.0183882860462448
20,"naive","47_45_4",1,6.29442361709383,0.013988445263397
20,"naive","48_439_1002",1,6.29442361709383,0.00118100711223701
20,"naive","50_3_4",1,6.29442361709383,0.0135870575395935
20,"naive","56_5_1002",1,6.29442361709383,0.028211148970847
20,"naive","56_25_100",1,6.29442361709383,0.0360236298496257
20,"naive","56_37_7",1,6.29442361709383,0.0243877657918779
20,"naive","53_77_15",1,6.29442361709383,0.00605314325543704
20,"naive","42_1_1",1,6.29442361709383,0.00836305145572154
20,"gscp_rf_oob","19_103_2001",1,5.39128969744088,0.010134097024426
20,"gscp_rf_oob","19_113_40",1,5.74700551504076,0.0180991497582046
20,"gscp_rf_oob","26_77_8",1,5.36117269133549,0.016235816560713
20,"gscp_rf_oob","26_147_5",1,5.62265896598451,0.0167568595478739
20,"gscp_rf_oob","31_67_5",1,5.87187214238368,0.0263121181077238
20,"gscp_rf_oob","35_1_2022",0,3.85551150961572,0.00116068214061257
20,"gscp_rf_oob","41_39_9004",0,5.47728779451606,0.0101938936030014
20,"gscp_rf_oob","48_479_313",1,6.03251772075617,0.0334115903600272
20,"gscp_rf_oob","56_13_232",1,5.69026558827165,0.0145774621933874
20,"gscp_rf_oob","20_191_2",1,4.9780189999613,0.00563754255787525
20,"gscp_rf_oob","42_3_3007",1,3.8688498563369,0.000792439889010625
20,"gscp_rf_oob","42_101_55",1,3.74689003625959,0.00123300912158838
20,"gscp_rf_oob","42_101_75",0,4.00639680345588,0.00235806217362824
20,"gscp_rf_oob","1_55_10",1,5.82712153374475,0.0237026164785037
20,"gscp_rf_oob","4_13_19",1,3.71114847279887,0.00106978437275157
20,"gscp_rf_oob","6_19_5001",0,3.87952470163353,0.00138660344997033
20,"gscp_rf_oob","6_67_5003",1,4.80088367086931,0.00629382675711405
20,"gscp_rf_oob","6_111_9",1,4.34312439824368,0.00404078375212061
20,"gscp_rf_oob","17_157_1",1,5.3950567724858,0.0127805937132528
20,"gscp_rf_oob","17_167_12",1,5.41568485164273,0.0134277101344163
20,"gscp_rf_oob","18_95_11",1,4.97929287255886,0.00671227460186968
20,"gscp_rf_oob","25_3_8",1,5.28327434017629,0.012145026039052
20,"gscp_rf_oob","36_1_5",1,5.67797509925723,0.0207808288647095
20,"gscp_rf_oob","37_67_22",1,4.53779419172311,0.00310303281147728
20,"gscp_rf_oob","37_173_7",1,5.25547722767065,0.0141367832860499
20,"gscp_rf_oob","38_15_3",1,5.65837689459183,0.0141358800611859
20,"gscp_rf_oob","45_79_7",1,4.78879226886278,0.00402192888882207
20,"gscp_rf_oob","46_99_9",1,5.79319607707252,0.0183882860462448
20,"gscp_rf_oob","47_45_4",1,5.63239618430926,0.013988445263397
20,"gscp_rf_oob","48_439_1002",1,4.05534855799645,0.00118100711223701
20,"gscp_rf_oob","50_3_4",1,5.38387915631018,0.0135870575395935
20,"gscp_rf_oob","56_5_1002",1,5.91466738212258,0.028211148970847
20,"gscp_rf_oob","56_25_100",1,6.04052575198787,0.0360236298496257
20,"gscp_rf_oob","56_37_7",1,5.81522685312468,0.0243877657918779
20,"gscp_rf_oob","53_77_15",1,5.11946372234603,0.00605314325543704
20,"gscp_rf_oob","42_1_1",0,4.82953294208747,0.00836305145572154
20,"lscp_rf_oob","19_103_2001",1,4.88309083111243,0.010134097024426
20,"lscp_rf_oob","19_113_40",1,5.20527582670414,0.0180991497582046
20,"lscp_rf_oob","26_77_8",0,4.74012380697863,0.016235816560713
20,"lscp_rf_oob","26_147_5",1,4.9586094015282,0.0167568595478739
20,"lscp_rf_oob","31_67_5",1,5.58545488810161,0.0263121181077238
20,"lscp_rf_oob","35_1_2022",0,4.10641950597195,0.00116068214061257
20,"lscp_rf_oob","41_39_9004",0,6.21720754660733,0.0101938936030014
20,"lscp_rf_oob","48_479_313",1,5.96371402695192,0.0334115903600272
20,"lscp_rf_oob","56_13_232",1,6.0605752434049,0.0145774621933874
20,"lscp_rf_oob","20_191_2",1,4.73520197343897,0.00563754255787525
20,"lscp_rf_oob","42_3_3007",0,3.40012563610611,0.000792439889010625
20,"lscp_rf_oob","42_101_55",1,3.09263309655585,0.00123300912158838
20,"lscp_rf_oob","42_101_75",0,3.30682652343652,0.00235806217362824
20,"lscp_rf_oob","1_55_10",1,5.15209621076033,0.0237026164785037
20,"lscp_rf_oob","4_13_19",1,4.01825186713705,0.00106978437275157
20,"lscp_rf_oob","6_19_5001",0,4.3465716272502,0.00138660344997033
20,"lscp_rf_oob","6_67_5003",1,5.44942886126906,0.00629382675711405
20,"lscp_rf_oob","6_111_9",1,4.86598300948447,0.00404078375212061
20,"lscp_rf_oob","17_157_1",1,4.84041371288854,0.0127805937132528
20,"lscp_rf_oob","17_167_12",1,4.85892110612506,0.0134277101344163
20,"lscp_rf_oob","18_95_11",1,4.40248170428844,0.00671227460186968
20,"lscp_rf_oob","25_3_8",1,4.36074422374147,0.012145026039052
20,"lscp_rf_oob","36_1_5",1,4.68652496962853,0.0207808288647095
20,"lscp_rf_oob","37_67_22",1,3.98802510709467,0.00310303281147728
20,"lscp_rf_oob","37_173_7",1,4.6347927107619,0.0141367832860499
20,"lscp_rf_oob","38_15_3",1,5.71615294182591,0.0141358800611859
20,"lscp_rf_oob","45_79_7",1,4.20861391989083,0.00402192888882207
20,"lscp_rf_oob","46_99_9",1,5.51061647150924,0.0183882860462448
20,"lscp_rf_oob","47_45_4",1,5.05335325959693,0.013988445263397
20,"lscp_rf_oob","48_439_1002",1,3.85753740493095,0.00118100711223701
20,"lscp_rf_oob","50_3_4",1,4.44378209809531,0.0135870575395935
20,"lscp_rf_oob","56_5_1002",1,6.27301771804399,0.028211148970847
20,"lscp_rf_oob","56_25_100",1,6.43362954887436,0.0360236298496257
20,"lscp_rf_oob","56_37_7",1,6.19885389177781,0.0243877657918779
20,"lscp_rf_oob","53_77_15",1,5.73578401315924,0.00605314325543704
20,"lscp_rf_oob","42_1_1",0,4.24441872302543,0.00836305145572154
20,"w_fc","19_103_2001",1,5.05649670166071,0.010134097024426
20,"w_fc","19_113_40",1,5.36156350440369,0.0180991497582046
20,"w_fc","26_77_8",1,4.90509688634057,0.016235816560713
20,"w_fc","26_147_5",1,4.96426121572545,0.0167568595478739
20,"w_fc","31_67_5",1,5.65069534581667,0.0263121181077238
20,"w_fc","35_1_2022",0,3.79383279916708,0.00116068214061257
20,"w_fc","41_39_9004",0,4.48965992917401,0.0101938936030014
20,"w_fc","48_479_313",1,5.94296614215136,0.0334115903600272
20,"w_fc","56_13_232",1,5.4108102835663,0.0145774621933874
20,"w_fc","20_191_2",1,4.73042023586474,0.00563754255787525
20,"w_fc","42_3_3007",1,3.73021402415884,0.000792439889010625
20,"w_fc","42_101_55",1,3.64314784353946,0.00123300912158838
20,"w_fc","42_101_75",0,3.83601224937762,0.00235806217362824
20,"w_fc","1_55_10",1,5.16393097435206,0.0237026164785037
20,"w_fc","4_13_19",1,3.66443390926757,0.00106978437275157
20,"w_fc","6_19_5001",0,3.79509503479047,0.00138660344997033
20,"w_fc","6_67_5003",1,4.0726971702452,0.00629382675711405
20,"w_fc","6_111_9",1,4.12929264859027,0.00404078375212061
20,"w_fc","17_157_1",1,4.96377109341518,0.0127805937132528
20,"w_fc","17_167_12",1,5.04562214293934,0.0134277101344163
20,"w_fc","18_95_11",1,4.53484615754372,0.00671227460186968
20,"w_fc","25_3_8",1,4.5459725520635,0.012145026039052
20,"w_fc","36_1_5",1,5.08335676679094,0.0207808288647095
20,"w_fc","37_67_22",1,4.21822901468403,0.00310303281147728
20,"w_fc","37_173_7",1,4.31986031060768,0.0141367832860499
20,"w_fc","38_15_3",1,5.42167489452097,0.0141358800611859
20,"w_fc","45_79_7",1,4.56527897459425,0.00402192888882207
20,"w_fc","46_99_9",1,5.29960817782157,0.0183882860462448
20,"w_fc","47_45_4",1,5.26260504391385,0.013988445263397
20,"w_fc","48_439_1002",1,3.99996427389504,0.00118100711223701
20,"w_fc","50_3_4",1,4.5812622505543,0.0135870575395935
20,"w_fc","56_5_1002",1,5.70685644661146,0.028211148970847
20,"w_fc","56_25_100",1,5.9100633522153,0.0360236298496257
20,"w_fc","56_37_7",1,5.44815998400641,0.0243877657918779
20,"w_fc","53_77_15",1,4.85905566526841,0.00605314325543704
20,"w_fc","42_1_1",0,4.47655153711049,0.00836305145572154
