"state","method","station","covered","width"
1,"naive","1_55_10",1,4.93863497470287
1,"naive","1_73_1010",1,4.93863497470287
1,"naive","1_89_14",1,4.93863497470287
1,"naive","1_103_11",1,4.93863497470286
1,"naive","1_113_3",1,4.93863497470287
1,"naive","1_119_3",1,4.93863497470287
1,"gscp_rf_oob","1_55_10",1,4.55510215199358
1,"gscp_rf_oob","1_73_1010",1,4.5925821796633
1,"gscp_rf_oob","1_89_14",1,4.51474653517119
1,"gscp_rf_oob","1_103_11",1,4.51968666211325
1,"gscp_rf_oob","1_113_3",1,4.21167362350006
1,"gscp_rf_oob","1_119_3",1,4.61796987468476
1,"lscp_rf_oob","1_55_10",1,4.26838794812605
1,"lscp_rf_oob","1_73_1010",1,4.30350885059161
1,"lscp_rf_oob","1_89_14",1,4.29484831958239
1,"lscp_rf_oob","1_103_11",1,4.29954782945085
1,"lscp_rf_oob","1_113_3",1,3.80634509122928
1,"lscp_rf_oob","1_119_3",1,4.39304399519737
1,"w_fc","1_55_10",1,4.99681919633503
1,"w_fc","1_73_1010",1,5.13264426274954
1,"w_fc","1_89_14",1,4.84292572632144
1,"w_fc","1_103_11",1,4.88321844422433
1,"w_fc","1_113_3",1,4.46075320114935
1,"w_fc","1_119_3",1,5.10855120027275
4,"naive","4_12_8000",0,5.28575321089074
4,"naive","4_13_19",1,5.28575321089074
4,"naive","4_13_1003",1,5.28575321089074
4,"naive","4_13_1004",1,5.28575321089074
4,"naive","4_13_2001",1,5.28575321089074
4,"naive","4_13_4003",1,5.28575321089074
4,"naive","4_13_4005",1,5.28575321089074
4,"naive","4_13_4021",1,5.28575321089074
4,"naive","4_13_9812",1,5.28575321089074
4,"naive","4_13_9997",1,5.28575321089074
4,"naive","4_19_11",1,5.28575321089074
4,"naive","4_19_1028",1,5.28575321089074
4,"naive","4_21_1",1,5.28575321089074
4,"naive","4_21_3015",1,5.28575321089074
4,"naive","4_23_4",1,5.28575321089074
4,"naive","4_27_8011",1,5.28575321089074
4,"gscp_rf_oob","4_12_8000",0,5.21983413748372
4,"gscp_rf_oob","4_13_19",1,5.31825775104149
4,"gscp_rf_oob","4_13_1003",1,5.32546714802749
4,"gscp_rf_oob","4_13_1004",1,5.32036120245396
4,"gscp_rf_oob","4_13_2001",1,5.31630227343925
4,"gscp_rf_oob","4_13_4003",1,5.32032493747972
4,"gscp_rf_oob","4_13_4005",1,5.32390697720833
4,"gscp_rf_oob","4_13_4021",1,5.32224558766915
4,"gscp_rf_oob","4_13_9812",1,5.31909861172529
4,"gscp_rf_oob","4_13_9997",1,5.31962669486149
4,"gscp_rf_oob","4_19_11",0,5.28725849527362
4,"gscp_rf_oob","4_19_1028",1,5.2843149630978
4,"gscp_rf_oob","4_21_1",1,5.32059042988192
4,"gscp_rf_oob","4_21_3015",1,5.31813663425066
4,"gscp_rf_oob","4_23_4",1,4.86707431221768
4,"gscp_rf_oob","4_27_8011",1,5.07248208258108
4,"lscp_rf_oob","4_12_8000",0,6.25033623062937
4,"lscp_rf_oob","4_13_19",1,6.05425717259865
4,"lscp_rf_oob","4_13_1003",1,6.06246428580298
4,"lscp_rf_oob","4_13_1004",1,6.05665172291895
4,"lscp_rf_oob","4_13_2001",1,6.05203107434365
4,"lscp_rf_oob","4_13_4003",1,6.05661043919583
4,"lscp_rf_oob","4_13_4005",1,6.06068820126279
4,"lscp_rf_oob","4_13_4021",1,6.05879689023483
4,"lscp_rf_oob","4_13_9812",1,6.05521440089866
4,"lscp_rf_oob","4_13_9997",1,6.05581556602918
4,"lscp_rf_oob","4_19_11",0,6.01896789641772
4,"lscp_rf_oob","4_19_1028",1,6.0156170056519
4,"lscp_rf_oob","4_21_1",1,6.05691267337769
4,"lscp_rf_oob","4_21_3015",1,6.0541192943246
4,"lscp_rf_oob","4_23_4",1,5.54063397144375
4,"lscp_rf_oob","4_27_8011",1,6.0738938642327
4,"w_fc","4_12_8000",0,5.56198494215182
4,"w_fc","4_13_19",1,5.69403506030018
4,"w_fc","4_13_1003",1,5.69845996108285
4,"w_fc","4_13_1004",1,5.6994508873312
4,"w_fc","4_13_2001",1,5.69514895298967
4,"w_fc","4_13_4003",1,5.69292493626074
4,"w_fc","4_13_4005",1,5.6970065794472
4,"w_fc","4_13_4021",1,5.69528970226298
4,"w_fc","4_13_9812",1,5.69260520263908
4,"w_fc","4_13_9997",1,5.69641952546756
4,"w_fc","4_19_11",0,5.53059281592169
4,"w_fc","4_19_1028",1,5.52159160479794
4,"w_fc","4_21_1",1,5.6567248066954
4,"w_fc","4_21_3015",1,5.65947863889534
4,"w_fc","4_23_4",1,4.97629977653525
4,"w_fc","4_27_8011",1,5.15338726550041
5,"naive","5_119_7",1,5.74406925449176
5,"gscp_rf_oob","5_119_7",1,5.89181697961853
5,"lscp_rf_oob","5_119_7",1,5.78757563937359
5,"w_fc","5_119_7",1,5.75094360276945
6,"naive","6_19_500",1,5.89824062955851
6,"naive","6_27_2",1,5.89824062955851
6,"naive","6_27_1018",1,5.89824062955851
6,"naive","6_27_1023",0,5.89824062955851
6,"naive","6_29_14",0,5.89824062955851
6,"naive","6_29_18",1,5.89824062955851
6,"naive","6_37_1103",1,5.89824062955851
6,"naive","6_37_1302",0,5.89824062955851
6,"naive","6_37_4008",0,5.89824062955851
6,"naive","6_37_9033",1,5.89824062955851
6,"naive","6_59_7",1,5.89824062955851
6,"naive","6_61_3",1,5.89824062955851
6,"naive","6_65_9",1,5.89824062955851
6,"naive","6_65_500",1,5.89824062955851
6,"naive","6_65_1016",1,5.89824062955851
6,"naive","6_65_8001",1,5.89824062955851
6,"naive","6_65_8005",0,5.89824062955851
6,"naive","6_67_6",1,5.89824062955851
6,"naive","6_71_27",0,5.89824062955851
6,"naive","6_71_306",1,5.89824062955851
6,"naive","6_73_1022",1,5.89824062955851
6,"naive","6_73_1201",1,5.89824062955851
6,"naive","6_79_2004",1,5.89824062955851
6,"naive","6_79_2007",1,5.89824062955851
6,"naive","6_79_2020",1,5.89824062955851
6,"naive","6_83_2004",1,5.89824062955851
6,"naive","6_83_2011",0,5.89824062955851
6,"naive","6_107_9",1,5.89824062955851
6,"naive","6_27_1033",1,5.89824062955851
6,"naive","6_1_7",1,5.89824062955851
6,"naive","6_1_9",1,5.89824062955851
6,"naive","6_1_11",1,5.89824062955851
6,"naive","6_1_12",1,5.89824062955851
6,"naive","6_1_15",1,5.89824062955851
6,"naive","6_7_8",1,5.89824062955851
6,"naive","6_9_1",1,5.89824062955851
6,"naive","6_11_1002",1,5.89824062955851
6,"naive","6_13_2",1,5.89824062955851
6,"naive","6_13_1004",1,5.89824062955851
6,"naive","6_19_11",0,5.89824062955851
6,"naive","6_19_2009",1,5.89824062955851
6,"naive","6_19_2016",0,5.89824062955851
6,"naive","6_19_5001",1,5.89824062955851
6,"naive","6_19_5025",0,5.89824062955851
6,"naive","6_25_5",1,5.89824062955851
6,"naive","6_25_7",1,5.89824062955851
6,"naive","6_25_1003",1,5.89824062955851
6,"naive","6_27_1003",1,5.89824062955851
6,"naive","6_29_10",0,5.89824062955851
6,"naive","6_29_19",1,5.89824062955851
6,"naive","6_31_1004",0,5.89824062955851
6,"naive","6_37_4009",1,5.89824062955851
6,"naive","6_39_2010",1,5.89824062955851
6,"naive","6_41_1",1,5.89824062955851
6,"naive","6_45_6",1,5.89824062955851
6,"naive","6_45_2003",0,5.89824062955851
6,"naive","6_47_3",1,5.89824062955851
6,"naive","6_47_2510",1,5.89824062955851
6,"naive","6_53_2",0,5.89824062955851
6,"naive","6_53_8",1,5.89824062955851
6,"naive","6_53_1003",1,5.89824062955851
6,"naive","6_57_5",1,5.89824062955851
6,"naive","6_61_6",1,5.89824062955851
6,"naive","6_67_10",1,5.89824062955851
6,"naive","6_67_12",1,5.89824062955851
6,"naive","6_67_15",1,5.89824062955851
6,"naive","6_67_5003",1,5.89824062955851
6,"naive","6_69_2",1,5.89824062955851
6,"naive","6_71_8001",1,5.89824062955851
6,"naive","6_73_77",1,5.89824062955851
6,"naive","6_75_5",1,5.89824062955851
6,"naive","6_77_1003",1,5.89824062955851
6,"naive","6_77_2010",1,5.89824062955851
6,"naive","6_79_8002",1,5.89824062955851
6,"naive","6_81_1001",1,5.89824062955851
6,"naive","6_83_11",1,5.89824062955851
6,"naive","6_85_2",1,5.89824062955851
6,"naive","6_85_5",1,5.89824062955851
6,"naive","6_85_6",1,5.89824062955851
6,"naive","6_87_7",1,5.89824062955851
6,"naive","6_87_1005",1,5.89824062955851
6,"naive","6_93_2001",1,5.89824062955851
6,"naive","6_95_4",1,5.89824062955851
6,"naive","6_97_4",1,5.89824062955851
6,"naive","6_99_5",0,5.89824062955851
6,"naive","6_99_6",0,5.89824062955851
6,"naive","6_101_3",1,5.89824062955851
6,"naive","6_103_7",1,5.89824062955851
6,"naive","6_107_2003",0,5.89824062955851
6,"naive","6_111_7",1,5.89824062955851
6,"naive","6_111_9",1,5.89824062955851
6,"naive","6_111_1004",1,5.89824062955851
6,"naive","6_111_2002",1,5.89824062955851
6,"naive","6_111_3001",1,5.89824062955851
6,"naive","6_51_5",1,5.89824062955851
6,"naive","6_31_4",0,5.89824062955851
6,"gscp_rf_oob","6_19_500",1,5.12616469699336
6,"gscp_rf_oob","6_27_2",1,4.95739611128352
6,"gscp_rf_oob","6_27_1018",1,4.99814266349297
6,"gscp_rf_oob","6_27_1023",0,4.96241500647757
6,"gscp_rf_oob","6_29_14",0,5.30166076707023
6,"gscp_rf_oob","6_29_18",1,5.02593388838217
6,"gscp_rf_oob","6_37_1103",0,5.3364060924763
6,"gscp_rf_oob","6_37_1302",0,5.35572903100454
6,"gscp_rf_oob","6_37_4008",0,5.36083827457391
6,"gscp_rf_oob","6_37_9033",1,5.23409130157029
6,"gscp_rf_oob","6_59_7",1,5.31690567361861
6,"gscp_rf_oob","6_61_3",1,4.90329883957384
6,"gscp_rf_oob","6_65_9",1,5.20740455459044
6,"gscp_rf_oob","6_65_500",0,4.98984015351887
6,"gscp_rf_oob","6_65_1016",0,5.08694059654697
6,"gscp_rf_oob","6_65_8001",0,5.19383857672464
6,"gscp_rf_oob","6_65_8005",0,5.20903483991058
6,"gscp_rf_oob","6_67_6",0,5.02154371755171
6,"gscp_rf_oob","6_71_27",0,5.22802886689559
6,"gscp_rf_oob","6_71_306",1,5.10128949244718
6,"gscp_rf_oob","6_73_1022",1,5.27161590535497
6,"gscp_rf_oob","6_73_1201",1,5.21956894520284
6,"gscp_rf_oob","6_79_2004",1,5.57657351447286
6,"gscp_rf_oob","6_79_2007",1,5.57616203287131
6,"gscp_rf_oob","6_79_2020",1,5.55221345360826
6,"gscp_rf_oob","6_83_2004",1,5.61724558402494
6,"gscp_rf_oob","6_83_2011",1,5.55042480947017
6,"gscp_rf_oob","6_107_9",1,5.11370023277389
6,"gscp_rf_oob","6_27_1033",1,4.97631209057013
6,"gscp_rf_oob","6_1_7",1,5.28745310523025
6,"gscp_rf_oob","6_1_9",1,5.3492789881189
6,"gscp_rf_oob","6_1_11",1,5.35776954908221
6,"gscp_rf_oob","6_1_12",1,5.35788350892567
6,"gscp_rf_oob","6_1_15",1,5.30700005953565
6,"gscp_rf_oob","6_7_8",1,5.02380377847817
6,"gscp_rf_oob","6_9_1",1,4.95379842155263
6,"gscp_rf_oob","6_11_1002",1,5.09753400057975
6,"gscp_rf_oob","6_13_2",1,5.28697301052184
6,"gscp_rf_oob","6_13_1004",1,5.3470387892615
6,"gscp_rf_oob","6_19_11",0,5.17768679596975
6,"gscp_rf_oob","6_19_2009",1,5.28336140709228
6,"gscp_rf_oob","6_19_2016",0,5.19214755679781
6,"gscp_rf_oob","6_19_5001",0,5.16464280838859
6,"gscp_rf_oob","6_19_5025",0,5.18396876699228
6,"gscp_rf_oob","6_25_5",0,4.93938598723606
6,"gscp_rf_oob","6_25_7",1,4.9188969552134
6,"gscp_rf_oob","6_25_1003",1,4.94561413325034
6,"gscp_rf_oob","6_27_1003",1,4.97934145535858
6,"gscp_rf_oob","6_29_10",0,5.29006350808438
6,"gscp_rf_oob","6_29_19",1,5.18835751520955
6,"gscp_rf_oob","6_31_1004",0,5.24417554349181
6,"gscp_rf_oob","6_37_4009",1,5.36476980611343
6,"gscp_rf_oob","6_39_2010",0,5.17537037769542
6,"gscp_rf_oob","6_41_1",1,5.37636592732528
6,"gscp_rf_oob","6_45_6",1,5.34564955044134
6,"gscp_rf_oob","6_45_2003",0,5.34475887393152
6,"gscp_rf_oob","6_47_3",0,5.15350454763672
6,"gscp_rf_oob","6_47_2510",0,5.1537195986437
6,"gscp_rf_oob","6_53_2",0,5.50677633425178
6,"gscp_rf_oob","6_53_8",1,5.46559400433611
6,"gscp_rf_oob","6_53_1003",1,5.45162743406297
6,"gscp_rf_oob","6_57_5",1,4.86462066908875
6,"gscp_rf_oob","6_61_6",1,4.97403765231564
6,"gscp_rf_oob","6_67_10",1,5.05932266798384
6,"gscp_rf_oob","6_67_12",1,4.95866515664157
6,"gscp_rf_oob","6_67_15",1,5.05769127923959
6,"gscp_rf_oob","6_67_5003",1,5.00527687462028
6,"gscp_rf_oob","6_69_2",1,5.3832408590316
6,"gscp_rf_oob","6_71_8001",0,5.04621249353894
6,"gscp_rf_oob","6_73_77",1,5.16593657258338
6,"gscp_rf_oob","6_75_5",1,5.38807639467796
6,"gscp_rf_oob","6_77_1003",0,5.13396529308652
6,"gscp_rf_oob","6_77_2010",1,5.16485475816317
6,"gscp_rf_oob","6_79_8002",1,5.518869674999
6,"gscp_rf_oob","6_81_1001",1,5.4021383543341
6,"gscp_rf_oob","6_83_11",1,5.53170204396843
6,"gscp_rf_oob","6_85_2",1,5.38637109746282
6,"gscp_rf_oob","6_85_5",0,5.37268924171926
6,"gscp_rf_oob","6_85_6",1,5.36684845608153
6,"gscp_rf_oob","6_87_7",1,5.45636878102542
6,"gscp_rf_oob","6_87_1005",1,5.45745682563775
6,"gscp_rf_oob","6_93_2001",0,4.91453076529566
6,"gscp_rf_oob","6_95_4",1,5.29982346963167
6,"gscp_rf_oob","6_97_4",1,5.36781538306048
6,"gscp_rf_oob","6_99_5",0,5.153924511542
6,"gscp_rf_oob","6_99_6",0,5.16398008617912
6,"gscp_rf_oob","6_101_3",0,5.01503276104862
6,"gscp_rf_oob","6_103_7",1,5.07200162445414
6,"gscp_rf_oob","6_107_2003",0,5.20224010782584
6,"gscp_rf_oob","6_111_7",1,5.42901551858933
6,"gscp_rf_oob","6_111_9",1,5.3916422397147
6,"gscp_rf_oob","6_111_1004",1,5.45567513090824
6,"gscp_rf_oob","6_111_2002",1,5.38782175137415
6,"gscp_rf_oob","6_111_3001",1,5.46862877301289
6,"gscp_rf_oob","6_51_5",1,4.87509421155088
6,"gscp_rf_oob","6_31_4",0,5.26794859915288
6,"lscp_rf_oob","6_19_500",1,6.6941276017054
6,"lscp_rf_oob","6_27_2",1,6.33534471797782
6,"lscp_rf_oob","6_27_1018",1,6.38741710608666
6,"lscp_rf_oob","6_27_1023",0,6.34175865594929
6,"lscp_rf_oob","6_29_14",0,6.77530053745745
6,"lscp_rf_oob","6_29_18",1,6.42293312817881
6,"lscp_rf_oob","6_37_1103",1,6.81970360891762
6,"lscp_rf_oob","6_37_1302",0,6.84439751551551
6,"lscp_rf_oob","6_37_4008",0,6.85092691492872
6,"lscp_rf_oob","6_37_9033",1,6.68894958894694
6,"lscp_rf_oob","6_59_7",1,6.79478288988789
6,"lscp_rf_oob","6_61_3",1,6.40309276848889
6,"lscp_rf_oob","6_65_9",1,6.65484504339046
6,"lscp_rf_oob","6_65_500",1,6.37680684587553
6,"lscp_rf_oob","6_65_1016",1,6.50089714752627
6,"lscp_rf_oob","6_65_8001",1,6.63750829153787
6,"lscp_rf_oob","6_65_8005",0,6.65692847978728
6,"lscp_rf_oob","6_67_6",1,6.55750573573051
6,"lscp_rf_oob","6_71_27",0,6.68120205120086
6,"lscp_rf_oob","6_71_306",1,6.51923443585457
6,"lscp_rf_oob","6_73_1022",1,6.73690446183684
6,"lscp_rf_oob","6_73_1201",1,6.67039062540241
6,"lscp_rf_oob","6_79_2004",1,7.28230497706546
6,"lscp_rf_oob","6_79_2007",1,7.28176763374753
6,"lscp_rf_oob","6_79_2020",1,7.25049379551904
6,"lscp_rf_oob","6_83_2004",1,7.33541759429502
6,"lscp_rf_oob","6_83_2011",1,7.24815805080497
6,"lscp_rf_oob","6_107_9",1,6.53509484248942
6,"lscp_rf_oob","6_27_1033",1,6.35951854769985
6,"lscp_rf_oob","6_1_7",1,6.90475001616799
6,"lscp_rf_oob","6_1_9",1,6.98548685815581
6,"lscp_rf_oob","6_1_11",1,6.99657446494531
6,"lscp_rf_oob","6_1_12",1,6.99672328219537
6,"lscp_rf_oob","6_1_15",1,6.93027588474217
6,"lscp_rf_oob","6_7_8",1,6.56045709159275
6,"lscp_rf_oob","6_9_1",1,6.4690388832903
6,"lscp_rf_oob","6_11_1002",1,6.6567395062291
6,"lscp_rf_oob","6_13_2",1,6.90412307274557
6,"lscp_rf_oob","6_13_1004",1,6.98256143966245
6,"lscp_rf_oob","6_19_11",0,6.76140899534807
6,"lscp_rf_oob","6_19_2009",1,6.89940677203475
6,"lscp_rf_oob","6_19_2016",0,6.7802929337158
6,"lscp_rf_oob","6_19_5001",1,6.74437518499185
6,"lscp_rf_oob","6_19_5025",0,6.76961246092141
6,"lscp_rf_oob","6_25_5",1,6.31232853333313
6,"lscp_rf_oob","6_25_7",1,6.28614440806104
6,"lscp_rf_oob","6_25_1003",1,6.32028784323467
6,"lscp_rf_oob","6_27_1003",1,6.36338994909294
6,"lscp_rf_oob","6_29_10",0,6.76047972592458
6,"lscp_rf_oob","6_29_19",1,6.63050372435399
6,"lscp_rf_oob","6_31_1004",0,6.84823495321309
6,"lscp_rf_oob","6_37_4009",1,6.85595124766577
6,"lscp_rf_oob","6_39_2010",1,6.7583840438641
6,"lscp_rf_oob","6_41_1",1,7.02085900050885
6,"lscp_rf_oob","6_45_6",1,6.98074726815585
6,"lscp_rf_oob","6_45_2003",0,6.97958415644154
6,"lscp_rf_oob","6_47_3",1,6.7298300146469
6,"lscp_rf_oob","6_47_2510",1,6.73011084426644
6,"lscp_rf_oob","6_53_2",0,7.19115862140639
6,"lscp_rf_oob","6_53_8",1,7.13737966819548
6,"lscp_rf_oob","6_53_1003",1,7.11914108065625
6,"lscp_rf_oob","6_57_5",1,6.35258393314469
6,"lscp_rf_oob","6_61_6",1,6.49546877801595
6,"lscp_rf_oob","6_67_10",1,6.60684030256554
6,"lscp_rf_oob","6_67_12",1,6.47539422839033
6,"lscp_rf_oob","6_67_15",1,6.60470991365541
6,"lscp_rf_oob","6_67_5003",1,6.53626328085507
6,"lscp_rf_oob","6_69_2",1,7.02983679830027
6,"lscp_rf_oob","6_71_8001",1,6.44884833672459
6,"lscp_rf_oob","6_73_77",1,6.6018506981987
6,"lscp_rf_oob","6_75_5",1,7.0361514008448
6,"lscp_rf_oob","6_77_1003",1,6.70431420098645
6,"lscp_rf_oob","6_77_2010",1,6.7446519647912
6,"lscp_rf_oob","6_79_8002",1,7.20695100633314
6,"lscp_rf_oob","6_81_1001",1,7.0545145549439
6,"lscp_rf_oob","6_83_11",1,7.22370846934713
6,"lscp_rf_oob","6_85_2",1,7.03392449674949
6,"lscp_rf_oob","6_85_5",1,7.0160577106454
6,"lscp_rf_oob","6_85_6",1,7.00843037780218
6,"lscp_rf_oob","6_87_7",1,7.1253326846032
6,"lscp_rf_oob","6_87_1005",1,7.12675353428358
6,"lscp_rf_oob","6_93_2001",1,6.41776025352675
6,"lscp_rf_oob","6_95_4",1,6.92090415921206
6,"lscp_rf_oob","6_97_4",1,7.00969306305737
6,"lscp_rf_oob","6_99_5",0,6.7303784347887
6,"lscp_rf_oob","6_99_6",0,6.74350975297847
6,"lscp_rf_oob","6_101_3",1,6.54900324386434
6,"lscp_rf_oob","6_103_7",1,6.6233974281137
6,"lscp_rf_oob","6_107_2003",0,6.6482450966045
6,"lscp_rf_oob","6_111_7",1,7.08961275754399
6,"lscp_rf_oob","6_111_9",1,6.89029309295174
6,"lscp_rf_oob","6_111_1004",1,7.12442686462475
6,"lscp_rf_oob","6_111_2002",1,6.8854106687748
6,"lscp_rf_oob","6_111_3001",1,7.14134269512981
6,"lscp_rf_oob","6_51_5",1,6.23016633520468
6,"lscp_rf_oob","6_31_4",0,6.87927957965105
6,"w_fc","6_19_500",1,5.39496876798087
6,"w_fc","6_27_2",1,5.25778541237989
6,"w_fc","6_27_1018",1,5.30728614388805
6,"w_fc","6_27_1023",0,5.2601382625748
6,"w_fc","6_29_14",0,5.55457582121186
6,"w_fc","6_29_18",0,5.30516246453281
6,"w_fc","6_37_1103",1,5.50787810322648
6,"w_fc","6_37_1302",1,5.51045248512219
6,"w_fc","6_37_4008",1,5.51120436139643
6,"w_fc","6_37_9033",1,5.46046139324462
6,"w_fc","6_59_7",1,5.46345725909436
6,"w_fc","6_61_3",1,5.02223073084093
6,"w_fc","6_65_9",0,5.27495241294556
6,"w_fc","6_65_500",1,5.05750358232084
6,"w_fc","6_65_1016",1,5.22091544786192
6,"w_fc","6_65_8001",1,5.352101141187
6,"w_fc","6_65_8005",1,5.36844885649519
6,"w_fc","6_67_6",1,5.18243767137292
6,"w_fc","6_71_27",1,5.39349345032489
6,"w_fc","6_71_306",1,5.31135179128466
6,"w_fc","6_73_1022",0,5.22813593728788
6,"w_fc","6_73_1201",0,5.27368492538504
6,"w_fc","6_79_2004",1,5.7335604586285
6,"w_fc","6_79_2007",1,5.73356497508039
6,"w_fc","6_79_2020",1,5.72129223682247
6,"w_fc","6_83_2004",0,5.75087515317519
6,"w_fc","6_83_2011",0,5.70464289495763
6,"w_fc","6_107_9",1,5.41221861840053
6,"w_fc","6_27_1033",1,5.28268842554958
6,"w_fc","6_1_7",1,5.48134420338369
6,"w_fc","6_1_9",1,5.53372507275215
6,"w_fc","6_1_11",1,5.53999075782835
6,"w_fc","6_1_12",1,5.54032822120243
6,"w_fc","6_1_15",1,5.49816917601244
6,"w_fc","6_7_8",1,5.1991975580473
6,"w_fc","6_9_1",1,5.11693575135857
6,"w_fc","6_11_1002",1,5.27813949978405
6,"w_fc","6_13_2",1,5.47612645830007
6,"w_fc","6_13_1004",1,5.52948449202828
6,"w_fc","6_19_11",0,5.44565978733876
6,"w_fc","6_19_2009",1,5.5267296872077
6,"w_fc","6_19_2016",0,5.46040865311012
6,"w_fc","6_19_5001",1,5.43437690878936
6,"w_fc","6_19_5025",0,5.45385105843367
6,"w_fc","6_25_5",0,4.52292399866951
6,"w_fc","6_25_7",0,4.69191257014659
6,"w_fc","6_25_1003",0,4.60925672751537
6,"w_fc","6_27_1003",1,5.28554490023421
6,"w_fc","6_29_10",0,5.54612038360201
6,"w_fc","6_29_19",0,5.44090630441608
6,"w_fc","6_31_1004",0,5.51420033099374
6,"w_fc","6_37_4009",1,5.50818252409173
6,"w_fc","6_39_2010",1,5.43133385530951
6,"w_fc","6_41_1",1,5.55449228031041
6,"w_fc","6_45_6",1,5.53762676102609
6,"w_fc","6_45_2003",0,5.54095194287821
6,"w_fc","6_47_3",1,5.38696952298162
6,"w_fc","6_47_2510",1,5.38488934030868
6,"w_fc","6_53_2",0,5.67662272009984
6,"w_fc","6_53_8",0,5.65942870287027
6,"w_fc","6_53_1003",0,5.6361834273942
6,"w_fc","6_57_5",1,4.95930143601356
6,"w_fc","6_61_6",1,5.12048632710645
6,"w_fc","6_67_10",1,5.22872660830353
6,"w_fc","6_67_12",0,5.10207243740227
6,"w_fc","6_67_15",1,5.22648848856181
6,"w_fc","6_67_5003",1,5.16511883650368
6,"w_fc","6_69_2",1,5.58520584578866
6,"w_fc","6_71_8001",1,5.22296560601212
6,"w_fc","6_73_77",0,5.00759024061902
6,"w_fc","6_75_5",1,5.5656828550004
6,"w_fc","6_77_1003",1,5.32639231612659
6,"w_fc","6_77_2010",1,5.36402321900781
6,"w_fc","6_79_8002",0,5.70216063188289
6,"w_fc","6_81_1001",1,5.58079065510906
6,"w_fc","6_83_11",1,5.69142509562121
6,"w_fc","6_85_2",1,5.58168939012696
6,"w_fc","6_85_5",1,5.56077364424882
6,"w_fc","6_85_6",1,5.55649521641505
6,"w_fc","6_87_7",0,5.63125005093153
6,"w_fc","6_87_1005",0,5.63008546412377
6,"w_fc","6_93_2001",1,5.08668071178033
6,"w_fc","6_95_4",1,5.4863232131844
6,"w_fc","6_97_4",1,5.54772139290165
6,"w_fc","6_99_5",0,5.36119079012169
6,"w_fc","6_99_6",0,5.37989838558785
6,"w_fc","6_101_3",1,5.17254292883587
6,"w_fc","6_103_7",0,5.27708768136912
6,"w_fc","6_107_2003",0,5.48427433390637
6,"w_fc","6_111_7",1,5.60237667807493
6,"w_fc","6_111_9",0,5.58385492436775
6,"w_fc","6_111_1004",0,5.63753127701882
6,"w_fc","6_111_2002",1,5.57201465231957
6,"w_fc","6_111_3001",1,5.6369001880344
6,"w_fc","6_51_5",1,5.09468000988545
6,"w_fc","6_31_4",0,5.53567945659443
8,"naive","8_31_2",1,5.41993927665188
8,"naive","8_103_6",1,5.41993927665188
8,"naive","8_1_10",1,5.41993927665188
8,"naive","8_13_3",1,5.41993927665188
8,"naive","8_31_13",1,5.41993927665188
8,"naive","8_31_26",1,5.41993927665188
8,"naive","8_31_27",1,5.41993927665188
8,"naive","8_31_28",1,5.41993927665188
8,"naive","8_35_4",1,5.41993927665188
8,"naive","8_41_17",1,5.41993927665188
8,"naive","8_69_9",1,5.41993927665188
8,"naive","8_77_17",0,5.41993927665188
8,"naive","8_123_6",1,5.41993927665188
8,"gscp_rf_oob","8_31_2",1,5.72033637183856
8,"gscp_rf_oob","8_103_6",1,5.53994057307786
8,"gscp_rf_oob","8_1_10",1,5.71524841119726
8,"gscp_rf_oob","8_13_3",1,5.67592900060377
8,"gscp_rf_oob","8_31_13",1,5.72082042587124
8,"gscp_rf_oob","8_31_26",1,5.7188054270433
8,"gscp_rf_oob","8_31_27",1,5.72147677263757
8,"gscp_rf_oob","8_31_28",1,5.71831261577213
8,"gscp_rf_oob","8_35_4",1,5.72907543313367
8,"gscp_rf_oob","8_41_17",1,5.73634500792432
8,"gscp_rf_oob","8_69_9",1,5.50948749422798
8,"gscp_rf_oob","8_77_17",1,5.72418609232867
8,"gscp_rf_oob","8_123_6",1,5.58308752900509
8,"lscp_rf_oob","8_31_2",1,6.08041864765643
8,"lscp_rf_oob","8_103_6",1,6.14928101477535
8,"lscp_rf_oob","8_1_10",1,6.0750104113656
8,"lscp_rf_oob","8_13_3",1,6.03321593253662
8,"lscp_rf_oob","8_31_13",1,6.08093317179897
8,"lscp_rf_oob","8_31_26",1,6.07879133333844
8,"lscp_rf_oob","8_31_27",1,6.08163083411425
8,"lscp_rf_oob","8_31_28",1,6.07826750070899
8,"lscp_rf_oob","8_35_4",1,6.08970781315436
8,"lscp_rf_oob","8_41_17",1,6.09743499128591
8,"lscp_rf_oob","8_69_9",1,5.85629730864351
8,"lscp_rf_oob","8_77_17",1,6.35379177777746
8,"lscp_rf_oob","8_123_6",1,5.93453029964908
8,"w_fc","8_31_2",1,5.78986348365721
8,"w_fc","8_103_6",1,5.35641444469054
8,"w_fc","8_1_10",1,5.7595848807036
8,"w_fc","8_13_3",1,5.57469296271806
8,"w_fc","8_31_13",1,5.79595213999361
8,"w_fc","8_31_26",1,5.77815870291111
8,"w_fc","8_31_27",1,5.79662741039896
8,"w_fc","8_31_28",1,5.77584014411931
8,"w_fc","8_35_4",1,5.86212757675734
8,"w_fc","8_41_17",1,5.98074537504481
8,"w_fc","8_69_9",1,5.23724625471712
8,"w_fc","8_77_17",1,5.84035883247126
8,"w_fc","8_123_6",1,5.41559367355159
9,"naive","9_1_10",1,5.19915850309583
9,"naive","9_1_1123",1,5.19915850309583
9,"naive","9_3_25",1,5.19915850309583
9,"naive","9_3_1003",1,5.19915850309584
9,"naive","9_5_5",1,5.19915850309584
9,"naive","9_9_27",1,5.19915850309584
9,"naive","9_9_2123",1,5.19915850309584
9,"naive","9_11_124",1,5.19915850309583
9,"gscp_rf_oob","9_1_10",1,4.20421874986016
9,"gscp_rf_oob","9_1_1123",1,4.20066516316074
9,"gscp_rf_oob","9_3_25",1,4.1616477045044
9,"gscp_rf_oob","9_3_1003",1,4.15652949148283
9,"gscp_rf_oob","9_5_5",1,4.19377704596593
9,"gscp_rf_oob","9_9_27",1,4.20892133336606
9,"gscp_rf_oob","9_9_2123",1,4.19883638042735
9,"gscp_rf_oob","9_11_124",1,4.17196576252101
9,"lscp_rf_oob","9_1_10",1,3.88904324779025
9,"lscp_rf_oob","9_1_1123",1,3.88575606099501
9,"lscp_rf_oob","9_3_25",1,3.84966360406983
9,"lscp_rf_oob","9_3_1003",1,3.84492908548824
9,"lscp_rf_oob","9_5_5",1,3.87938432173493
9,"lscp_rf_oob","9_9_27",1,3.89339329514005
9,"lscp_rf_oob","9_9_2123",1,3.88406437567507
9,"lscp_rf_oob","9_11_124",1,3.85920815354437
9,"w_fc","9_1_10",1,4.48045871022252
9,"w_fc","9_1_1123",1,4.47294541579178
9,"w_fc","9_3_25",1,4.23179170908263
9,"w_fc","9_3_1003",1,4.20209304449053
9,"w_fc","9_5_5",1,4.40394811522464
9,"w_fc","9_9_27",1,4.53807482605545
9,"w_fc","9_9_2123",1,4.47482297580504
9,"w_fc","9_11_124",1,4.31244603715383
10,"naive","10_3_2004",1,5.20702705503612
10,"naive","10_1_2",1,5.20702705503612
10,"naive","10_1_3",1,5.20702705503612
10,"naive","10_3_1007",1,5.20702705503612
10,"naive","10_3_1008",1,5.20702705503612
10,"naive","10_5_1002",1,5.20702705503612
10,"gscp_rf_oob","10_3_2004",1,4.58428913120362
10,"gscp_rf_oob","10_1_2",1,4.65573358832929
10,"gscp_rf_oob","10_1_3",1,4.64573624748267
10,"gscp_rf_oob","10_3_1007",1,4.60797920933997
10,"gscp_rf_oob","10_3_1008",1,4.60639827104718
10,"gscp_rf_oob","10_5_1002",1,4.66911221047527
10,"lscp_rf_oob","10_3_2004",1,4.38794964522409
10,"lscp_rf_oob","10_1_2",1,4.3759547073995
10,"lscp_rf_oob","10_1_3",1,4.37559329183106
10,"lscp_rf_oob","10_3_1007",1,4.34003177175852
10,"lscp_rf_oob","10_3_1008",1,4.33854276277905
10,"lscp_rf_oob","10_5_1002",1,4.38852936259561
10,"w_fc","10_3_2004",1,3.83703067366859
10,"w_fc","10_1_2",1,4.22486912678683
10,"w_fc","10_1_3",1,4.13314048584319
10,"w_fc","10_3_1007",1,3.91792887283421
10,"w_fc","10_3_1008",1,3.92195187332722
10,"w_fc","10_5_1002",1,4.35128357091994
11,"naive","11_1_41",1,5.20366242350222
11,"naive","11_1_43",1,5.20366242350222
11,"naive","11_1_51",1,5.20366242350222
11,"naive","11_1_53",1,5.20366242350222
11,"gscp_rf_oob","11_1_41",1,4.906792473362
11,"gscp_rf_oob","11_1_43",1,4.89182795338793
11,"gscp_rf_oob","11_1_51",1,4.90774326348378
11,"gscp_rf_oob","11_1_53",1,4.90241955833729
11,"lscp_rf_oob","11_1_41",1,3.82223045938816
11,"lscp_rf_oob","11_1_43",1,3.81057358896506
11,"lscp_rf_oob","11_1_51",1,3.82297109371979
11,"lscp_rf_oob","11_1_53",1,3.81882410195721
11,"w_fc","11_1_41",1,4.084191443895
11,"w_fc","11_1_43",1,4.04289152335236
11,"w_fc","11_1_51",1,4.08838792666677
11,"w_fc","11_1_53",1,4.03256812866502
12,"naive","12_57_113",1,6.21878251967216
12,"naive","12_1_3012",1,6.21878251967216
12,"naive","12_9_7",1,6.21878251967216
12,"naive","12_11_33",1,6.21878251967216
12,"naive","12_11_34",1,6.21878251967216
12,"naive","12_11_35",1,6.21878251967216
12,"naive","12_11_2003",1,6.21878251967216
12,"naive","12_11_5005",1,6.21878251967216
12,"naive","12_31_98",1,6.21878251967216
12,"naive","12_31_108",1,6.21878251967216
12,"naive","12_33_4",1,6.21878251967216
12,"naive","12_57_3002",1,6.21878251967216
12,"naive","12_71_5",1,6.21878251967216
12,"naive","12_86_1016",1,6.21878251967216
12,"naive","12_99_8",1,6.21878251967216
12,"naive","12_99_22",1,6.21878251967216
12,"naive","12_99_2005",1,6.21878251967216
12,"naive","12_103_4",1,6.21878251967216
12,"naive","12_103_18",1,6.21878251967216
12,"naive","12_105_6006",1,6.21878251967216
12,"naive","12_115_13",1,6.21878251967216
12,"naive","12_117_1002",1,6.21878251967216
12,"naive","12_127_5002",1,6.21878251967216
12,"gscp_rf_oob","12_57_113",1,5.55477546382664
12,"gscp_rf_oob","12_1_3012",1,5.54613369253328
12,"gscp_rf_oob","12_9_7",1,5.55490695153745
12,"gscp_rf_oob","12_11_33",1,5.55508693579043
12,"gscp_rf_oob","12_11_34",1,5.55508717384695
12,"gscp_rf_oob","12_11_35",1,5.55508686878007
12,"gscp_rf_oob","12_11_2003",1,5.55508593507382
12,"gscp_rf_oob","12_11_5005",1,5.55508571605998
12,"gscp_rf_oob","12_31_98",1,5.53025103393083
12,"gscp_rf_oob","12_31_108",1,5.52175840721284
12,"gscp_rf_oob","12_33_4",1,5.53737569328398
12,"gscp_rf_oob","12_57_3002",1,5.55478519950763
12,"gscp_rf_oob","12_71_5",1,5.55507369618713
12,"gscp_rf_oob","12_86_1016",1,5.55508830438398
12,"gscp_rf_oob","12_99_8",1,5.55507696921065
12,"gscp_rf_oob","12_99_22",1,5.55508056468892
12,"gscp_rf_oob","12_99_2005",1,5.55508441792388
12,"gscp_rf_oob","12_103_4",1,5.55476818097361
12,"gscp_rf_oob","12_103_18",1,5.55486151099344
12,"gscp_rf_oob","12_105_6006",1,5.55476666335666
12,"gscp_rf_oob","12_115_13",1,5.55501225400511
12,"gscp_rf_oob","12_117_1002",1,5.55398468727633
12,"gscp_rf_oob","12_127_5002",1,5.55256035616001
12,"lscp_rf_oob","12_57_113",1,5.22940047214827
12,"lscp_rf_oob","12_1_3012",1,5.22126489886075
12,"lscp_rf_oob","12_9_7",1,5.00725317324013
12,"lscp_rf_oob","12_11_33",1,5.00741541299134
12,"lscp_rf_oob","12_11_34",1,5.00741562757806
12,"lscp_rf_oob","12_11_35",1,5.00741535258748
12,"lscp_rf_oob","12_11_2003",1,5.00741451093458
12,"lscp_rf_oob","12_11_5005",1,5.00741431351313
12,"lscp_rf_oob","12_31_98",1,5.20631257847706
12,"lscp_rf_oob","12_31_108",1,5.1983174135135
12,"lscp_rf_oob","12_33_4",1,5.26048830088881
12,"lscp_rf_oob","12_57_3002",1,5.22940963755471
12,"lscp_rf_oob","12_71_5",1,5.22968123533247
12,"lscp_rf_oob","12_86_1016",1,5.00741664665637
12,"lscp_rf_oob","12_99_8",1,5.22968431663628
12,"lscp_rf_oob","12_99_22",1,5.00740967001157
12,"lscp_rf_oob","12_99_2005",1,5.00741314335922
12,"lscp_rf_oob","12_103_4",1,5.22939361589363
12,"lscp_rf_oob","12_103_18",1,5.22948147904002
12,"lscp_rf_oob","12_105_6006",1,5.22939218717219
12,"lscp_rf_oob","12_115_13",1,5.22962339217073
12,"lscp_rf_oob","12_117_1002",1,5.22865601590653
12,"lscp_rf_oob","12_127_5002",1,5.0051379268008
12,"w_fc","12_57_113",1,6.34580159727518
12,"w_fc","12_1_3012",1,6.04653940629438
12,"w_fc","12_9_7",1,6.36773944079917
12,"w_fc","12_11_33",1,6.43545460642174
12,"w_fc","12_11_34",1,6.43597210789398
12,"w_fc","12_11_35",1,6.43533635960501
12,"w_fc","12_11_2003",1,6.4335753986983
12,"w_fc","12_11_5005",1,6.43318746918356
12,"w_fc","12_31_98",1,5.87066459852133
12,"w_fc","12_31_108",1,5.81162886219285
12,"w_fc","12_33_4",1,5.8468677768348
12,"w_fc","12_57_3002",1,6.34708802704892
12,"w_fc","12_71_5",1,6.41962969547934
12,"w_fc","12_86_1016",1,6.43882971746199
12,"w_fc","12_99_8",1,6.42279092494345
12,"w_fc","12_99_22",1,6.42637810416114
12,"w_fc","12_99_2005",1,6.4311577634986
12,"w_fc","12_103_4",1,6.34481424518228
12,"w_fc","12_103_18",1,6.35845160680308
12,"w_fc","12_105_6006",1,6.34452545293031
12,"w_fc","12_115_13",1,6.39124492003597
12,"w_fc","12_117_1002",1,6.27661227940393
12,"w_fc","12_127_5002",1,6.21102080125658
13,"naive","13_21_12",1,5.50880198951184
13,"naive","13_51_1002",1,5.50880198951184
13,"naive","13_59_2",1,5.50880198951184
13,"naive","13_89_2",1,5.50880198951184
13,"naive","13_95_7",0,5.50880198951184
13,"naive","13_127_6",1,5.50880198951184
13,"naive","13_135_2",1,5.50880198951184
13,"naive","13_139_3",1,5.50880198951185
13,"naive","13_153_1",1,5.50880198951184
13,"naive","13_185_3",1,5.50880198951184
13,"naive","13_215_8",1,5.50880198951184
13,"naive","13_245_91",1,5.50880198951184
13,"naive","13_295_4",0,5.50880198951184
13,"naive","13_303_1",0,5.50880198951184
13,"gscp_rf_oob","13_21_12",1,6.10894120566226
13,"gscp_rf_oob","13_51_1002",1,6.0992156994916
13,"gscp_rf_oob","13_59_2",1,6.10506881026662
13,"gscp_rf_oob","13_89_2",1,6.10770916340104
13,"gscp_rf_oob","13_95_7",1,6.10897519009132
13,"gscp_rf_oob","13_127_6",1,6.06259734727896
13,"gscp_rf_oob","13_135_2",1,6.10473104236287
13,"gscp_rf_oob","13_139_3",1,6.09012670650973
13,"gscp_rf_oob","13_153_1",1,6.10898082781844
13,"gscp_rf_oob","13_185_3",1,6.10483444057561
13,"gscp_rf_oob","13_215_8",1,6.10898167622252
13,"gscp_rf_oob","13_245_91",1,6.06908373881538
13,"gscp_rf_oob","13_295_4",0,5.98362653568807
13,"gscp_rf_oob","13_303_1",0,6.10799070355364
13,"lscp_rf_oob","13_21_12",1,5.79401179233894
13,"lscp_rf_oob","13_51_1002",1,5.72605523228498
13,"lscp_rf_oob","13_59_2",1,5.79033902747976
13,"lscp_rf_oob","13_89_2",1,5.79284326457777
13,"lscp_rf_oob","13_95_7",1,5.79404402479561
13,"lscp_rf_oob","13_127_6",1,5.6916772536045
13,"lscp_rf_oob","13_135_2",1,5.79001867225755
13,"lscp_rf_oob","13_139_3",1,5.77616722217747
13,"lscp_rf_oob","13_153_1",1,5.79404937188545
13,"lscp_rf_oob","13_185_3",1,5.73133020916203
13,"lscp_rf_oob","13_215_8",1,5.79405017655242
13,"lscp_rf_oob","13_245_91",1,5.75620906595003
13,"lscp_rf_oob","13_295_4",0,5.67515737041219
13,"lscp_rf_oob","13_303_1",0,5.7931102907136
13,"w_fc","13_21_12",1,5.47291245578196
13,"w_fc","13_51_1002",1,5.40874111350411
13,"w_fc","13_59_2",1,5.35958748376692
13,"w_fc","13_89_2",1,5.36779860965095
13,"w_fc","13_95_7",1,5.47137688508814
13,"w_fc","13_127_6",1,5.31832563489923
13,"w_fc","13_135_2",1,5.36294063788064
13,"w_fc","13_139_3",1,5.27092516336975
13,"w_fc","13_153_1",1,5.46428407341802
13,"w_fc","13_185_3",1,5.50125179802917
13,"w_fc","13_215_8",1,4.55129997717473
13,"w_fc","13_245_91",1,5.28096872300208
13,"w_fc","13_295_4",0,4.99176670519254
13,"w_fc","13_303_1",0,5.50662138856664
16,"naive","16_9_10",1,5.12715253265107
16,"naive","16_27_2",1,5.12715253265106
16,"naive","16_59_4",0,5.12715253265107
16,"naive","16_79_17",1,5.12715253265106
16,"gscp_rf_oob","16_9_10",1,5.44712713085937
16,"gscp_rf_oob","16_27_2",1,5.66851921537209
16,"gscp_rf_oob","16_59_4",0,5.6078690853021
16,"gscp_rf_oob","16_79_17",1,5.47453225333026
16,"lscp_rf_oob","16_9_10",1,5.80674818415215
16,"lscp_rf_oob","16_27_2",1,6.04275664399639
16,"lscp_rf_oob","16_59_4",0,5.82966036576687
16,"lscp_rf_oob","16_79_17",1,5.71505766735397
16,"w_fc","16_9_10",1,5.10210857744612
16,"w_fc","16_27_2",1,5.53153822290756
16,"w_fc","16_59_4",0,5.36365070629279
16,"w_fc","16_79_17",1,5.11051834963558
17,"naive","17_19_1001",1,5.65775625058315
17,"naive","17_31_119",1,5.65775625058316
17,"naive","17_31_4007",1,5.65775625058316
17,"naive","17_31_4201",1,5.65775625058316
17,"naive","17_43_4002",1,5.65775625058316
17,"naive","17_65_2",1,5.65775625058316
17,"naive","17_83_117",1,5.65775625058316
17,"naive","17_111_1",1,5.65775625058316
17,"naive","17_113_2003",1,5.65775625058315
17,"naive","17_115_13",1,5.65775625058316
17,"naive","17_143_37",1,5.65775625058316
17,"naive","17_157_1",1,5.65775625058315
17,"naive","17_161_3002",1,5.65775625058316
17,"naive","17_163_10",1,5.65775625058316
17,"naive","17_167_12",1,5.65775625058316
17,"naive","17_197_1002",1,5.65775625058316
17,"naive","17_197_1011",1,5.65775625058316
17,"naive","17_201_118",1,5.65775625058316
17,"gscp_rf_oob","17_19_1001",1,5.90593780865917
17,"gscp_rf_oob","17_31_119",1,4.1082995414193
17,"gscp_rf_oob","17_31_4007",1,5.23386428762176
17,"gscp_rf_oob","17_31_4201",1,5.14244326826226
17,"gscp_rf_oob","17_43_4002",1,5.51926399266396
17,"gscp_rf_oob","17_65_2",1,5.83634577506951
17,"gscp_rf_oob","17_83_117",1,5.41998673817995
17,"gscp_rf_oob","17_111_1",1,5.41411343862159
17,"gscp_rf_oob","17_113_2003",1,5.96798735624546
17,"gscp_rf_oob","17_115_13",1,5.9586034603094
17,"gscp_rf_oob","17_143_37",1,5.94614697736041
17,"gscp_rf_oob","17_157_1",1,5.64675118249721
17,"gscp_rf_oob","17_161_3002",1,4.25226144238705
17,"gscp_rf_oob","17_163_10",0,3.96337446977337
17,"gscp_rf_oob","17_167_12",1,5.9610084015208
17,"gscp_rf_oob","17_197_1002",1,5.50610353590091
17,"gscp_rf_oob","17_197_1011",1,5.74366533671097
17,"gscp_rf_oob","17_201_118",1,5.76545624617083
17,"lscp_rf_oob","17_19_1001",1,5.61788925053058
17,"lscp_rf_oob","17_31_119",1,3.90792666286797
17,"lscp_rf_oob","17_31_4007",1,5.03444148722634
17,"lscp_rf_oob","17_31_4201",1,4.94650382828542
17,"lscp_rf_oob","17_43_4002",1,5.30896677801478
17,"lscp_rf_oob","17_65_2",1,5.55169140861415
17,"lscp_rf_oob","17_83_117",1,5.21347222537721
17,"lscp_rf_oob","17_111_1",1,5.2078227126389
17,"lscp_rf_oob","17_113_2003",1,5.74059270367075
17,"lscp_rf_oob","17_115_13",1,5.73156635670871
17,"lscp_rf_oob","17_143_37",1,5.71958449567887
17,"lscp_rf_oob","17_157_1",1,5.43159639970833
17,"lscp_rf_oob","17_161_3002",1,4.15577657358741
17,"lscp_rf_oob","17_163_10",0,3.81236038298339
17,"lscp_rf_oob","17_167_12",1,5.73387966388361
17,"lscp_rf_oob","17_197_1002",1,5.29630776626406
17,"lscp_rf_oob","17_197_1011",1,5.5248178918718
17,"lscp_rf_oob","17_201_118",1,5.54577851534241
17,"w_fc","17_19_1001",1,5.79978659778003
17,"w_fc","17_31_119",1,4.37223607032482
17,"w_fc","17_31_4007",1,5.04868202669659
17,"w_fc","17_31_4201",1,5.00007058013655
17,"w_fc","17_43_4002",1,5.27653590110537
17,"w_fc","17_65_2",1,5.60554745177397
17,"w_fc","17_83_117",1,5.27018130883311
17,"w_fc","17_111_1",1,5.18522967085489
17,"w_fc","17_113_2003",1,5.93650090948589
17,"w_fc","17_115_13",1,5.9197786983698
17,"w_fc","17_143_37",1,5.88530683719852
17,"w_fc","17_157_1",1,5.32150837993892
17,"w_fc","17_161_3002",1,4.53320059698446
17,"w_fc","17_163_10",0,4.15818280852524
17,"w_fc","17_167_12",1,5.93384492351868
17,"w_fc","17_197_1002",1,5.30272436346276
17,"w_fc","17_197_1011",1,5.52473320166231
17,"w_fc","17_201_118",1,5.43184070603952
18,"naive","18_5_8",1,5.77254247008701
18,"naive","18_19_10",1,5.77254247008701
18,"naive","18_39_8",1,5.77254247008701
18,"naive","18_57_7",1,5.77254247008701
18,"naive","18_67_4",1,5.77254247008701
18,"naive","18_89_22",1,5.77254247008701
18,"naive","18_89_34",1,5.77254247008701
18,"naive","18_89_36",1,5.77254247008701
18,"naive","18_95_11",1,5.77254247008701
18,"naive","18_97_81",0,5.77254247008701
18,"naive","18_97_87",0,5.77254247008701
18,"naive","18_105_3",1,5.77254247008701
18,"naive","18_127_24",1,5.77254247008701
18,"naive","18_141_15",1,5.77254247008701
18,"naive","18_157_8",1,5.77254247008701
18,"naive","18_163_21",1,5.77254247008701
18,"naive","18_167_18",1,5.77254247008701
18,"naive","18_183_3",1,5.77254247008701
18,"naive","18_97_78",0,5.77254247008701
18,"gscp_rf_oob","18_5_8",1,5.07327296954805
18,"gscp_rf_oob","18_19_10",1,3.65015927882647
18,"gscp_rf_oob","18_39_8",1,5.16380002802774
18,"gscp_rf_oob","18_57_7",1,5.14731064455909
18,"gscp_rf_oob","18_67_4",1,5.20504346198448
18,"gscp_rf_oob","18_89_22",1,4.25533700059885
18,"gscp_rf_oob","18_89_34",1,3.97679112923163
18,"gscp_rf_oob","18_89_36",1,3.70824373252688
18,"gscp_rf_oob","18_95_11",1,5.08666624831199
18,"gscp_rf_oob","18_97_81",0,5.18653232080764
18,"gscp_rf_oob","18_97_87",0,5.17408410441717
18,"gscp_rf_oob","18_105_3",1,5.16123142312277
18,"gscp_rf_oob","18_127_24",1,4.46347705121078
18,"gscp_rf_oob","18_141_15",1,5.13246172947796
18,"gscp_rf_oob","18_157_8",1,5.19597826906078
18,"gscp_rf_oob","18_163_21",1,4.73852514791895
18,"gscp_rf_oob","18_167_18",1,5.19902895991266
18,"gscp_rf_oob","18_183_3",1,5.2063489154648
18,"gscp_rf_oob","18_97_78",0,5.17251885548164
18,"lscp_rf_oob","18_5_8",1,4.8086627439311
18,"lscp_rf_oob","18_19_10",1,3.45977538343869
18,"lscp_rf_oob","18_39_8",1,4.89446811968002
18,"lscp_rf_oob","18_57_7",1,4.87883878444968
18,"lscp_rf_oob","18_67_4",1,4.93356039117615
18,"lscp_rf_oob","18_89_22",1,4.03338843000873
18,"lscp_rf_oob","18_89_34",1,3.76937086932173
18,"lscp_rf_oob","18_89_36",1,3.51483028590249
18,"lscp_rf_oob","18_95_11",1,4.82135746014247
18,"lscp_rf_oob","18_97_81",0,4.91601474846009
18,"lscp_rf_oob","18_97_87",0,4.9042158023469
18,"lscp_rf_oob","18_105_3",1,4.89203348728698
18,"lscp_rf_oob","18_127_24",1,4.23067237528533
18,"lscp_rf_oob","18_141_15",1,4.86476435455659
18,"lscp_rf_oob","18_157_8",1,4.92496801782262
18,"lscp_rf_oob","18_163_21",1,4.4913745971781
18,"lscp_rf_oob","18_167_18",1,4.92785959167065
18,"lscp_rf_oob","18_183_3",1,4.93479775521164
18,"lscp_rf_oob","18_97_78",0,4.90273219318838
18,"w_fc","18_5_8",1,4.58511588543416
18,"w_fc","18_19_10",1,3.83434307339252
18,"w_fc","18_39_8",1,4.57282165991743
18,"w_fc","18_57_7",1,4.7064278838136
18,"w_fc","18_67_4",1,4.76114222600169
18,"w_fc","18_89_22",1,4.19785667015329
18,"w_fc","18_89_34",1,4.09321218268146
18,"w_fc","18_89_36",1,4.0339250333246
18,"w_fc","18_95_11",1,4.65299671457342
18,"w_fc","18_97_81",0,4.74002222824747
18,"w_fc","18_97_87",0,4.72688756716155
18,"w_fc","18_105_3",1,4.68683107221209
18,"w_fc","18_127_24",1,4.27244419636299
18,"w_fc","18_141_15",1,4.55802516941214
18,"w_fc","18_157_8",1,4.73490279116504
18,"w_fc","18_163_21",1,4.41759438388127
18,"w_fc","18_167_18",1,4.70660003200818
18,"w_fc","18_183_3",1,4.69161135784245
18,"w_fc","18_97_78",0,4.72622263719915
19,"naive","19_45_19",1,5.15845519012357
19,"naive","19_103_2001",1,5.15845519012357
19,"naive","19_113_40",1,5.15845519012357
19,"naive","19_139_15",1,5.15845519012357
19,"naive","19_153_30",1,5.15845519012357
19,"naive","19_163_15",1,5.15845519012357
19,"gscp_rf_oob","19_45_19",1,5.23540840286441
19,"gscp_rf_oob","19_103_2001",1,5.34659651332516
19,"gscp_rf_oob","19_113_40",1,5.32576588886835
19,"gscp_rf_oob","19_139_15",1,5.34232917506386
19,"gscp_rf_oob","19_153_30",1,5.37193475314672
19,"gscp_rf_oob","19_163_15",1,5.30522236287912
19,"lscp_rf_oob","19_45_19",1,5.03105794765838
19,"lscp_rf_oob","19_103_2001",1,5.1379061214346
19,"lscp_rf_oob","19_113_40",1,5.11979548817756
19,"lscp_rf_oob","19_139_15",1,5.13380534754595
19,"lscp_rf_oob","19_153_30",1,5.16417880279541
19,"lscp_rf_oob","19_163_15",1,5.09814690259022
19,"w_fc","19_45_19",1,4.58452365267029
19,"w_fc","19_103_2001",1,4.96429743650727
19,"w_fc","19_113_40",1,5.00359046684133
19,"w_fc","19_139_15",1,4.78343795328332
19,"w_fc","19_153_30",1,5.23177191781329
19,"w_fc","19_163_15",1,4.39387793472883
20,"naive","20_195_1",1,5.76379684564406
20,"naive","20_91_10",1,5.76379684564406
20,"naive","20_133_3",1,5.76379684564406
20,"naive","20_177_13",1,5.76379684564406
20,"naive","20_191_2",0,5.76379684564406
20,"naive","20_173_10",1,5.76379684564406
20,"naive","20_209_21",1,5.76379684564406
20,"gscp_rf_oob","20_195_1",1,5.44304954096606
20,"gscp_rf_oob","20_91_10",0,4.47177052746746
20,"gscp_rf_oob","20_133_3",1,5.39915784224138
20,"gscp_rf_oob","20_177_13",1,5.38746654013677
20,"gscp_rf_oob","20_191_2",0,5.39695799824955
20,"gscp_rf_oob","20_173_10",1,5.4257489216134
20,"gscp_rf_oob","20_209_21",0,4.3915448178537
20,"lscp_rf_oob","20_195_1",1,5.56160996012713
20,"lscp_rf_oob","20_91_10",0,4.38642881540523
20,"lscp_rf_oob","20_133_3",1,5.34007708923724
20,"lscp_rf_oob","20_177_13",1,5.32851372022
20,"lscp_rf_oob","20_191_2",0,5.39695799824955
20,"lscp_rf_oob","20_173_10",1,5.4257489216134
20,"lscp_rf_oob","20_209_21",0,4.307734177068
20,"w_fc","20_195_1",1,5.38744321200759
20,"w_fc","20_91_10",1,4.51832160712523
20,"w_fc","20_133_3",1,4.82873405337811
20,"w_fc","20_177_13",0,4.8683729034927
20,"w_fc","20_191_2",0,5.02165050384157
20,"w_fc","20_173_10",1,5.0763589218737
20,"w_fc","20_209_21",0,4.42375757636991
21,"naive","21_13_2",1,5.38617832968412
21,"naive","21_19_17",1,5.38617832968412
21,"naive","21_37_3002",1,5.38617832968412
21,"naive","21_43_500",1,5.38617832968412
21,"naive","21_47_6",1,5.38617832968412
21,"naive","21_59_5",1,5.38617832968412
21,"naive","21_67_12",1,5.38617832968412
21,"naive","21_93_6",1,5.38617832968412
21,"naive","21_111_51",1,5.38617832968412
21,"naive","21_111_67",1,5.38617832968412
21,"naive","21_111_75",1,5.38617832968412
21,"naive","21_111_80",1,5.38617832968412
21,"naive","21_111_1041",1,5.38617832968412
21,"naive","21_145_1024",1,5.38617832968412
21,"naive","21_193_3",1,5.38617832968412
21,"naive","21_195_2",1,5.38617832968412
21,"naive","21_199_3",1,5.38617832968412
21,"naive","21_227_9",1,5.38617832968412
21,"gscp_rf_oob","21_13_2",1,5.99870225992717
21,"gscp_rf_oob","21_19_17",1,3.88351798730711
21,"gscp_rf_oob","21_37_3002",1,3.99366571733575
21,"gscp_rf_oob","21_43_500",1,5.55545097052904
21,"gscp_rf_oob","21_47_6",1,6.13480794433319
21,"gscp_rf_oob","21_59_5",1,5.72916737296422
21,"gscp_rf_oob","21_67_12",1,6.1485679929441
21,"gscp_rf_oob","21_93_6",1,5.95046840147862
21,"gscp_rf_oob","21_111_51",1,5.18322512073104
21,"gscp_rf_oob","21_111_67",1,4.21904087522668
21,"gscp_rf_oob","21_111_75",1,4.27924322938319
21,"gscp_rf_oob","21_111_80",1,4.74143544498216
21,"gscp_rf_oob","21_111_1041",1,4.19818293123916
21,"gscp_rf_oob","21_145_1024",1,6.21090536124956
21,"gscp_rf_oob","21_193_3",1,6.24042161228624
21,"gscp_rf_oob","21_195_2",1,6.18942594945286
21,"gscp_rf_oob","21_199_3",1,6.22127124843681
21,"gscp_rf_oob","21_227_9",1,6.17703260088581
21,"lscp_rf_oob","21_13_2",1,5.46039111047506
21,"lscp_rf_oob","21_19_17",1,3.53501910520213
21,"lscp_rf_oob","21_37_3002",1,3.63528240546712
21,"lscp_rf_oob","21_43_500",1,5.05691627617556
21,"lscp_rf_oob","21_47_6",1,5.74366791354147
21,"lscp_rf_oob","21_59_5",1,5.3638899717797
21,"lscp_rf_oob","21_67_12",1,5.59680820218456
21,"lscp_rf_oob","21_93_6",1,5.49686193374261
21,"lscp_rf_oob","21_111_51",1,4.78810589987925
21,"lscp_rf_oob","21_111_67",1,3.89742178585047
21,"lscp_rf_oob","21_111_75",1,3.95303489166957
21,"lscp_rf_oob","21_111_80",1,4.37999401901605
21,"lscp_rf_oob","21_111_1041",1,3.87815385086024
21,"lscp_rf_oob","21_145_1024",1,5.81491354923405
21,"lscp_rf_oob","21_193_3",1,5.68041906746642
21,"lscp_rf_oob","21_195_2",1,5.63399965007538
21,"lscp_rf_oob","21_199_3",1,5.66298721771047
21,"lscp_rf_oob","21_227_9",1,5.70615505812266
21,"w_fc","21_13_2",1,5.18561386806438
21,"w_fc","21_19_17",1,4.52513657665083
21,"w_fc","21_37_3002",1,4.21618695513486
21,"w_fc","21_43_500",1,5.11598072420159
21,"w_fc","21_47_6",1,4.94399910051126
21,"w_fc","21_59_5",1,5.13690168980962
21,"w_fc","21_67_12",1,5.47244621839787
21,"w_fc","21_93_6",1,5.32078671585674
21,"w_fc","21_111_51",1,4.94754244213991
21,"w_fc","21_111_67",1,4.62838913383349
21,"w_fc","21_111_75",1,4.65099678542562
21,"w_fc","21_111_80",1,4.79374431244414
21,"w_fc","21_111_1041",1,4.61452751884917
21,"w_fc","21_145_1024",1,5.39827348260865
21,"w_fc","21_193_3",1,5.50264788898136
21,"w_fc","21_195_2",1,5.43558336083229
21,"w_fc","21_199_3",1,5.53546954222118
21,"w_fc","21_227_9",1,5.34196005558358
22,"naive","22_33_9",1,5.37321309362062
22,"naive","22_121_1",1,5.37321309362062
22,"naive","22_19_8",1,5.37321309362062
22,"naive","22_51_1001",1,5.37321309362062
22,"gscp_rf_oob","22_33_9",1,5.28129279941581
22,"gscp_rf_oob","22_121_1",1,5.28067300178586
22,"gscp_rf_oob","22_19_8",1,5.1478472467813
22,"gscp_rf_oob","22_51_1001",1,5.23490108200722
22,"lscp_rf_oob","22_33_9",1,4.84523008860409
22,"lscp_rf_oob","22_121_1",1,4.84466146606421
22,"lscp_rf_oob","22_19_8",1,4.72856556202733
22,"lscp_rf_oob","22_51_1001",1,4.68384323153478
22,"w_fc","22_33_9",1,5.52697713231605
22,"w_fc","22_121_1",1,5.52884476386199
22,"w_fc","22_19_8",1,5.00374664381162
22,"w_fc","22_51_1001",1,5.29779881858654
23,"naive","23_29_33",0,5.48244665610357
23,"naive","23_3_14",0,5.48244665610357
23,"naive","23_3_1011",0,5.48244665610357
23,"naive","23_17_2011",0,5.48244665610357
23,"naive","23_19_17",0,5.48244665610357
23,"naive","23_5_29",0,5.48244665610357
23,"naive","23_9_103",0,5.48244665610357
23,"naive","23_1_11",0,5.48244665610357
23,"gscp_rf_oob","23_29_33",0,5.83052026567423
23,"gscp_rf_oob","23_3_14",0,5.83052028712168
23,"gscp_rf_oob","23_3_1011",0,5.83052028671129
23,"gscp_rf_oob","23_17_2011",1,5.826089695606
23,"gscp_rf_oob","23_19_17",0,5.83050859558333
23,"gscp_rf_oob","23_5_29",1,5.74551982976375
23,"gscp_rf_oob","23_9_103",0,5.83050954229364
23,"gscp_rf_oob","23_1_11",0,5.81654084281759
23,"lscp_rf_oob","23_29_33",0,4.41930701729366
23,"lscp_rf_oob","23_3_14",0,4.60814446602109
23,"lscp_rf_oob","23_3_1011",0,4.47428173577375
23,"lscp_rf_oob","23_17_2011",0,4.60464275352053
23,"lscp_rf_oob","23_19_17",0,4.47427276412152
23,"lscp_rf_oob","23_5_29",0,4.40905325300531
23,"lscp_rf_oob","23_9_103",0,4.4192988893893
23,"lscp_rf_oob","23_1_11",0,4.46355405326617
23,"w_fc","23_29_33",0,5.06836492487453
23,"w_fc","23_3_14",0,5.08666206850333
23,"w_fc","23_3_1011",0,5.08124199255632
23,"w_fc","23_17_2011",1,4.79467066664313
23,"w_fc","23_19_17",0,5.00161391204028
23,"w_fc","23_5_29",1,4.60101111660058
23,"w_fc","23_9_103",0,5.00760844326994
23,"w_fc","23_1_11",0,4.73818851663341
24,"naive","24_5_1007",1,5.35748992281757
24,"naive","24_15_3",1,5.35748992281757
24,"naive","24_19_4",1,5.35748992281757
24,"naive","24_23_2",1,5.35748992281757
24,"naive","24_25_1001",1,5.35748992281757
24,"naive","24_27_6",1,5.35748992281757
24,"naive","24_29_2",1,5.35748992281757
24,"naive","24_31_3001",1,5.35748992281757
24,"naive","24_43_9",1,5.35748992281757
24,"naive","24_510_5253",1,5.35748992281757
24,"gscp_rf_oob","24_5_1007",1,5.12891013015773
24,"gscp_rf_oob","24_15_3",1,4.2787299863984
24,"gscp_rf_oob","24_19_4",1,5.18864403098466
24,"gscp_rf_oob","24_23_2",1,5.4008221974562
24,"gscp_rf_oob","24_25_1001",1,5.10490240748044
24,"gscp_rf_oob","24_27_6",1,4.73956009604551
24,"gscp_rf_oob","24_29_2",1,4.75988281258751
24,"gscp_rf_oob","24_31_3001",1,4.6068833664735
24,"gscp_rf_oob","24_43_9",1,5.32067425712541
24,"gscp_rf_oob","24_510_5253",1,5.15144501602549
24,"lscp_rf_oob","24_5_1007",1,4.8902175268452
24,"lscp_rf_oob","24_15_3",1,4.07960362750207
24,"lscp_rf_oob","24_19_4",1,4.94717149198743
24,"lscp_rf_oob","24_23_2",1,5.18222530402437
24,"lscp_rf_oob","24_25_1001",1,4.86732709140438
24,"lscp_rf_oob","24_27_6",1,4.51898732148483
24,"lscp_rf_oob","24_29_2",1,4.39627240897529
24,"lscp_rf_oob","24_31_3001",1,4.39248518908392
24,"lscp_rf_oob","24_43_9",1,5.10532133102498
24,"lscp_rf_oob","24_510_5253",1,4.91170366932759
24,"w_fc","24_5_1007",1,4.36819212078073
24,"w_fc","24_15_3",1,3.92477905477616
24,"w_fc","24_19_4",1,4.48160364149364
24,"w_fc","24_23_2",1,4.59937604189277
24,"w_fc","24_25_1001",1,4.33771554463975
24,"w_fc","24_27_6",1,4.17993740680067
24,"w_fc","24_29_2",1,4.09015076287142
24,"w_fc","24_31_3001",1,4.11554646837585
24,"w_fc","24_43_9",0,4.40469205746319
24,"w_fc","24_510_5253",1,4.37192970703099
25,"naive","25_3_8",0,5.02269204989739
25,"naive","25_3_6001",0,5.02269204989739
25,"naive","25_5_1004",1,5.02269204989739
25,"naive","25_9_2006",1,5.02269204989739
25,"naive","25_9_5005",1,5.02269204989739
25,"naive","25_11_2005",1,5.02269204989739
25,"naive","25_13_8",0,5.02269204989739
25,"naive","25_13_18",1,5.02269204989739
25,"naive","25_15_4002",1,5.02269204989739
25,"naive","25_17_10",1,5.02269204989739
25,"naive","25_21_2005",1,5.02269204989739
25,"naive","25_23_5",1,5.02269204989739
25,"naive","25_25_2",1,5.02269204989739
25,"naive","25_25_42",1,5.02269204989739
25,"naive","25_25_44",1,5.02269204989739
25,"naive","25_25_1004",1,5.02269204989739
25,"naive","25_27_23",1,5.02269204989739
25,"gscp_rf_oob","25_3_8",1,4.84364501184761
25,"gscp_rf_oob","25_3_6001",1,4.93856733004156
25,"gscp_rf_oob","25_5_1004",1,4.23396442899207
25,"gscp_rf_oob","25_9_2006",1,4.99106734743894
25,"gscp_rf_oob","25_9_5005",1,4.73258822128459
25,"gscp_rf_oob","25_11_2005",1,4.9901742364068
25,"gscp_rf_oob","25_13_8",1,4.8354197029338
25,"gscp_rf_oob","25_13_18",1,4.73059745850466
25,"gscp_rf_oob","25_15_4002",1,4.9129375307167
25,"gscp_rf_oob","25_17_10",1,4.83672309175452
25,"gscp_rf_oob","25_21_2005",1,4.99332348281932
25,"gscp_rf_oob","25_23_5",0,4.84273632201557
25,"gscp_rf_oob","25_25_2",1,4.97182239064421
25,"gscp_rf_oob","25_25_42",1,4.97288694401248
25,"gscp_rf_oob","25_25_44",1,4.98112307236679
25,"gscp_rf_oob","25_25_1004",1,4.9958986591072
25,"gscp_rf_oob","25_27_23",1,4.83782310875516
25,"lscp_rf_oob","25_3_8",1,4.62143494486642
25,"lscp_rf_oob","25_3_6001",1,4.71200254783407
25,"lscp_rf_oob","25_5_1004",1,4.03972444710631
25,"lscp_rf_oob","25_9_2006",1,4.76209404182525
25,"lscp_rf_oob","25_9_5005",1,4.51547306460532
25,"lscp_rf_oob","25_11_2005",1,4.76124190370953
25,"lscp_rf_oob","25_13_8",1,4.61358698533313
25,"lscp_rf_oob","25_13_18",1,4.51357363129517
25,"lscp_rf_oob","25_15_4002",1,4.68754855710186
25,"lscp_rf_oob","25_17_10",1,4.61483057907876
25,"lscp_rf_oob","25_21_2005",1,4.76424667333762
25,"lscp_rf_oob","25_23_5",0,4.62056794265351
25,"lscp_rf_oob","25_25_2",1,4.74373197862159
25,"lscp_rf_oob","25_25_42",1,4.74474769387833
25,"lscp_rf_oob","25_25_44",1,4.75260597649275
25,"lscp_rf_oob","25_25_1004",1,4.76670370923865
25,"lscp_rf_oob","25_27_23",1,4.61588013101626
25,"w_fc","25_3_8",1,4.21382530938993
25,"w_fc","25_3_6001",1,4.12664282458644
25,"w_fc","25_5_1004",1,4.04653415442072
25,"w_fc","25_9_2006",1,4.3566743086873
25,"w_fc","25_9_5005",1,4.13619086565606
25,"w_fc","25_11_2005",1,4.21978458388222
25,"w_fc","25_13_8",1,4.21372084260798
25,"w_fc","25_13_18",1,4.16632811238529
25,"w_fc","25_15_4002",1,4.2551638604892
25,"w_fc","25_17_10",1,4.1721394436416
25,"w_fc","25_21_2005",1,4.38080385082117
25,"w_fc","25_23_5",0,4.29920687757474
25,"w_fc","25_25_2",1,4.33248100639284
25,"w_fc","25_25_42",1,4.33779968328417
25,"w_fc","25_25_44",1,4.34785380835407
25,"w_fc","25_25_1004",1,4.35583694625487
25,"w_fc","25_27_23",1,4.23290167591491
26,"naive","26_5_3",1,4.8618431029346
26,"naive","26_17_14",1,4.8618431029346
26,"naive","26_49_21",1,4.8618431029346
26,"naive","26_65_18",1,4.8618431029346
26,"naive","26_77_8",0,4.8618431029346
26,"naive","26_81_20",1,4.8618431029346
26,"naive","26_91_7",1,4.8618431029346
26,"naive","26_99_9",1,4.8618431029346
26,"naive","26_113_1",0,4.8618431029346
26,"naive","26_139_5",1,4.8618431029346
26,"naive","26_147_5",1,4.8618431029346
26,"naive","26_153_1",1,4.8618431029346
26,"naive","26_161_8",1,4.8618431029346
26,"naive","26_163_1",1,4.8618431029346
26,"naive","26_163_93",0,4.8618431029346
26,"naive","26_163_97",1,4.8618431029346
26,"naive","26_163_98",1,4.8618431029346
26,"naive","26_163_99",0,4.8618431029346
26,"naive","26_163_100",0,4.8618431029346
26,"naive","26_163_1013",1,4.8618431029346
26,"naive","26_163_15",0,4.8618431029346
26,"gscp_rf_oob","26_5_3",1,4.47602283619166
26,"gscp_rf_oob","26_17_14",1,4.61001003879258
26,"gscp_rf_oob","26_49_21",1,4.60272504329743
26,"gscp_rf_oob","26_65_18",1,4.57884233300189
26,"gscp_rf_oob","26_77_8",0,4.4414228977169
26,"gscp_rf_oob","26_81_20",1,4.54173879383988
26,"gscp_rf_oob","26_91_7",1,4.54128773996496
26,"gscp_rf_oob","26_99_9",1,4.59261127972158
26,"gscp_rf_oob","26_113_1",0,4.60900901310476
26,"gscp_rf_oob","26_139_5",1,4.52002155564619
26,"gscp_rf_oob","26_147_5",1,4.59604264121269
26,"gscp_rf_oob","26_153_1",1,4.60920876773064
26,"gscp_rf_oob","26_161_8",1,4.56978308219626
26,"gscp_rf_oob","26_163_1",1,4.57051244017767
26,"gscp_rf_oob","26_163_93",0,4.58031917864569
26,"gscp_rf_oob","26_163_97",1,4.57254182071248
26,"gscp_rf_oob","26_163_98",1,4.57536218632547
26,"gscp_rf_oob","26_163_99",0,4.57458514142065
26,"gscp_rf_oob","26_163_100",0,4.57543492951496
26,"gscp_rf_oob","26_163_1013",1,4.57887884302895
26,"gscp_rf_oob","26_163_15",0,4.57488097562599
26,"lscp_rf_oob","26_5_3",1,4.19027198084333
26,"lscp_rf_oob","26_17_14",1,4.31570539380775
26,"lscp_rf_oob","26_49_21",1,4.30888547495991
26,"lscp_rf_oob","26_65_18",1,4.28652744519991
26,"lscp_rf_oob","26_77_8",0,4.15788091448026
26,"lscp_rf_oob","26_81_20",1,4.25179260888862
26,"lscp_rf_oob","26_91_7",1,4.25137035045003
26,"lscp_rf_oob","26_99_9",1,4.29941737756995
26,"lscp_rf_oob","26_113_1",0,4.31476827394816
26,"lscp_rf_oob","26_139_5",1,4.23146180673799
26,"lscp_rf_oob","26_147_5",1,4.30262967974948
26,"lscp_rf_oob","26_153_1",1,4.32805420242031
26,"lscp_rf_oob","26_161_8",1,4.27804654011799
26,"lscp_rf_oob","26_163_1",1,4.27872933563208
26,"lscp_rf_oob","26_163_93",0,4.28791000850392
26,"lscp_rf_oob","26_163_97",1,4.2806291598074
26,"lscp_rf_oob","26_163_98",1,4.28326947229828
26,"lscp_rf_oob","26_163_99",0,4.28254203421056
26,"lscp_rf_oob","26_163_100",0,4.28333757153723
26,"lscp_rf_oob","26_163_1013",1,4.28656162441415
26,"lscp_rf_oob","26_163_15",0,4.2828189822573
26,"w_fc","26_5_3",1,4.92834060376344
26,"w_fc","26_17_14",1,5.24974843207769
26,"w_fc","26_49_21",1,5.22089958296824
26,"w_fc","26_65_18",1,5.15911163012777
26,"w_fc","26_77_8",0,4.80940797136974
26,"w_fc","26_81_20",1,5.07599386601724
26,"w_fc","26_91_7",1,5.04618490365642
26,"w_fc","26_99_9",1,5.16128377307438
26,"w_fc","26_113_1",1,5.24513814785862
26,"w_fc","26_139_5",1,5.02537257353638
26,"w_fc","26_147_5",1,5.17907825998811
26,"w_fc","26_153_1",1,5.2474253157218
26,"w_fc","26_161_8",1,5.11052389485872
26,"w_fc","26_163_1",1,5.08902650107442
26,"w_fc","26_163_93",1,5.12705770290939
26,"w_fc","26_163_97",1,5.09246954132416
26,"w_fc","26_163_98",1,5.09831695859303
26,"w_fc","26_163_99",0,5.09791972094955
26,"w_fc","26_163_100",0,5.09935577741272
26,"w_fc","26_163_1013",1,5.1054518616322
26,"w_fc","26_163_15",0,5.09748308657639
27,"naive","27_3_1002",1,4.89608009209553
27,"naive","27_5_2013",1,4.89608009209553
27,"naive","27_7_2304",0,4.89608009209553
27,"naive","27_17_7417",0,4.89608009209553
27,"naive","27_21_3410",1,4.89608009209553
27,"naive","27_31_7810",0,4.89608009209553
27,"naive","27_35_3204",1,4.89608009209554
27,"naive","27_37_470",0,4.89608009209553
27,"naive","27_37_480",1,4.89608009209553
27,"naive","27_53_962",1,4.89608009209553
27,"naive","27_53_963",1,4.89608009209553
27,"naive","27_75_5",1,4.89608009209553
27,"naive","27_83_4210",1,4.89608009209553
27,"naive","27_109_5008",1,4.89608009209553
27,"naive","27_123_871",1,4.89608009209553
27,"naive","27_137_7001",0,4.89608009209554
27,"naive","27_137_7550",0,4.89608009209553
27,"naive","27_137_7554",0,4.89608009209553
27,"naive","27_139_505",1,4.89608009209553
27,"naive","27_145_3052",1,4.89608009209553
27,"naive","27_171_3201",1,4.89608009209553
27,"gscp_rf_oob","27_3_1002",1,5.39651298318972
27,"gscp_rf_oob","27_5_2013",1,5.22688115161234
27,"gscp_rf_oob","27_7_2304",1,5.39267203510959
27,"gscp_rf_oob","27_17_7417",0,5.37960348974388
27,"gscp_rf_oob","27_21_3410",1,5.39380362982488
27,"gscp_rf_oob","27_31_7810",0,5.39053935575665
27,"gscp_rf_oob","27_35_3204",1,5.39781746285366
27,"gscp_rf_oob","27_37_470",1,5.39424079482416
27,"gscp_rf_oob","27_37_480",1,5.39458208017912
27,"gscp_rf_oob","27_53_962",1,5.39596645817268
27,"gscp_rf_oob","27_53_963",1,5.39592814216761
27,"gscp_rf_oob","27_75_5",1,5.38921857757059
27,"gscp_rf_oob","27_83_4210",1,5.21032327000084
27,"gscp_rf_oob","27_109_5008",1,5.31153266137341
27,"gscp_rf_oob","27_123_871",1,5.39358205908621
27,"gscp_rf_oob","27_137_7001",1,5.39323119633318
27,"gscp_rf_oob","27_137_7550",0,5.34405577876246
27,"gscp_rf_oob","27_137_7554",0,5.35161357366621
27,"gscp_rf_oob","27_139_505",1,5.39686097790184
27,"gscp_rf_oob","27_145_3052",1,5.39836607846119
27,"gscp_rf_oob","27_171_3201",1,5.39834825014139
27,"lscp_rf_oob","27_3_1002",1,5.30113121977009
27,"lscp_rf_oob","27_5_2013",1,5.13449758041023
27,"lscp_rf_oob","27_7_2304",0,5.29735815930595
27,"lscp_rf_oob","27_17_7417",0,5.2845205965963
27,"lscp_rf_oob","27_21_3410",1,5.2984697534209
27,"lscp_rf_oob","27_31_7810",0,5.20424408020942
27,"lscp_rf_oob","27_35_3204",1,5.30241264314359
27,"lscp_rf_oob","27_37_470",1,5.29889919165872
27,"lscp_rf_oob","27_37_480",1,5.29923444489645
27,"lscp_rf_oob","27_53_962",1,5.30059435442033
27,"lscp_rf_oob","27_53_963",1,5.30055671563926
27,"lscp_rf_oob","27_75_5",1,5.20296894768511
27,"lscp_rf_oob","27_83_4210",1,5.11823235443608
27,"lscp_rf_oob","27_109_5008",1,5.1279678313213
27,"lscp_rf_oob","27_123_871",1,5.29825209887919
27,"lscp_rf_oob","27_137_7001",1,5.29790743752107
27,"lscp_rf_oob","27_137_7550",0,5.1593669604198
27,"lscp_rf_oob","27_137_7554",0,5.25702539396818
27,"lscp_rf_oob","27_139_505",1,5.30147306377908
27,"lscp_rf_oob","27_145_3052",1,5.30295156213328
27,"lscp_rf_oob","27_171_3201",1,5.30293404892374
27,"w_fc","27_3_1002",1,5.26554925959942
27,"w_fc","27_5_2013",1,5.04124479197376
27,"w_fc","27_7_2304",1,5.35698409483014
27,"w_fc","27_17_7417",0,5.27327280169371
27,"w_fc","27_21_3410",1,5.35549064358883
27,"w_fc","27_31_7810",0,5.33347282054486
27,"w_fc","27_35_3204",1,5.35939296013619
27,"w_fc","27_37_470",1,5.25075344078043
27,"w_fc","27_37_480",1,5.25792446408271
27,"w_fc","27_53_962",1,5.26303204004704
27,"w_fc","27_53_963",1,5.26300472883746
27,"w_fc","27_75_5",1,5.33966105101322
27,"w_fc","27_83_4210",1,4.94443814807263
27,"w_fc","27_109_5008",1,5.03200377516674
27,"w_fc","27_123_871",1,5.22151058180068
27,"w_fc","27_137_7001",1,5.35357837770865
27,"w_fc","27_137_7550",0,5.19337752219302
27,"w_fc","27_137_7554",0,5.20392325926584
27,"w_fc","27_139_505",1,5.29062335246807
27,"w_fc","27_145_3052",1,5.34377313726197
27,"w_fc","27_171_3201",1,5.31934150138218
28,"naive","28_11_2",1,5.21729439244112
28,"naive","28_33_2",1,5.21729439244112
28,"naive","28_35_4",1,5.21729439244112
28,"naive","28_45_3",1,5.21729439244112
28,"naive","28_47_8",1,5.21729439244112
28,"naive","28_49_20",1,5.21729439244112
28,"naive","28_49_21",1,5.21729439244112
28,"naive","28_59_6",1,5.21729439244112
28,"gscp_rf_oob","28_11_2",1,4.85914808279967
28,"gscp_rf_oob","28_33_2",1,4.78287140376922
28,"gscp_rf_oob","28_35_4",1,4.77781641640846
28,"gscp_rf_oob","28_45_3",1,4.74391603817123
28,"gscp_rf_oob","28_47_8",1,4.77587437152033
28,"gscp_rf_oob","28_49_20",1,4.82687515140896
28,"gscp_rf_oob","28_49_21",1,4.82873652567584
28,"gscp_rf_oob","28_59_6",1,4.78330747052554
28,"lscp_rf_oob","28_11_2",1,4.69273613662855
28,"lscp_rf_oob","28_33_2",1,4.61907171604107
28,"lscp_rf_oob","28_35_4",1,4.61418984756251
28,"lscp_rf_oob","28_45_3",1,4.58145046047482
28,"lscp_rf_oob","28_47_8",1,4.61231431216616
28,"lscp_rf_oob","28_49_20",1,4.66156846098018
28,"lscp_rf_oob","28_49_21",1,4.66336608849371
28,"lscp_rf_oob","28_59_6",1,4.61949284875621
28,"w_fc","28_11_2",1,5.57955277616699
28,"w_fc","28_33_2",1,4.91934399756749
28,"w_fc","28_35_4",1,5.48689959750585
28,"w_fc","28_45_3",1,5.33871666310358
28,"w_fc","28_47_8",1,5.45164229611132
28,"w_fc","28_49_20",1,5.61045641471906
28,"w_fc","28_49_21",1,5.61522247973436
28,"w_fc","28_59_6",1,5.46333391525451
29,"naive","29_189_3001",1,6.15647718657959
29,"naive","29_21_5",1,6.15647718657959
29,"naive","29_37_3",1,6.15647718657959
29,"naive","29_39_1",1,6.15647718657959
29,"naive","29_47_5",1,6.15647718657959
29,"naive","29_95_34",1,6.15647718657959
29,"naive","29_95_42",1,6.15647718657959
29,"naive","29_99_19",1,6.15647718657959
29,"naive","29_510_7",1,6.15647718657959
29,"naive","29_510_85",1,6.15647718657959
29,"naive","29_510_93",1,6.15647718657959
29,"naive","29_510_94",1,6.15647718657959
29,"naive","29_77_36",1,6.15647718657959
29,"gscp_rf_oob","29_189_3001",1,5.40382141411155
29,"gscp_rf_oob","29_21_5",1,6.14244755919866
29,"gscp_rf_oob","29_37_3",1,5.40131895332433
29,"gscp_rf_oob","29_39_1",1,6.13855117084865
29,"gscp_rf_oob","29_47_5",1,6.04302657614772
29,"gscp_rf_oob","29_95_34",1,5.78093964103831
29,"gscp_rf_oob","29_95_42",1,5.79907288726979
29,"gscp_rf_oob","29_99_19",1,5.67448820935544
29,"gscp_rf_oob","29_510_7",1,5.22717084373474
29,"gscp_rf_oob","29_510_85",1,4.97475610019156
29,"gscp_rf_oob","29_510_93",1,4.95750952992972
29,"gscp_rf_oob","29_510_94",1,5.17954770291578
29,"gscp_rf_oob","29_77_36",1,6.1620168359116
29,"lscp_rf_oob","29_189_3001",1,4.96860198111399
29,"lscp_rf_oob","29_21_5",1,5.89240081612328
29,"lscp_rf_oob","29_37_3",0,5.18144207206915
29,"lscp_rf_oob","29_39_1",1,5.71350512232675
29,"lscp_rf_oob","29_47_5",1,5.79702706225348
29,"lscp_rf_oob","29_95_34",1,5.54560916157947
29,"lscp_rf_oob","29_95_42",1,5.56300423965927
29,"lscp_rf_oob","29_99_19",1,5.21746949023608
29,"lscp_rf_oob","29_510_7",1,4.80617870568022
29,"lscp_rf_oob","29_510_85",1,4.57409324268621
29,"lscp_rf_oob","29_510_93",1,4.55823569733014
29,"lscp_rf_oob","29_510_94",1,4.76239109434242
29,"lscp_rf_oob","29_77_36",1,5.73534597594261
29,"w_fc","29_189_3001",0,4.77842330410599
29,"w_fc","29_21_5",1,5.38350964308108
29,"w_fc","29_37_3",0,4.80654941353523
29,"w_fc","29_39_1",0,5.58725617547841
29,"w_fc","29_47_5",0,5.07749919790946
29,"w_fc","29_95_34",0,4.63564628310716
29,"w_fc","29_95_42",1,4.80493952443735
29,"w_fc","29_99_19",1,4.94358737114941
29,"w_fc","29_510_7",1,4.72398526318848
29,"w_fc","29_510_85",1,4.61576884613395
29,"w_fc","29_510_93",1,4.60974821112104
29,"w_fc","29_510_94",1,4.69675125444015
29,"w_fc","29_77_36",1,5.82765993980881
30,"naive","30_31_17",1,5.30242483968508
30,"naive","30_17_5",1,5.30242483968508
30,"naive","30_27_6",1,5.30242483968508
30,"naive","30_29_49",1,5.30242483968509
30,"naive","30_49_4",1,5.30242483968508
30,"naive","30_49_26",1,5.30242483968508
30,"naive","30_53_18",0,5.30242483968509
30,"naive","30_63_24",1,5.30242483968508
30,"naive","30_63_37",0,5.30242483968508
30,"naive","30_71_10",1,5.30242483968508
30,"naive","30_75_1",1,5.30242483968508
30,"naive","30_81_7",1,5.30242483968508
30,"naive","30_83_2",1,5.30242483968508
30,"naive","30_93_5",1,5.30242483968508
30,"naive","30_111_87",1,5.30242483968508
30,"gscp_rf_oob","30_31_17",1,6.25845939562246
30,"gscp_rf_oob","30_17_5",1,6.26717203168891
30,"gscp_rf_oob","30_27_6",1,6.26788177998164
30,"gscp_rf_oob","30_29_49",1,6.2670412042125
30,"gscp_rf_oob","30_49_4",1,6.26784244855637
30,"gscp_rf_oob","30_49_26",1,6.26777875065204
30,"gscp_rf_oob","30_53_18",0,6.2377453879697
30,"gscp_rf_oob","30_63_24",1,6.26661619556399
30,"gscp_rf_oob","30_63_37",0,6.26578559954235
30,"gscp_rf_oob","30_71_10",1,6.26788654581608
30,"gscp_rf_oob","30_75_1",1,6.26250584307236
30,"gscp_rf_oob","30_81_7",1,6.25162124488627
30,"gscp_rf_oob","30_83_2",1,6.23884090977863
30,"gscp_rf_oob","30_93_5",1,6.26240116824169
30,"gscp_rf_oob","30_111_87",1,6.26233411007302
30,"lscp_rf_oob","30_31_17",1,6.96593608797163
30,"lscp_rf_oob","30_17_5",1,6.54794459513308
30,"lscp_rf_oob","30_27_6",1,6.65139028786431
30,"lscp_rf_oob","30_29_49",1,7.26328021003063
30,"lscp_rf_oob","30_49_4",1,6.97637983185745
30,"lscp_rf_oob","30_49_26",1,6.97630893333395
30,"lscp_rf_oob","30_53_18",0,7.2293273899646
30,"lscp_rf_oob","30_63_24",1,7.26278763996364
30,"lscp_rf_oob","30_63_37",0,7.26182500840435
30,"lscp_rf_oob","30_71_10",1,6.65139534530253
30,"lscp_rf_oob","30_75_1",1,6.54306935884196
30,"lscp_rf_oob","30_81_7",1,7.24540901982074
30,"lscp_rf_oob","30_83_2",1,6.51834422424037
30,"lscp_rf_oob","30_93_5",1,7.25790257162961
30,"lscp_rf_oob","30_111_87",1,6.64550317654891
30,"w_fc","30_31_17",1,5.04312483220938
30,"w_fc","30_17_5",1,5.73683899219237
30,"w_fc","30_27_6",1,5.95410155908902
30,"w_fc","30_29_49",1,5.83858456580579
30,"w_fc","30_49_4",1,5.90413035132056
30,"w_fc","30_49_26",1,5.87826772625616
30,"w_fc","30_53_18",0,5.5351075416361
30,"w_fc","30_63_24",1,5.73423211784327
30,"w_fc","30_63_37",0,5.71666509169045
30,"w_fc","30_71_10",1,6.00181339922149
30,"w_fc","30_75_1",1,5.52021078349156
30,"w_fc","30_81_7",1,5.60749136539023
30,"w_fc","30_83_2",1,5.55009340576251
30,"w_fc","30_93_5",1,5.70806896296303
30,"w_fc","30_111_87",1,5.66662989583072
31,"naive","31_55_19",1,5.31759819016909
31,"naive","31_67_5",1,5.31759819016909
31,"naive","31_79_5",1,5.31759819016909
31,"naive","31_157_4",0,5.31759819016909
31,"naive","31_177_2",0,5.31759819016909
31,"naive","31_153_7",1,5.31759819016909
31,"gscp_rf_oob","31_55_19",1,6.03582046840897
31,"gscp_rf_oob","31_67_5",1,6.03530248438317
31,"gscp_rf_oob","31_79_5",1,6.03662198954866
31,"gscp_rf_oob","31_157_4",0,6.02676378613119
31,"gscp_rf_oob","31_177_2",0,6.03438377244582
31,"gscp_rf_oob","31_153_7",1,6.03576967046494
31,"lscp_rf_oob","31_55_19",1,5.88081591663489
31,"lscp_rf_oob","31_67_5",1,6.03228314030867
31,"lscp_rf_oob","31_79_5",1,6.03360198535147
31,"lscp_rf_oob","31_157_4",0,6.02676378613119
31,"lscp_rf_oob","31_177_2",0,5.87941611613855
31,"lscp_rf_oob","31_153_7",1,5.88076642322147
31,"w_fc","31_55_19",1,4.95698306475493
31,"w_fc","31_67_5",1,4.96885978557341
31,"w_fc","31_79_5",1,5.05350352629441
31,"w_fc","31_157_4",0,4.8644380776758
31,"w_fc","31_177_2",0,4.94706030020478
31,"w_fc","31_153_7",1,4.9557629809816
32,"naive","32_5_7",1,5.55401287988531
32,"naive","32_31_25",1,5.55401287988531
32,"naive","32_31_1005",1,5.55401287988531
32,"naive","32_31_1007",1,5.55401287988531
32,"naive","32_510_20",1,5.55401287988531
32,"naive","32_31_31",1,5.55401287988531
32,"naive","32_3_24",0,5.55401287988531
32,"naive","32_3_43",1,5.55401287988531
32,"naive","32_3_44",1,5.55401287988531
32,"naive","32_3_71",1,5.55401287988531
32,"naive","32_3_73",1,5.55401287988531
32,"naive","32_3_75",1,5.55401287988531
32,"naive","32_3_298",1,5.55401287988531
32,"naive","32_3_299",1,5.55401287988531
32,"naive","32_3_540",1,5.55401287988531
32,"naive","32_3_561",1,5.55401287988531
32,"naive","32_3_602",0,5.55401287988531
32,"naive","32_3_1019",1,5.55401287988531
32,"naive","32_3_1501",1,5.55401287988531
32,"naive","32_3_2003",1,5.55401287988531
32,"gscp_rf_oob","32_5_7",1,4.77941851746872
32,"gscp_rf_oob","32_31_25",1,4.79808170754239
32,"gscp_rf_oob","32_31_1005",0,4.80311937041147
32,"gscp_rf_oob","32_31_1007",1,4.80687370616561
32,"gscp_rf_oob","32_510_20",1,4.78766859569811
32,"gscp_rf_oob","32_31_31",1,4.80096625646168
32,"gscp_rf_oob","32_3_24",0,4.84141091395022
32,"gscp_rf_oob","32_3_43",1,4.82916978870753
32,"gscp_rf_oob","32_3_44",0,4.82804265130483
32,"gscp_rf_oob","32_3_71",1,4.82954635971625
32,"gscp_rf_oob","32_3_73",0,4.82847221425937
32,"gscp_rf_oob","32_3_75",1,4.83071939291447
32,"gscp_rf_oob","32_3_298",0,4.8315955383795
32,"gscp_rf_oob","32_3_299",0,4.82972548805818
32,"gscp_rf_oob","32_3_540",1,4.83198915470605
32,"gscp_rf_oob","32_3_561",1,4.83167970749652
32,"gscp_rf_oob","32_3_602",0,4.83368716931991
32,"gscp_rf_oob","32_3_1019",1,4.82442118904886
32,"gscp_rf_oob","32_3_1501",1,4.83061287537923
32,"gscp_rf_oob","32_3_2003",1,4.83236826453723
32,"lscp_rf_oob","32_5_7",1,6.21829106245088
32,"lscp_rf_oob","32_31_25",1,6.24257291757776
32,"lscp_rf_oob","32_31_1005",1,6.24912719899922
32,"lscp_rf_oob","32_31_1007",1,6.2540117999983
32,"lscp_rf_oob","32_510_20",1,6.22902487610013
32,"lscp_rf_oob","32_31_31",1,6.24632587721049
32,"lscp_rf_oob","32_3_24",0,5.970633399787
32,"lscp_rf_oob","32_3_43",1,6.02949544608975
32,"lscp_rf_oob","32_3_44",1,6.02808815039834
32,"lscp_rf_oob","32_3_71",1,6.02996561659142
32,"lscp_rf_oob","32_3_73",0,6.0286244843836
32,"lscp_rf_oob","32_3_75",1,6.03143021581576
32,"lscp_rf_oob","32_3_298",1,6.03252413367797
32,"lscp_rf_oob","32_3_299",0,6.03018926859978
32,"lscp_rf_oob","32_3_540",1,6.03301558623654
32,"lscp_rf_oob","32_3_561",1,6.03262922364789
32,"lscp_rf_oob","32_3_602",0,6.0351356548673
32,"lscp_rf_oob","32_3_1019",1,6.02356654707191
32,"lscp_rf_oob","32_3_1501",1,6.03129722256397
32,"lscp_rf_oob","32_3_2003",1,6.03348892660366
32,"w_fc","32_5_7",1,4.93020691105947
32,"w_fc","32_31_25",1,5.09068118747935
32,"w_fc","32_31_1005",0,5.1290236280595
32,"w_fc","32_31_1007",1,5.15988315767201
32,"w_fc","32_510_20",1,5.00301338103131
32,"w_fc","32_31_31",1,5.10750306525499
32,"w_fc","32_3_24",1,5.0364738501306
32,"w_fc","32_3_43",1,5.32629926681669
32,"w_fc","32_3_44",1,5.3229891519567
32,"w_fc","32_3_71",1,5.32719984192131
32,"w_fc","32_3_73",1,5.32534637782148
32,"w_fc","32_3_75",1,5.32836029776734
32,"w_fc","32_3_298",1,5.32716456167996
32,"w_fc","32_3_299",1,5.32550759831039
32,"w_fc","32_3_540",1,5.32783984775686
32,"w_fc","32_3_561",0,5.32815575241936
32,"w_fc","32_3_602",0,5.32245357920267
32,"w_fc","32_3_1019",1,5.30646226904994
32,"w_fc","32_3_1501",1,5.32803299677206
32,"w_fc","32_3_2003",1,5.32769906469909
33,"naive","33_1_2004",0,5.1724731631631
33,"naive","33_5_7",0,5.1724731631631
33,"naive","33_9_10",0,5.1724731631631
33,"naive","33_11_5001",1,5.1724731631631
33,"naive","33_15_18",1,5.1724731631631
33,"naive","33_15_14",1,5.1724731631631
33,"gscp_rf_oob","33_1_2004",1,4.21942704778156
33,"gscp_rf_oob","33_5_7",1,4.14236171693445
33,"gscp_rf_oob","33_9_10",1,4.23522010855402
33,"gscp_rf_oob","33_11_5001",1,4.13902648999061
33,"gscp_rf_oob","33_15_18",1,4.11564157301697
33,"gscp_rf_oob","33_15_14",1,4.17986125815339
33,"lscp_rf_oob","33_1_2004",1,4.05732855840325
33,"lscp_rf_oob","33_5_7",1,3.98322386026108
33,"lscp_rf_oob","33_9_10",1,4.07251489431358
33,"lscp_rf_oob","33_11_5001",1,3.98001676333186
33,"lscp_rf_oob","33_15_18",1,3.95753022892835
33,"lscp_rf_oob","33_15_14",1,4.01928277484633
33,"w_fc","33_1_2004",1,5.19165042062236
33,"w_fc","33_5_7",1,4.81914365006436
33,"w_fc","33_9_10",1,5.05156583940739
33,"w_fc","33_11_5001",1,4.81659510894493
33,"w_fc","33_15_18",1,4.51603926965471
33,"w_fc","33_15_14",1,4.87412937310404
34,"naive","34_17_1003",1,5.90594831998517
34,"naive","34_39_4",1,5.90594831998517
34,"naive","34_1_6",1,5.90594831998517
34,"naive","34_3_10",1,5.90594831998517
34,"naive","34_7_2",1,5.90594831998517
34,"naive","34_11_7",1,5.90594831998517
34,"naive","34_17_8",1,5.90594831998517
34,"naive","34_19_1",1,5.90594831998517
34,"naive","34_21_5",1,5.90594831998517
34,"naive","34_21_8",1,5.90594831998517
34,"naive","34_23_11",1,5.90594831998517
34,"naive","34_29_2002",1,5.90594831998517
34,"naive","34_39_2003",1,5.90594831998517
34,"naive","34_41_7",1,5.90594831998517
34,"gscp_rf_oob","34_17_1003",1,5.72161822617295
34,"gscp_rf_oob","34_39_4",1,7.67184300650202
34,"gscp_rf_oob","34_1_6",1,9.17616826508929
34,"gscp_rf_oob","34_3_10",1,3.72556600046578
34,"gscp_rf_oob","34_7_2",1,2.74222360970916
34,"gscp_rf_oob","34_11_7",1,8.32875891559949
34,"gscp_rf_oob","34_17_8",1,4.98779988322794
34,"gscp_rf_oob","34_19_1",1,8.15117825420068
34,"gscp_rf_oob","34_21_5",1,7.56859703817571
34,"gscp_rf_oob","34_21_8",1,7.03869992666917
34,"gscp_rf_oob","34_23_11",1,8.63454148218893
34,"gscp_rf_oob","34_29_2002",1,9.0811945142191
34,"gscp_rf_oob","34_39_2003",1,8.1231359645627
34,"gscp_rf_oob","34_41_7",1,8.2410926345648
34,"lscp_rf_oob","34_17_1003",1,4.65902562079409
34,"lscp_rf_oob","34_39_4",1,6.24706363009311
34,"lscp_rf_oob","34_1_6",1,7.47201252474415
34,"lscp_rf_oob","34_3_10",1,3.03367102836909
34,"lscp_rf_oob","34_7_2",1,2.23295046096199
34,"lscp_rf_oob","34_11_7",1,6.78198013976026
34,"lscp_rf_oob","34_17_8",0,4.06148864337918
34,"lscp_rf_oob","34_19_1",1,6.63737894154854
34,"lscp_rf_oob","34_21_5",1,6.16299202785381
34,"lscp_rf_oob","34_21_8",1,5.73150496924503
34,"lscp_rf_oob","34_23_11",1,7.03097417533144
34,"lscp_rf_oob","34_29_2002",1,7.39467686180477
34,"lscp_rf_oob","34_39_2003",1,6.61454453688808
34,"lscp_rf_oob","34_41_7",1,6.7105948369884
34,"w_fc","34_17_1003",1,4.58816631173339
34,"w_fc","34_39_4",1,4.82343052571591
34,"w_fc","34_1_6",1,5.39809227279785
34,"w_fc","34_3_10",1,4.44143819895913
34,"w_fc","34_7_2",1,3.99240319299678
34,"w_fc","34_11_7",1,4.87525885209154
34,"w_fc","34_17_8",0,4.53199825282648
34,"w_fc","34_19_1",1,4.83870415314789
34,"w_fc","34_21_5",1,4.76424495455247
34,"w_fc","34_21_8",1,4.69865134570174
34,"w_fc","34_23_11",1,4.97154367965133
34,"w_fc","34_29_2002",1,5.29986233931972
34,"w_fc","34_39_2003",1,4.88893624994868
34,"w_fc","34_41_7",1,4.90357550565796
35,"naive","35_1_23",1,6.37969661843025
35,"naive","35_1_26",1,6.37969661843025
35,"naive","35_1_29",1,6.37969661843025
35,"naive","35_1_1012",1,6.37969661843025
35,"naive","35_1_1013",1,6.37969661843025
35,"naive","35_1_2022",0,6.37969661843025
35,"naive","35_13_16",1,6.37969661843025
35,"naive","35_13_22",1,6.37969661843025
35,"naive","35_49_21",1,6.37969661843025
35,"naive","35_55_5",1,6.37969661843025
35,"naive","35_13_25",1,6.37969661843025
35,"naive","35_25_8",1,6.37969661843025
35,"gscp_rf_oob","35_1_23",1,5.9688783036016
35,"gscp_rf_oob","35_1_26",1,5.96888430635838
35,"gscp_rf_oob","35_1_29",1,5.96883704211794
35,"gscp_rf_oob","35_1_1012",1,5.96888155539168
35,"gscp_rf_oob","35_1_1013",1,5.96889955834518
35,"gscp_rf_oob","35_1_2022",0,5.96885872092531
35,"gscp_rf_oob","35_13_16",1,5.36399514795841
35,"gscp_rf_oob","35_13_22",1,5.17971709137503
35,"gscp_rf_oob","35_49_21",1,5.9687405971734
35,"gscp_rf_oob","35_55_5",1,5.96723587918358
35,"gscp_rf_oob","35_13_25",0,5.76332627866924
35,"gscp_rf_oob","35_25_8",1,5.91004175596548
35,"lscp_rf_oob","35_1_23",1,6.215121070562
35,"lscp_rf_oob","35_1_26",1,6.21512732095919
35,"lscp_rf_oob","35_1_29",1,6.2150781068587
35,"lscp_rf_oob","35_1_1012",1,6.21512445650288
35,"lscp_rf_oob","35_1_1013",1,6.21514320215826
35,"lscp_rf_oob","35_1_2022",0,6.21510068001326
35,"lscp_rf_oob","35_13_16",1,5.58528379550857
35,"lscp_rf_oob","35_13_22",1,5.39340344981237
35,"lscp_rf_oob","35_49_21",1,6.21497768313142
35,"lscp_rf_oob","35_55_5",1,6.21341088883472
35,"lscp_rf_oob","35_13_25",0,6.00108911074086
35,"lscp_rf_oob","35_25_8",1,5.91004175596548
35,"w_fc","35_1_23",1,5.75279029375965
35,"w_fc","35_1_26",1,5.75292665803256
35,"w_fc","35_1_29",1,5.75219255391125
35,"w_fc","35_1_1012",1,5.75272481255214
35,"w_fc","35_1_1013",1,5.75321355413697
35,"w_fc","35_1_2022",0,5.75254520242851
35,"w_fc","35_13_16",1,4.82666929564409
35,"w_fc","35_13_22",1,4.69985684308094
35,"w_fc","35_49_21",1,5.74970619544179
35,"w_fc","35_55_5",1,5.73030062365951
35,"w_fc","35_13_25",0,5.24060705435787
35,"w_fc","35_25_8",1,5.41444818985243
36,"naive","36_1_5",1,5.51986136846645
36,"naive","36_5_110",1,5.51986136846645
36,"naive","36_55_1007",1,5.51986136846645
36,"naive","36_67_1015",1,5.51986136846645
36,"naive","36_81_124",1,5.51986136846645
36,"naive","36_101_3",1,5.51986136846645
36,"gscp_rf_oob","36_1_5",1,4.31827378889462
36,"gscp_rf_oob","36_5_110",1,4.08081109261529
36,"gscp_rf_oob","36_55_1007",1,4.56746521340192
36,"gscp_rf_oob","36_67_1015",1,4.53065074170349
36,"gscp_rf_oob","36_81_124",1,4.1678418506544
36,"gscp_rf_oob","36_101_3",1,4.41982997004116
36,"lscp_rf_oob","36_1_5",1,3.96176321996027
36,"lscp_rf_oob","36_5_110",1,3.74390510761653
36,"lscp_rf_oob","36_55_1007",1,4.24540974346244
36,"lscp_rf_oob","36_67_1015",1,4.21119108835581
36,"lscp_rf_oob","36_81_124",1,3.82375072951557
36,"lscp_rf_oob","36_101_3",1,4.1081843741694
36,"w_fc","36_1_5",1,4.59834187072671
36,"w_fc","36_5_110",1,3.8538346164254
36,"w_fc","36_55_1007",1,5.40569774408554
36,"w_fc","36_67_1015",1,5.32041779912574
36,"w_fc","36_81_124",1,4.03315074033296
36,"w_fc","36_101_3",1,4.85179811700934
37,"naive","37_21_34",1,5.29252800179421
37,"naive","37_35_4",1,5.29252800179421
37,"naive","37_51_9",1,5.29252800179421
37,"naive","37_57_2",1,5.29252800179421
37,"naive","37_63_15",1,5.29252800179421
37,"naive","37_67_22",1,5.29252800179421
37,"naive","37_67_30",1,5.29252800179421
37,"naive","37_81_13",1,5.29252800179421
37,"naive","37_101_2",1,5.29252800179421
37,"naive","37_119_41",1,5.29252800179421
37,"naive","37_119_45",1,5.29252800179421
37,"naive","37_119_48",1,5.29252800179421
37,"naive","37_121_4",1,5.29252800179421
37,"naive","37_123_1",1,5.29252800179421
37,"naive","37_129_2",1,5.29252800179421
37,"naive","37_131_3",1,5.29252800179421
37,"naive","37_147_6",1,5.29252800179421
37,"naive","37_159_21",1,5.29252800179421
37,"naive","37_173_2",1,5.29252800179421
37,"naive","37_173_7",1,5.29252800179421
37,"naive","37_183_21",1,5.29252800179421
37,"gscp_rf_oob","37_21_34",1,4.58881839472262
37,"gscp_rf_oob","37_35_4",1,4.62608251900123
37,"gscp_rf_oob","37_51_9",1,4.76422182275824
37,"gscp_rf_oob","37_57_2",1,4.66603007763981
37,"gscp_rf_oob","37_63_15",1,4.73298607930427
37,"gscp_rf_oob","37_67_22",1,4.66972549293734
37,"gscp_rf_oob","37_67_30",1,4.66681353882018
37,"gscp_rf_oob","37_81_13",1,4.68527950441177
37,"gscp_rf_oob","37_101_2",1,4.78234251758585
37,"gscp_rf_oob","37_119_41",1,4.52098720410614
37,"gscp_rf_oob","37_119_45",1,4.50174262808262
37,"gscp_rf_oob","37_119_48",1,4.53349259485175
37,"gscp_rf_oob","37_121_4",1,4.62167949063283
37,"gscp_rf_oob","37_123_1",1,4.67595616509367
37,"gscp_rf_oob","37_129_2",1,4.86313447468654
37,"gscp_rf_oob","37_131_3",1,4.72607082877325
37,"gscp_rf_oob","37_147_6",1,4.83331659726512
37,"gscp_rf_oob","37_159_21",1,4.63691218305997
37,"gscp_rf_oob","37_173_2",0,4.49465968274351
37,"gscp_rf_oob","37_173_7",1,4.50973638182021
37,"gscp_rf_oob","37_183_21",1,4.74818914104505
37,"lscp_rf_oob","37_21_34",1,4.35841640616928
37,"lscp_rf_oob","37_35_4",1,4.39380951974384
37,"lscp_rf_oob","37_51_9",1,4.52501292681782
37,"lscp_rf_oob","37_57_2",1,4.43175133394965
37,"lscp_rf_oob","37_63_15",1,4.49534551246007
37,"lscp_rf_oob","37_67_22",1,4.43526120452525
37,"lscp_rf_oob","37_67_30",1,4.43249545798516
37,"lscp_rf_oob","37_81_13",1,4.45003425783889
37,"lscp_rf_oob","37_101_2",1,4.54222379175827
37,"lscp_rf_oob","37_119_41",1,4.29399098145148
37,"lscp_rf_oob","37_119_45",1,4.27571266475733
37,"lscp_rf_oob","37_119_48",1,4.30586848356703
37,"lscp_rf_oob","37_121_4",1,4.38962756495135
37,"lscp_rf_oob","37_123_1",1,4.44117903813985
37,"lscp_rf_oob","37_129_2",1,4.61167964541796
37,"lscp_rf_oob","37_131_3",1,4.48877747276562
37,"lscp_rf_oob","37_147_6",1,4.58340354096523
37,"lscp_rf_oob","37_159_21",1,4.40409543246621
37,"lscp_rf_oob","37_173_2",0,4.3153475839491
37,"lscp_rf_oob","37_173_7",1,4.32982280599636
37,"lscp_rf_oob","37_183_21",1,4.50978523702865
37,"w_fc","37_21_34",1,4.68504155492217
37,"w_fc","37_35_4",1,4.86435525935916
37,"w_fc","37_51_9",1,5.26577663722678
37,"w_fc","37_57_2",1,5.07065190040234
37,"w_fc","37_63_15",1,5.22171326323172
37,"w_fc","37_67_22",1,5.09059643540259
37,"w_fc","37_67_30",1,5.0816118571367
37,"w_fc","37_81_13",1,5.12735173490677
37,"w_fc","37_101_2",1,5.29218607810026
37,"w_fc","37_119_41",1,4.53276607825417
37,"w_fc","37_119_45",1,4.46417349648272
37,"w_fc","37_119_48",1,4.56716748883694
37,"w_fc","37_121_4",1,4.76613291084488
37,"w_fc","37_123_1",1,5.07338388717057
37,"w_fc","37_129_2",1,5.35027563421532
37,"w_fc","37_131_3",1,5.06257485014871
37,"w_fc","37_147_6",1,5.29451336864124
37,"w_fc","37_159_21",1,4.95773689340357
37,"w_fc","37_173_2",1,4.52751598697926
37,"w_fc","37_173_7",1,4.56212081691536
37,"w_fc","37_183_21",1,5.2493510334091
38,"naive","38_7_2",1,5.20919784685141
38,"naive","38_13_4",1,5.20919784685141
38,"naive","38_15_3",1,5.20919784685141
38,"naive","38_17_1004",1,5.20919784685141
38,"naive","38_25_4",1,5.20919784685141
38,"naive","38_53_2",1,5.20919784685141
38,"naive","38_57_4",1,5.20919784685141
38,"naive","38_65_2",0,5.20919784685141
38,"naive","38_101_3",1,5.20919784685141
38,"gscp_rf_oob","38_7_2",1,5.34176882691238
38,"gscp_rf_oob","38_13_4",1,5.51291902247274
38,"gscp_rf_oob","38_15_3",1,5.40809329156773
38,"gscp_rf_oob","38_17_1004",1,5.25768286278882
38,"gscp_rf_oob","38_25_4",1,5.41091714493069
38,"gscp_rf_oob","38_53_2",1,5.40229855515516
38,"gscp_rf_oob","38_57_4",1,5.43116929882572
38,"gscp_rf_oob","38_65_2",0,5.42852465151731
38,"gscp_rf_oob","38_101_3",1,5.47748876756264
38,"lscp_rf_oob","38_7_2",1,5.43243773899033
38,"lscp_rf_oob","38_13_4",1,5.6064929651756
38,"lscp_rf_oob","38_15_3",1,5.46790297028141
38,"lscp_rf_oob","38_17_1004",1,5.25768286278882
38,"lscp_rf_oob","38_25_4",1,5.50275975114814
38,"lscp_rf_oob","38_53_2",1,5.49399487309548
38,"lscp_rf_oob","38_57_4",1,5.4912341818241
38,"lscp_rf_oob","38_65_2",0,5.48856028659091
38,"lscp_rf_oob","38_101_3",1,5.53806591105543
38,"w_fc","38_7_2",1,5.78706315498124
38,"w_fc","38_13_4",1,5.97816793495534
38,"w_fc","38_15_3",1,5.97866769502117
38,"w_fc","38_17_1004",1,5.45795887539199
38,"w_fc","38_25_4",1,5.89602201324054
38,"w_fc","38_53_2",1,5.71753594891683
38,"w_fc","38_57_4",1,5.98883283289821
38,"w_fc","38_65_2",0,6.00024554083494
38,"w_fc","38_101_3",1,6.01454155631908
39,"naive","39_3_9",1,5.68600273841904
39,"naive","39_17_20",1,5.68600273841904
39,"naive","39_23_5",1,5.68600273841904
39,"naive","39_35_38",1,5.68600273841904
39,"naive","39_35_60",1,5.68600273841904
39,"naive","39_35_73",1,5.68600273841904
39,"naive","39_49_38",1,5.68600273841904
39,"naive","39_61_6",1,5.68600273841904
39,"naive","39_61_14",1,5.68600273841904
39,"naive","39_61_40",1,5.68600273841904
39,"naive","39_61_42",1,5.68600273841904
39,"naive","39_61_48",1,5.68600273841904
39,"naive","39_81_17",1,5.68600273841904
39,"naive","39_87_12",1,5.68600273841904
39,"naive","39_99_15",1,5.68600273841904
39,"naive","39_103_4",1,5.68600273841904
39,"naive","39_135_1001",1,5.68600273841904
39,"naive","39_151_20",1,5.68600273841904
39,"naive","39_153_17",1,5.68600273841904
39,"naive","39_155_14",1,5.68600273841904
39,"naive","39_113_38",1,5.68600273841904
39,"gscp_rf_oob","39_3_9",1,5.88949259476014
39,"gscp_rf_oob","39_17_20",1,5.36141653995814
39,"gscp_rf_oob","39_23_5",1,5.88682190286468
39,"gscp_rf_oob","39_35_38",1,5.87947365932716
39,"gscp_rf_oob","39_35_60",1,5.87849447366312
39,"gscp_rf_oob","39_35_73",1,5.86099318210058
39,"gscp_rf_oob","39_49_38",1,5.96054854211487
39,"gscp_rf_oob","39_61_6",1,4.83560855668037
39,"gscp_rf_oob","39_61_14",1,4.35262214039005
39,"gscp_rf_oob","39_61_40",1,3.91137451448693
39,"gscp_rf_oob","39_61_42",1,3.84507129346728
39,"gscp_rf_oob","39_61_48",1,4.09268562751742
39,"gscp_rf_oob","39_81_17",0,4.23648276295521
39,"gscp_rf_oob","39_87_12",1,5.08717750188956
39,"gscp_rf_oob","39_99_15",1,5.27354389314027
39,"gscp_rf_oob","39_103_4",1,5.90872221916765
39,"gscp_rf_oob","39_135_1001",1,5.69782727139189
39,"gscp_rf_oob","39_151_20",1,5.72573337380633
39,"gscp_rf_oob","39_153_17",1,5.8184918649722
39,"gscp_rf_oob","39_155_14",1,5.54974278995902
39,"gscp_rf_oob","39_113_38",1,5.74674628713608
39,"lscp_rf_oob","39_3_9",1,5.52511969075458
39,"lscp_rf_oob","39_17_20",1,5.02971480456823
39,"lscp_rf_oob","39_23_5",1,5.52261423003074
39,"lscp_rf_oob","39_35_38",1,5.51572060984049
39,"lscp_rf_oob","39_35_60",1,5.51480200473041
39,"lscp_rf_oob","39_35_73",1,5.4983834883523
39,"lscp_rf_oob","39_49_38",1,5.59177952732932
39,"lscp_rf_oob","39_61_6",1,4.53643766817304
39,"lscp_rf_oob","39_61_14",1,4.08333280114479
39,"lscp_rf_oob","39_61_40",1,3.66938441643249
39,"lscp_rf_oob","39_61_42",1,3.60718326308661
39,"lscp_rf_oob","39_61_48",1,3.83947811884221
39,"lscp_rf_oob","39_81_17",0,3.9743787697384
39,"lscp_rf_oob","39_87_12",1,4.77244247001188
39,"lscp_rf_oob","39_99_15",1,4.94727868916432
39,"lscp_rf_oob","39_103_4",1,5.54315961095998
39,"lscp_rf_oob","39_135_1001",1,5.34531237541491
39,"lscp_rf_oob","39_151_20",1,5.37149197466925
39,"lscp_rf_oob","39_153_17",1,5.45851165552956
39,"lscp_rf_oob","39_155_14",1,5.20638962933864
39,"lscp_rf_oob","39_113_38",1,5.39120485474004
39,"w_fc","39_3_9",1,5.30156511878873
39,"w_fc","39_17_20",1,4.90000456207043
39,"w_fc","39_23_5",1,5.31456521119171
39,"w_fc","39_35_38",1,5.27931645833624
39,"w_fc","39_35_60",1,5.27770647339268
39,"w_fc","39_35_73",1,5.26109202119788
39,"w_fc","39_49_38",1,5.41919264552613
39,"w_fc","39_61_6",1,4.65663327840917
39,"w_fc","39_61_14",1,4.45492963509855
39,"w_fc","39_61_40",1,4.30111029837374
39,"w_fc","39_61_42",1,4.27237140840271
39,"w_fc","39_61_48",1,4.35552988174938
39,"w_fc","39_81_17",1,4.1994507536401
39,"w_fc","39_87_12",1,4.04612172308137
39,"w_fc","39_99_15",1,4.81340900365399
39,"w_fc","39_103_4",1,5.32723810680637
39,"w_fc","39_135_1001",1,5.02141970962421
39,"w_fc","39_151_20",1,5.12653831658844
39,"w_fc","39_153_17",1,5.22368719122539
39,"w_fc","39_155_14",1,4.99299112945612
39,"w_fc","39_113_38",1,5.16061474612614
40,"naive","40_115_9007",1,6.18771467279301
40,"naive","40_19_297",1,6.18771467279301
40,"naive","40_27_49",1,6.18771467279301
40,"naive","40_31_651",1,6.18771467279301
40,"naive","40_43_860",1,6.18771467279301
40,"naive","40_71_604",1,6.18771467279301
40,"naive","40_105_207",0,6.18771467279301
40,"naive","40_109_97",1,6.18771467279301
40,"naive","40_109_1037",1,6.18771467279301
40,"naive","40_121_415",1,6.18771467279301
40,"naive","40_143_174",1,6.18771467279301
40,"naive","40_143_1127",1,6.18771467279301
40,"gscp_rf_oob","40_115_9007",1,6.77835485799744
40,"gscp_rf_oob","40_19_297",1,6.80937724649203
40,"gscp_rf_oob","40_27_49",1,6.81013909169666
40,"gscp_rf_oob","40_31_651",1,6.81012932372982
40,"gscp_rf_oob","40_43_860",1,6.81012792389502
40,"gscp_rf_oob","40_71_604",1,6.80020250219433
40,"gscp_rf_oob","40_105_207",0,6.75915089119909
40,"gscp_rf_oob","40_109_97",1,6.81013736173854
40,"gscp_rf_oob","40_109_1037",1,6.81013367053882
40,"gscp_rf_oob","40_121_415",1,6.81012629354898
40,"gscp_rf_oob","40_143_174",1,6.81007088205767
40,"gscp_rf_oob","40_143_1127",1,6.80977072013414
40,"lscp_rf_oob","40_115_9007",1,6.71730458857853
40,"lscp_rf_oob","40_19_297",1,6.80937724649203
40,"lscp_rf_oob","40_27_49",1,6.81013909169666
40,"lscp_rf_oob","40_31_651",1,6.81012932372982
40,"lscp_rf_oob","40_43_860",1,6.86103872454786
40,"lscp_rf_oob","40_71_604",1,6.80020250219433
40,"lscp_rf_oob","40_105_207",0,6.69827358518672
40,"lscp_rf_oob","40_109_97",1,6.81013736173854
40,"lscp_rf_oob","40_109_1037",1,6.81013367053882
40,"lscp_rf_oob","40_121_415",1,6.74878986993176
40,"lscp_rf_oob","40_143_174",1,6.74873495751237
40,"lscp_rf_oob","40_143_1127",1,6.7484374990422
40,"w_fc","40_115_9007",1,5.34452991298913
40,"w_fc","40_19_297",1,5.59366611611877
40,"w_fc","40_27_49",1,5.77199495604954
40,"w_fc","40_31_651",1,5.75351894552958
40,"w_fc","40_43_860",1,5.76151094231262
40,"w_fc","40_71_604",1,5.45396669698
40,"w_fc","40_105_207",0,5.4012367466919
40,"w_fc","40_109_97",1,5.77017291588611
40,"w_fc","40_109_1037",1,5.76240005778609
40,"w_fc","40_121_415",1,5.74051492997301
40,"w_fc","40_143_174",1,5.71754137704005
40,"w_fc","40_143_1127",1,5.67109809654406
41,"naive","41_25_3",1,4.94158610046498
41,"naive","41_35_4",1,4.94158610046498
41,"naive","41_39_59",1,4.94158610046498
41,"naive","41_39_60",1,4.94158610046498
41,"naive","41_39_2013",0,4.94158610046498
41,"naive","41_39_9004",1,4.94158610046498
41,"gscp_rf_oob","41_25_3",1,4.67106792162293
41,"gscp_rf_oob","41_35_4",1,4.65987246343517
41,"gscp_rf_oob","41_39_59",1,4.66293677163582
41,"gscp_rf_oob","41_39_60",1,4.66344748391611
41,"gscp_rf_oob","41_39_2013",0,4.66601497270485
41,"gscp_rf_oob","41_39_9004",1,4.6673825650394
41,"lscp_rf_oob","41_25_3",1,5.26077025700059
41,"lscp_rf_oob","41_35_4",1,5.26131503964602
41,"lscp_rf_oob","41_39_59",1,5.26477485339601
41,"lscp_rf_oob","41_39_60",1,5.26535148252531
41,"lscp_rf_oob","41_39_2013",0,5.26825035314555
41,"lscp_rf_oob","41_39_9004",1,5.26979445852061
41,"w_fc","41_25_3",1,5.15242023724199
41,"w_fc","41_35_4",1,4.90208124850644
41,"w_fc","41_39_59",1,5.12710009746238
41,"w_fc","41_39_60",1,5.12887127618721
41,"w_fc","41_39_2013",0,5.13391329105622
41,"w_fc","41_39_9004",1,5.14260727787595
42,"naive","42_3_64",0,6.81199418076665
42,"naive","42_3_1376",1,6.81199418076665
42,"naive","42_7_14",1,6.81199418076665
42,"naive","42_41_101",1,6.81199418076665
42,"naive","42_45_2",1,6.81199418076665
42,"naive","42_71_7",1,6.81199418076665
42,"naive","42_71_12",1,6.81199418076665
42,"naive","42_75_101",1,6.81199418076665
42,"naive","42_3_2",1,6.81199418076665
42,"naive","42_3_3007",1,6.81199418076665
42,"naive","42_101_55",1,6.81199418076665
42,"naive","42_101_57",1,6.81199418076665
42,"naive","42_101_75",1,6.81199418076665
42,"naive","42_101_76",1,6.81199418076665
42,"naive","42_3_8",1,6.81199418076665
42,"naive","42_3_1301",1,6.81199418076665
42,"naive","42_101_48",1,6.81199418076665
42,"naive","42_101_4",1,6.81199418076665
42,"naive","42_1_1",1,6.81199418076665
42,"naive","42_5_1",1,6.81199418076665
42,"naive","42_11_11",1,6.81199418076665
42,"naive","42_13_801",1,6.81199418076665
42,"naive","42_15_11",1,6.81199418076665
42,"naive","42_21_11",1,6.81199418076665
42,"naive","42_27_100",1,6.81199418076665
42,"naive","42_29_100",1,6.81199418076665
42,"naive","42_43_401",1,6.81199418076665
42,"naive","42_45_109",1,6.81199418076665
42,"naive","42_49_3",1,6.81199418076665
42,"naive","42_51_524",1,6.81199418076665
42,"naive","42_59_2",1,6.81199418076665
42,"naive","42_63_4",1,6.81199418076665
42,"naive","42_69_2006",1,6.81199418076665
42,"naive","42_77_4",1,6.81199418076665
42,"naive","42_81_419",1,6.81199418076665
42,"naive","42_91_13",1,6.81199418076665
42,"naive","42_95_25",1,6.81199418076665
42,"naive","42_115_215",1,6.81199418076665
42,"naive","42_117_4000",1,6.81199418076665
42,"naive","42_125_5",1,6.81199418076665
42,"naive","42_125_5001",1,6.81199418076665
42,"naive","42_129_8",1,6.81199418076665
42,"naive","42_131_10",1,6.81199418076665
42,"naive","42_133_8",1,6.81199418076665
42,"gscp_rf_oob","42_3_64",0,5.42197916499948
42,"gscp_rf_oob","42_3_1376",1,5.42370190276012
42,"gscp_rf_oob","42_7_14",1,5.36845040462867
42,"gscp_rf_oob","42_41_101",1,5.45118389797401
42,"gscp_rf_oob","42_45_2",1,5.25011725468141
42,"gscp_rf_oob","42_71_7",1,5.37232171760076
42,"gscp_rf_oob","42_71_12",1,5.35988936866476
42,"gscp_rf_oob","42_75_101",1,5.42480569441717
42,"gscp_rf_oob","42_3_2",1,5.4005278286509
42,"gscp_rf_oob","42_3_3007",1,5.42017860968218
42,"gscp_rf_oob","42_101_55",1,5.28419329737603
42,"gscp_rf_oob","42_101_57",1,5.28632490218441
42,"gscp_rf_oob","42_101_75",1,5.26721839827499
42,"gscp_rf_oob","42_101_76",1,5.28993202954888
42,"gscp_rf_oob","42_3_8",1,5.41351624138515
42,"gscp_rf_oob","42_3_1301",1,5.42347333446875
42,"gscp_rf_oob","42_101_48",1,5.28364031270981
42,"gscp_rf_oob","42_101_4",1,5.2844701714739
42,"gscp_rf_oob","42_1_1",1,5.41762971344927
42,"gscp_rf_oob","42_5_1",1,5.45851097375309
42,"gscp_rf_oob","42_11_11",1,5.40537251454153
42,"gscp_rf_oob","42_13_801",1,5.49003359962489
42,"gscp_rf_oob","42_15_11",1,5.49051283116501
42,"gscp_rf_oob","42_21_11",0,5.46337058067685
42,"gscp_rf_oob","42_27_100",1,5.50251181966407
42,"gscp_rf_oob","42_29_100",1,5.26192275058795
42,"gscp_rf_oob","42_43_401",1,5.43561233519639
42,"gscp_rf_oob","42_45_109",1,5.23409204257051
42,"gscp_rf_oob","42_49_3",1,5.50585404829384
42,"gscp_rf_oob","42_51_524",1,5.42784565566459
42,"gscp_rf_oob","42_59_2",1,5.40156324545591
42,"gscp_rf_oob","42_63_4",1,5.48056876318564
42,"gscp_rf_oob","42_69_2006",1,5.47396118697909
42,"gscp_rf_oob","42_77_4",1,5.38713371352973
42,"gscp_rf_oob","42_81_419",1,5.49994569805511
42,"gscp_rf_oob","42_91_13",1,5.30921200796064
42,"gscp_rf_oob","42_95_25",1,5.37846185523659
42,"gscp_rf_oob","42_115_215",1,5.49490223446923
42,"gscp_rf_oob","42_117_4000",1,5.48132702949189
42,"gscp_rf_oob","42_125_5",1,5.41915543757177
42,"gscp_rf_oob","42_125_5001",1,5.32530383312052
42,"gscp_rf_oob","42_129_8",1,5.44545497043152
42,"gscp_rf_oob","42_131_10",1,5.49103691410695
42,"gscp_rf_oob","42_133_8",1,5.38150934247745
42,"lscp_rf_oob","42_3_64",0,4.89575711573779
42,"lscp_rf_oob","42_3_1376",1,4.89731265577097
42,"lscp_rf_oob","42_7_14",1,4.84742350885606
42,"lscp_rf_oob","42_41_101",1,4.9221274271909
42,"lscp_rf_oob","42_45_2",1,4.66049023440655
42,"lscp_rf_oob","42_71_7",0,4.81384175504131
42,"lscp_rf_oob","42_71_12",1,4.80270181153695
42,"lscp_rf_oob","42_75_101",1,4.89830932058558
42,"lscp_rf_oob","42_3_2",1,4.87638770663925
42,"lscp_rf_oob","42_3_3007",1,4.89413131061412
42,"lscp_rf_oob","42_101_55",1,4.69073928533277
42,"lscp_rf_oob","42_101_57",1,4.6926314951466
42,"lscp_rf_oob","42_101_75",0,4.67567079302055
42,"lscp_rf_oob","42_101_76",1,4.69583351541413
42,"lscp_rf_oob","42_3_8",1,4.88811554847168
42,"lscp_rf_oob","42_3_1301",1,4.89710627083202
42,"lscp_rf_oob","42_101_48",1,4.69024840493683
42,"lscp_rf_oob","42_101_4",1,4.69098506442049
42,"lscp_rf_oob","42_1_1",1,4.8918297936791
42,"lscp_rf_oob","42_5_1",1,4.92874338462846
42,"lscp_rf_oob","42_11_11",1,4.84345675479638
42,"lscp_rf_oob","42_13_801",1,4.95720662936293
42,"lscp_rf_oob","42_15_11",1,4.95763934980528
42,"lscp_rf_oob","42_21_11",0,4.93313134969669
42,"lscp_rf_oob","42_27_100",1,4.9684737944865
42,"lscp_rf_oob","42_29_100",1,4.71491931795446
42,"lscp_rf_oob","42_43_401",1,4.90806713906515
42,"lscp_rf_oob","42_45_109",1,4.64626477220748
42,"lscp_rf_oob","42_49_3",1,4.97149164813342
42,"lscp_rf_oob","42_51_524",1,4.90105424295723
42,"lscp_rf_oob","42_59_2",1,4.87732263262045
42,"lscp_rf_oob","42_63_4",1,4.94866038841722
42,"lscp_rf_oob","42_69_2006",1,4.9049152884916
42,"lscp_rf_oob","42_77_4",1,4.82711396922104
42,"lscp_rf_oob","42_81_419",1,4.96615672395844
42,"lscp_rf_oob","42_91_13",1,4.71294820957214
42,"lscp_rf_oob","42_95_25",1,4.81934359437387
42,"lscp_rf_oob","42_115_215",1,4.96160274616046
42,"lscp_rf_oob","42_117_4000",1,4.9493450623253
42,"lscp_rf_oob","42_125_5",1,4.89320744093706
42,"lscp_rf_oob","42_125_5001",1,4.80846446308098
42,"lscp_rf_oob","42_129_8",1,4.9169545121117
42,"lscp_rf_oob","42_131_10",1,4.95811256866395
42,"lscp_rf_oob","42_133_8",1,4.8592150310939
42,"w_fc","42_3_64",1,5.69797620438594
42,"w_fc","42_3_1376",1,5.73437685628297
42,"w_fc","42_7_14",1,5.28163693356563
42,"w_fc","42_41_101",1,6.01636666924102
42,"w_fc","42_45_2",1,4.4110891207006
42,"w_fc","42_71_7",1,5.49955636292228
42,"w_fc","42_71_12",1,5.36540900188419
42,"w_fc","42_75_101",1,5.92437682494692
42,"w_fc","42_3_2",1,5.5308012412806
42,"w_fc","42_3_3007",1,5.67631414690937
42,"w_fc","42_101_55",1,4.20031639369821
42,"w_fc","42_101_57",1,4.13061989025041
42,"w_fc","42_101_75",0,4.42861955662314
42,"w_fc","42_101_76",1,4.35330025407077
42,"w_fc","42_3_8",1,5.64644679139812
42,"w_fc","42_3_1301",1,5.72605264926669
42,"w_fc","42_101_48",1,4.26422161296797
42,"w_fc","42_101_4",1,4.30635123040877
42,"w_fc","42_1_1",1,5.57689682927882
42,"w_fc","42_5_1",1,6.06472245463227
42,"w_fc","42_11_11",1,5.73384865560695
42,"w_fc","42_13_801",1,6.22137756359776
42,"w_fc","42_15_11",1,5.99525394510316
42,"w_fc","42_21_11",1,5.93938869014006
42,"w_fc","42_27_100",1,6.34800294246164
42,"w_fc","42_29_100",1,4.44910264050651
42,"w_fc","42_43_401",1,5.97928525833131
42,"w_fc","42_45_109",1,4.36768544185722
42,"w_fc","42_49_3",1,6.36637331049422
42,"w_fc","42_51_524",1,5.66311841469466
42,"w_fc","42_59_2",1,5.41816326294891
42,"w_fc","42_63_4",1,6.16950215121654
42,"w_fc","42_69_2006",1,6.0006981190694
42,"w_fc","42_77_4",1,5.30181435759037
42,"w_fc","42_81_419",1,6.21351450556459
42,"w_fc","42_91_13",1,4.78635075524165
42,"w_fc","42_95_25",1,5.15991288374504
42,"w_fc","42_115_215",1,6.16053184210592
42,"w_fc","42_117_4000",1,5.83990986208816
42,"w_fc","42_125_5",1,5.63882524928837
42,"w_fc","42_125_5001",1,4.85360160415589
42,"w_fc","42_129_8",1,5.8677456283671
42,"w_fc","42_131_10",1,6.13892770885406
42,"w_fc","42_133_8",1,5.57888788062249
44,"naive","44_9_7",0,5.26491077423653
44,"naive","44_3_2",0,5.26491077423653
44,"naive","44_7_22",1,5.26491077423653
44,"naive","44_7_1010",1,5.26491077423653
44,"gscp_rf_oob","44_9_7",1,4.46512771803753
44,"gscp_rf_oob","44_3_2",0,4.44025793433499
44,"gscp_rf_oob","44_7_22",1,4.40360356568488
44,"gscp_rf_oob","44_7_1010",1,4.39574266323149
44,"lscp_rf_oob","44_9_7",1,4.30342276329156
44,"lscp_rf_oob","44_3_2",0,4.27945364077995
44,"lscp_rf_oob","44_7_22",1,4.24412671300009
44,"lscp_rf_oob","44_7_1010",1,4.23655049375304
44,"w_fc","44_9_7",0,4.58916186740693
44,"w_fc","44_3_2",0,4.54089296945169
44,"w_fc","44_7_22",1,4.38084830832787
44,"w_fc","44_7_1010",1,4.34250084824673
45,"naive","45_19_20",1,5.73975946703265
45,"naive","45_19_48",1,5.73975946703265
45,"naive","45_45_15",1,5.73975946703265
45,"naive","45_63_8",1,5.73975946703265
45,"naive","45_83_11",1,5.73975946703265
45,"naive","45_79_7",1,5.73975946703265
45,"naive","45_91_8801",1,5.73975946703265
45,"gscp_rf_oob","45_19_20",1,5.20217730411684
45,"gscp_rf_oob","45_19_48",1,5.1926667046423
45,"gscp_rf_oob","45_45_15",1,5.04183523794503
45,"gscp_rf_oob","45_63_8",1,5.10270451035597
45,"gscp_rf_oob","45_83_11",1,5.0420875998263
45,"gscp_rf_oob","45_79_7",1,5.105153236177
45,"gscp_rf_oob","45_91_8801",1,5.04030846506905
45,"lscp_rf_oob","45_19_20",1,4.29025461864075
45,"lscp_rf_oob","45_19_48",1,4.28241119252581
45,"lscp_rf_oob","45_45_15",1,4.16086453265194
45,"lscp_rf_oob","45_63_8",1,4.20821904239771
45,"lscp_rf_oob","45_83_11",1,4.16107279879941
45,"lscp_rf_oob","45_79_7",1,4.21023851552393
45,"lscp_rf_oob","45_91_8801",1,4.15676079600821
45,"w_fc","45_19_20",1,5.03571356277162
45,"w_fc","45_19_48",1,5.01923179918774
45,"w_fc","45_45_15",1,4.6693127796419
45,"w_fc","45_63_8",1,4.81647898257928
45,"w_fc","45_83_11",1,4.65588668838609
45,"w_fc","45_79_7",1,4.8272505226746
45,"w_fc","45_91_8801",1,4.51775264494881
46,"naive","46_11_3",1,5.27235924813002
46,"naive","46_13_4",0,5.27235924813002
46,"naive","46_27_1",1,5.27235924813002
46,"naive","46_29_2",1,5.27235924813002
46,"naive","46_33_132",1,5.27235924813002
46,"naive","46_65_3",0,5.27235924813002
46,"naive","46_71_1",1,5.27235924813002
46,"naive","46_99_9",1,5.27235924813002
46,"naive","46_103_20",1,5.27235924813002
46,"gscp_rf_oob","46_11_3",1,4.9891659024625
46,"gscp_rf_oob","46_13_4",1,5.08417210953662
46,"gscp_rf_oob","46_27_1",1,5.02382085752981
46,"gscp_rf_oob","46_29_2",1,5.02790585827675
46,"gscp_rf_oob","46_33_132",1,5.05196367949842
46,"gscp_rf_oob","46_65_3",0,5.14221845163672
46,"gscp_rf_oob","46_71_1",1,5.12661665709951
46,"gscp_rf_oob","46_99_9",1,5.0287707965727
46,"gscp_rf_oob","46_103_20",1,5.07090786595393
46,"lscp_rf_oob","46_11_3",1,4.93659208080814
46,"lscp_rf_oob","46_13_4",1,5.08417210953662
46,"lscp_rf_oob","46_27_1",1,4.97088185591095
46,"lscp_rf_oob","46_29_2",1,4.97492381056463
46,"lscp_rf_oob","46_33_132",1,5.16157352832996
46,"lscp_rf_oob","46_65_3",0,5.18503574499006
46,"lscp_rf_oob","46_71_1",1,5.16930404025556
46,"lscp_rf_oob","46_99_9",1,4.97577963448904
46,"lscp_rf_oob","46_103_20",1,5.18092873702263
46,"w_fc","46_11_3",1,5.517612946014
46,"w_fc","46_13_4",0,5.86702107564162
46,"w_fc","46_27_1",1,5.75656894604897
46,"w_fc","46_29_2",1,5.68042944520085
46,"w_fc","46_33_132",1,5.80630561918364
46,"w_fc","46_65_3",0,5.98828985559405
46,"w_fc","46_71_1",1,5.96242555924555
46,"w_fc","46_99_9",1,5.71586208664901
46,"w_fc","46_103_20",1,5.84606922684184
47,"naive","47_9_11",1,5.01232900891233
47,"naive","47_37_40",1,5.01232900891233
47,"naive","47_45_4",1,5.01232900891233
47,"naive","47_93_1013",1,5.01232900891233
47,"naive","47_93_1017",1,5.01232900891233
47,"naive","47_93_1020",1,5.01232900891233
47,"naive","47_99_3",1,5.01232900891233
47,"naive","47_105_109",1,5.01232900891233
47,"naive","47_107_1002",1,5.01232900891233
47,"naive","47_113_10",1,5.01232900891233
47,"naive","47_119_2007",1,5.01232900891233
47,"naive","47_125_2001",1,5.01232900891233
47,"naive","47_141_5",1,5.01232900891233
47,"naive","47_145_4",1,5.01232900891233
47,"naive","47_157_75",1,5.01232900891233
47,"naive","47_163_1007",1,5.01232900891233
47,"naive","47_165_7",1,5.01232900891233
47,"gscp_rf_oob","47_9_11",1,4.74892377947335
47,"gscp_rf_oob","47_37_40",1,4.97573005154838
47,"gscp_rf_oob","47_45_4",1,5.21984342426392
47,"gscp_rf_oob","47_93_1013",1,4.7368599027549
47,"gscp_rf_oob","47_93_1017",1,4.7476899504081
47,"gscp_rf_oob","47_93_1020",1,4.70783382406817
47,"gscp_rf_oob","47_99_3",1,4.91323423224626
47,"gscp_rf_oob","47_105_109",1,4.90352493276799
47,"gscp_rf_oob","47_107_1002",1,4.8770638990686
47,"gscp_rf_oob","47_113_10",1,5.20837372069992
47,"gscp_rf_oob","47_119_2007",1,5.03120742699912
47,"gscp_rf_oob","47_125_2001",1,4.56242419819189
47,"gscp_rf_oob","47_141_5",1,5.0252501390962
47,"gscp_rf_oob","47_145_4",1,4.95299709042341
47,"gscp_rf_oob","47_157_75",1,5.23576675382604
47,"gscp_rf_oob","47_163_1007",1,4.87598445457293
47,"gscp_rf_oob","47_165_7",1,4.90802867035937
47,"lscp_rf_oob","47_9_11",1,4.64904990876688
47,"lscp_rf_oob","47_37_40",1,4.87537863353701
47,"lscp_rf_oob","47_45_4",1,5.11456868387498
47,"lscp_rf_oob","47_93_1013",1,4.63723974554637
47,"lscp_rf_oob","47_93_1017",1,4.64784202816705
47,"lscp_rf_oob","47_93_1020",1,4.60882410976513
47,"lscp_rf_oob","47_99_3",1,4.81414324115149
47,"lscp_rf_oob","47_105_109",1,4.80039966946979
47,"lscp_rf_oob","47_107_1002",1,4.77449513361732
47,"lscp_rf_oob","47_113_10",1,5.103330303354
47,"lscp_rf_oob","47_119_2007",1,4.92973713130821
47,"lscp_rf_oob","47_125_2001",1,4.47040840691811
47,"lscp_rf_oob","47_141_5",1,4.91956489208736
47,"lscp_rf_oob","47_145_4",1,4.84883138594176
47,"lscp_rf_oob","47_157_75",1,5.13017086886445
47,"lscp_rf_oob","47_163_1007",1,4.77343839074943
47,"lscp_rf_oob","47_165_7",1,4.80904266597238
47,"w_fc","47_9_11",1,4.78222976022154
47,"w_fc","47_37_40",1,5.12094079402666
47,"w_fc","47_45_4",1,5.33219314926959
47,"w_fc","47_93_1013",1,4.80370525351161
47,"w_fc","47_93_1017",1,4.81388114925184
47,"w_fc","47_93_1020",1,4.78184768822879
47,"w_fc","47_99_3",1,5.08126682292268
47,"w_fc","47_105_109",1,4.96241181875337
47,"w_fc","47_107_1002",1,4.96482794042317
47,"w_fc","47_113_10",1,5.33543884306394
47,"w_fc","47_119_2007",1,5.18436519428244
47,"w_fc","47_125_2001",1,4.72868764452121
47,"w_fc","47_141_5",1,5.12240258256217
47,"w_fc","47_145_4",1,5.02389355597224
47,"w_fc","47_157_75",1,4.88936089526002
47,"w_fc","47_163_1007",1,4.84861980879672
47,"w_fc","47_165_7",1,5.0528522439672
48,"naive","48_13_1090",1,5.38198582656708
48,"naive","48_27_1045",1,5.38198582656708
48,"naive","48_41_1086",1,5.38198582656708
48,"naive","48_43_101",1,5.38198582656708
48,"naive","48_61_2004",0,5.38198582656708
48,"naive","48_121_34",1,5.38198582656708
48,"naive","48_135_1014",1,5.38198582656708
48,"naive","48_201_46",0,5.38198582656708
48,"naive","48_201_66",1,5.38198582656708
48,"naive","48_201_1034",1,5.38198582656708
48,"naive","48_201_1035",1,5.38198582656708
48,"naive","48_201_1050",1,5.38198582656708
48,"naive","48_273_314",0,5.38198582656708
48,"naive","48_303_1028",1,5.38198582656708
48,"naive","48_323_4",1,5.38198582656708
48,"naive","48_339_78",1,5.38198582656708
48,"naive","48_361_1100",1,5.38198582656708
48,"naive","48_453_14",1,5.38198582656708
48,"naive","48_479_313",1,5.38198582656708
48,"naive","48_29_32",1,5.38198582656708
48,"naive","48_29_59",1,5.38198582656708
48,"naive","48_29_1069",1,5.38198582656708
48,"naive","48_37_1031",1,5.38198582656708
48,"naive","48_61_6",1,5.38198582656708
48,"naive","48_167_1034",1,5.38198582656708
48,"naive","48_201_58",0,5.38198582656708
48,"naive","48_201_1052",0,5.38198582656708
48,"naive","48_203_2",1,5.38198582656708
48,"naive","48_215_43",1,5.38198582656708
48,"naive","48_245_22",1,5.38198582656708
48,"naive","48_375_320",1,5.38198582656708
48,"naive","48_439_1006",1,5.38198582656708
48,"naive","48_439_1053",1,5.38198582656708
48,"naive","48_453_1068",1,5.38198582656708
48,"naive","48_355_32",1,5.38198582656708
48,"naive","48_439_1002",1,5.38198582656708
48,"naive","48_453_21",1,5.38198582656708
48,"naive","48_113_69",1,5.38198582656708
48,"naive","48_201_24",0,5.38198582656708
48,"naive","48_201_1039",1,5.38198582656708
48,"naive","48_245_21",1,5.38198582656708
48,"naive","48_141_44",1,5.38198582656708
48,"gscp_rf_oob","48_13_1090",1,5.88841019414417
48,"gscp_rf_oob","48_27_1045",1,5.88563462442147
48,"gscp_rf_oob","48_41_1086",1,5.8826056552879
48,"gscp_rf_oob","48_43_101",1,5.88832833244668
48,"gscp_rf_oob","48_61_2004",0,5.88851253547516
48,"gscp_rf_oob","48_121_34",1,5.73601681598376
48,"gscp_rf_oob","48_135_1014",1,5.88771098762302
48,"gscp_rf_oob","48_201_46",0,5.85612457894127
48,"gscp_rf_oob","48_201_66",1,5.87173572220355
48,"gscp_rf_oob","48_201_1034",1,5.85358740891113
48,"gscp_rf_oob","48_201_1035",1,5.85640754104768
48,"gscp_rf_oob","48_201_1050",1,5.84547607099444
48,"gscp_rf_oob","48_273_314",0,5.88839827409219
48,"gscp_rf_oob","48_303_1028",1,5.88600461273022
48,"gscp_rf_oob","48_323_4",1,5.88852544085067
48,"gscp_rf_oob","48_339_78",1,5.86000841493757
48,"gscp_rf_oob","48_361_1100",1,5.3663484258729
48,"gscp_rf_oob","48_453_14",1,5.88757563594247
48,"gscp_rf_oob","48_479_313",1,5.88852999691624
48,"gscp_rf_oob","48_29_32",1,5.88836412585825
48,"gscp_rf_oob","48_29_59",1,5.88833719413066
48,"gscp_rf_oob","48_29_1069",1,5.88830985010086
48,"gscp_rf_oob","48_37_1031",1,5.87874978076232
48,"gscp_rf_oob","48_61_6",1,5.88852460645079
48,"gscp_rf_oob","48_167_1034",1,5.849814955487
48,"gscp_rf_oob","48_201_58",0,5.8401402530982
48,"gscp_rf_oob","48_201_1052",0,5.86160774206451
48,"gscp_rf_oob","48_203_2",1,5.8764326459796
48,"gscp_rf_oob","48_215_43",1,5.88852977467431
48,"gscp_rf_oob","48_245_22",1,5.71107570602996
48,"gscp_rf_oob","48_375_320",1,5.87912407095715
48,"gscp_rf_oob","48_439_1006",1,5.82865672312764
48,"gscp_rf_oob","48_439_1053",1,5.8393013022656
48,"gscp_rf_oob","48_453_1068",1,5.88751055602564
48,"gscp_rf_oob","48_355_32",1,5.88835381351678
48,"gscp_rf_oob","48_439_1002",1,5.82245634715117
48,"gscp_rf_oob","48_453_21",1,5.88760866335362
48,"gscp_rf_oob","48_113_69",1,5.83066377325378
48,"gscp_rf_oob","48_201_24",1,5.85732986975661
48,"gscp_rf_oob","48_201_1039",1,5.8502668942241
48,"gscp_rf_oob","48_245_21",1,5.50550424490703
48,"gscp_rf_oob","48_141_44",0,5.48731322067025
48,"lscp_rf_oob","48_13_1090",1,5.8782584178846
48,"lscp_rf_oob","48_27_1045",1,5.85841776021314
48,"lscp_rf_oob","48_41_1086",1,5.85540279790242
48,"lscp_rf_oob","48_43_101",1,6.11860462526527
48,"lscp_rf_oob","48_61_2004",0,5.87836058277641
48,"lscp_rf_oob","48_121_34",1,5.70949182747537
48,"lscp_rf_oob","48_135_1014",1,5.94468046619907
48,"lscp_rf_oob","48_201_46",0,5.6291659205796
48,"lscp_rf_oob","48_201_66",1,5.64417204185464
48,"lscp_rf_oob","48_201_1034",1,5.62672708054541
48,"lscp_rf_oob","48_201_1035",1,5.6294379162697
48,"lscp_rf_oob","48_201_1050",1,5.61893010383231
48,"lscp_rf_oob","48_273_314",0,5.87824651838311
48,"lscp_rf_oob","48_303_1028",1,5.93848840905278
48,"lscp_rf_oob","48_323_4",1,5.88852544085067
48,"lscp_rf_oob","48_339_78",1,5.63289923549406
48,"lscp_rf_oob","48_361_1100",1,4.96160402983685
48,"lscp_rf_oob","48_453_14",1,5.87742529848351
48,"lscp_rf_oob","48_479_313",1,5.88852999691624
48,"lscp_rf_oob","48_29_32",1,5.87821242902164
48,"lscp_rf_oob","48_29_59",1,5.87818554372507
48,"lscp_rf_oob","48_29_1069",1,5.87815824683711
48,"lscp_rf_oob","48_37_1031",1,5.43535869978258
48,"lscp_rf_oob","48_61_6",1,5.87837263294136
48,"lscp_rf_oob","48_167_1034",1,5.40860621666082
48,"lscp_rf_oob","48_201_58",0,5.61380107970466
48,"lscp_rf_oob","48_201_1052",0,5.63443657945549
48,"lscp_rf_oob","48_203_2",1,5.43321632952198
48,"lscp_rf_oob","48_215_43",1,5.87837779225472
48,"lscp_rf_oob","48_245_22",1,5.2803310536312
48,"lscp_rf_oob","48_375_320",1,5.93154651548393
48,"lscp_rf_oob","48_439_1006",1,5.80170334109266
48,"lscp_rf_oob","48_439_1053",1,5.81229869664074
48,"lscp_rf_oob","48_453_1068",1,5.87736033076619
48,"lscp_rf_oob","48_355_32",1,5.87820213445892
48,"lscp_rf_oob","48_439_1002",1,5.79553163743477
48,"lscp_rf_oob","48_453_21",1,5.87745826895452
48,"lscp_rf_oob","48_113_69",1,5.80370111004281
48,"lscp_rf_oob","48_201_24",1,5.63032449941286
48,"lscp_rf_oob","48_201_1039",1,5.62353525498515
48,"lscp_rf_oob","48_245_21",1,5.09026434364841
48,"lscp_rf_oob","48_141_44",0,5.75169581732543
48,"w_fc","48_13_1090",1,5.78623817295364
48,"w_fc","48_27_1045",1,5.74627751063542
48,"w_fc","48_41_1086",1,5.73275136091172
48,"w_fc","48_43_101",1,5.76603758920025
48,"w_fc","48_61_2004",0,5.79303514404712
48,"w_fc","48_121_34",1,5.41249937901972
48,"w_fc","48_135_1014",1,5.48496456380861
48,"w_fc","48_201_46",0,5.65867385044174
48,"w_fc","48_201_66",1,5.70073379762547
48,"w_fc","48_201_1034",1,5.65312720474244
48,"w_fc","48_201_1035",1,5.65979390068454
48,"w_fc","48_201_1050",1,5.63615251585436
48,"w_fc","48_273_314",0,5.78928607179621
48,"w_fc","48_303_1028",1,5.54916511767375
48,"w_fc","48_323_4",1,5.78869707070417
48,"w_fc","48_339_78",1,5.6637763674831
48,"w_fc","48_361_1100",1,5.16857904161737
48,"w_fc","48_453_14",1,5.76891291896546
48,"w_fc","48_479_313",1,5.79292287672149
48,"w_fc","48_29_32",1,5.78383811853212
48,"w_fc","48_29_59",1,5.78452931369977
48,"w_fc","48_29_1069",1,5.78295047516134
48,"w_fc","48_37_1031",1,5.55939310872242
48,"w_fc","48_61_6",1,5.79366966146153
48,"w_fc","48_167_1034",1,5.64566362030721
48,"w_fc","48_201_58",0,5.62476241410103
48,"w_fc","48_201_1052",1,5.67207748725977
48,"w_fc","48_203_2",1,5.62193085441233
48,"w_fc","48_215_43",1,5.79392490250164
48,"w_fc","48_245_22",1,5.4430947730765
48,"w_fc","48_375_320",1,5.65035716938812
48,"w_fc","48_439_1006",1,5.5623589726197
48,"w_fc","48_439_1053",1,5.58524417651612
48,"w_fc","48_453_1068",1,5.76821247737941
48,"w_fc","48_355_32",1,5.78808016778755
48,"w_fc","48_439_1002",1,5.54991960232152
48,"w_fc","48_453_21",1,5.76987865004575
48,"w_fc","48_113_69",1,5.55950119925565
48,"w_fc","48_201_24",1,5.66110215457868
48,"w_fc","48_201_1039",1,5.64612855346116
48,"w_fc","48_245_21",1,5.26096113403095
48,"w_fc","48_141_44",0,4.5748522570868
49,"naive","49_5_7",1,5.25386768299434
49,"naive","49_11_4",1,5.25386768299434
49,"naive","49_13_2",1,5.25386768299433
49,"naive","49_21_5",1,5.25386768299433
49,"naive","49_35_2005",1,5.25386768299434
49,"naive","49_35_3006",1,5.25386768299434
49,"naive","49_35_3010",1,5.25386768299434
49,"naive","49_35_3014",1,5.25386768299433
49,"naive","49_35_3015",1,5.25386768299433
49,"naive","49_35_3016",1,5.25386768299433
49,"naive","49_35_4002",1,5.25386768299434
49,"naive","49_45_4",1,5.25386768299433
49,"naive","49_47_1004",0,5.25386768299433
49,"naive","49_49_4001",1,5.25386768299433
49,"naive","49_49_5010",1,5.25386768299434
49,"naive","49_57_1003",1,5.25386768299433
49,"naive","49_35_3013",1,5.25386768299433
49,"naive","49_53_7",1,5.25386768299433
49,"gscp_rf_oob","49_5_7",1,6.4496358000861
49,"gscp_rf_oob","49_11_4",1,6.45250103274465
49,"gscp_rf_oob","49_13_2",1,6.36769851794324
49,"gscp_rf_oob","49_21_5",1,6.45227567164296
49,"gscp_rf_oob","49_35_2005",1,6.45250769242874
49,"gscp_rf_oob","49_35_3006",1,6.45250046791073
49,"gscp_rf_oob","49_35_3010",1,6.45253728264058
49,"gscp_rf_oob","49_35_3014",1,6.45257877378371
49,"gscp_rf_oob","49_35_3015",1,6.45254573584445
49,"gscp_rf_oob","49_35_3016",1,6.45260774167946
49,"gscp_rf_oob","49_35_4002",1,6.45251737799979
49,"gscp_rf_oob","49_45_4",1,6.45268673736766
49,"gscp_rf_oob","49_47_1004",0,6.22704934331382
49,"gscp_rf_oob","49_49_4001",1,6.4522831050088
49,"gscp_rf_oob","49_49_5010",1,6.4521597741987
49,"gscp_rf_oob","49_57_1003",1,6.45233559253239
49,"gscp_rf_oob","49_35_3013",1,6.45258659155645
49,"gscp_rf_oob","49_53_7",1,6.44874751239562
49,"lscp_rf_oob","49_5_7",1,6.76711775849886
49,"lscp_rf_oob","49_11_4",1,6.77012403162914
49,"lscp_rf_oob","49_13_2",1,6.51480490382623
49,"lscp_rf_oob","49_21_5",1,6.76988757717488
49,"lscp_rf_oob","49_35_2005",1,6.77013101913477
49,"lscp_rf_oob","49_35_3006",1,6.77012343899139
49,"lscp_rf_oob","49_35_3010",1,6.77016206591854
49,"lscp_rf_oob","49_35_3014",1,6.77020559945441
49,"lscp_rf_oob","49_35_3015",1,6.77017093522957
49,"lscp_rf_oob","49_35_3016",1,6.7702359932887
49,"lscp_rf_oob","49_35_4002",1,6.77014118147601
49,"lscp_rf_oob","49_45_4",1,6.77031887752295
49,"lscp_rf_oob","49_47_1004",0,6.37090645605693
49,"lscp_rf_oob","49_49_4001",1,6.76989537644658
49,"lscp_rf_oob","49_49_5010",1,6.76976597470343
49,"lscp_rf_oob","49_57_1003",1,6.76995044765741
49,"lscp_rf_oob","49_35_3013",1,6.77021380205536
49,"lscp_rf_oob","49_53_7",1,6.76618574503465
49,"w_fc","49_5_7",1,5.81764445857217
49,"w_fc","49_11_4",1,6.02555775216518
49,"w_fc","49_13_2",1,5.68408340004685
49,"w_fc","49_21_5",1,6.00736171135472
49,"w_fc","49_35_2005",1,6.08967199588615
49,"w_fc","49_35_3006",1,6.05883455428854
49,"w_fc","49_35_3010",1,6.06120259006198
49,"w_fc","49_35_3014",1,6.09045286182268
49,"w_fc","49_35_3015",1,6.06565784004038
49,"w_fc","49_35_3016",1,6.08804724240476
49,"w_fc","49_35_4002",1,6.07910620933679
49,"w_fc","49_45_4",1,6.16126545546307
49,"w_fc","49_47_1004",0,5.4697016638261
49,"w_fc","49_49_4001",1,6.10338536184567
49,"w_fc","49_49_5010",1,6.12484833629238
49,"w_fc","49_57_1003",1,5.96444830601749
49,"w_fc","49_35_3013",1,6.12944160370333
49,"w_fc","49_53_7",1,5.67101713871744
50,"naive","50_3_4",1,5.22875937431909
50,"naive","50_7_7",1,5.22875937431909
50,"naive","50_7_14",1,5.22875937431909
50,"naive","50_21_2",1,5.22875937431909
50,"gscp_rf_oob","50_3_4",1,4.25880164511177
50,"gscp_rf_oob","50_7_7",1,4.66497466880538
50,"gscp_rf_oob","50_7_14",1,4.67778384040147
50,"gscp_rf_oob","50_21_2",1,4.52816653265596
50,"lscp_rf_oob","50_3_4",1,3.69911306090191
50,"lscp_rf_oob","50_7_7",1,4.05190712414635
50,"lscp_rf_oob","50_7_14",1,4.06303292381932
50,"lscp_rf_oob","50_21_2",1,3.93307821276729
50,"w_fc","50_3_4",1,4.22233325567299
50,"w_fc","50_7_7",1,5.14724998784735
50,"w_fc","50_7_14",1,5.18746330127684
50,"w_fc","50_21_2",1,4.69449744473342
51,"naive","51_3_1",1,5.12167627404727
51,"naive","51_59_30",1,5.12167627404727
51,"naive","51_59_31",1,5.12167627404727
51,"naive","51_69_10",1,5.12167627404727
51,"naive","51_87_14",1,5.12167627404727
51,"naive","51_161_1004",1,5.12167627404727
51,"naive","51_650_8",1,5.12167627404727
51,"naive","51_760_25",1,5.12167627404727
51,"gscp_rf_oob","51_3_1",1,4.47469466448221
51,"gscp_rf_oob","51_59_30",1,4.06282300552083
51,"gscp_rf_oob","51_59_31",1,4.12354199235961
51,"gscp_rf_oob","51_69_10",1,4.33383103986775
51,"gscp_rf_oob","51_87_14",1,4.47553905374038
51,"gscp_rf_oob","51_161_1004",1,4.45647491448652
51,"gscp_rf_oob","51_650_8",1,4.54199375628562
51,"gscp_rf_oob","51_760_25",1,4.47393805686093
51,"lscp_rf_oob","51_3_1",1,4.1627893489066
51,"lscp_rf_oob","51_59_30",1,3.77962690239376
51,"lscp_rf_oob","51_59_31",1,3.83611351670851
51,"lscp_rf_oob","51_69_10",1,4.03174452011685
51,"lscp_rf_oob","51_87_14",1,4.16357488062972
51,"lscp_rf_oob","51_161_1004",1,4.14583959324531
51,"lscp_rf_oob","51_650_8",1,4.22539740678684
51,"lscp_rf_oob","51_760_25",1,4.16208548006562
51,"w_fc","51_3_1",1,5.17519182606096
51,"w_fc","51_59_30",1,3.94410914371108
51,"w_fc","51_59_31",1,4.05443502844261
51,"w_fc","51_69_10",1,4.51923740919443
51,"w_fc","51_87_14",1,5.07934390555024
51,"w_fc","51_161_1004",1,5.12222530441157
51,"w_fc","51_650_8",1,5.17419774721953
51,"w_fc","51_760_25",1,5.08315703159951
53,"naive","53_11_24",1,5.45386374923291
53,"naive","53_33_30",1,5.45386374923291
53,"naive","53_33_57",1,5.45386374923291
53,"naive","53_33_69",1,5.45386374923291
53,"naive","53_33_80",1,5.45386374923291
53,"naive","53_33_2004",1,5.45386374923291
53,"naive","53_35_7",1,5.45386374923291
53,"naive","53_37_2",1,5.45386374923291
53,"naive","53_47_13",1,5.45386374923291
53,"naive","53_53_24",1,5.45386374923291
53,"naive","53_53_29",1,5.45386374923291
53,"naive","53_53_31",1,5.45386374923291
53,"naive","53_57_11",0,5.45386374923291
53,"naive","53_61_20",0,5.45386374923291
53,"naive","53_61_1007",1,5.45386374923291
53,"naive","53_63_17",1,5.45386374923291
53,"naive","53_65_5",1,5.45386374923291
53,"naive","53_73_19",1,5.45386374923291
53,"naive","53_77_9",1,5.45386374923291
53,"naive","53_77_15",1,5.45386374923291
53,"gscp_rf_oob","53_11_24",0,4.85146548201988
53,"gscp_rf_oob","53_33_30",1,5.01626747707996
53,"gscp_rf_oob","53_33_57",1,5.01444676978967
53,"gscp_rf_oob","53_33_69",0,5.00836560096428
53,"gscp_rf_oob","53_33_80",0,5.01398933088208
53,"gscp_rf_oob","53_33_2004",1,4.99924743390871
53,"gscp_rf_oob","53_35_7",0,5.02651868842555
53,"gscp_rf_oob","53_37_2",1,4.91664112056696
53,"gscp_rf_oob","53_47_13",1,4.9469834543807
53,"gscp_rf_oob","53_53_24",1,4.99596886871869
53,"gscp_rf_oob","53_53_29",0,4.99278963514723
53,"gscp_rf_oob","53_53_31",0,4.99618856911955
53,"gscp_rf_oob","53_57_11",0,5.0839979684154
53,"gscp_rf_oob","53_61_20",1,5.03114135572254
53,"gscp_rf_oob","53_61_1007",1,5.04006320693823
53,"gscp_rf_oob","53_63_17",1,4.6478576431495
53,"gscp_rf_oob","53_65_5",1,4.85466699647943
53,"gscp_rf_oob","53_73_19",0,5.09273496785382
53,"gscp_rf_oob","53_77_9",1,4.89484339751669
53,"gscp_rf_oob","53_77_15",1,4.87882136273916
53,"lscp_rf_oob","53_11_24",0,5.19095400767031
53,"lscp_rf_oob","53_33_30",1,5.4969143714533
53,"lscp_rf_oob","53_33_57",1,5.49491920829345
53,"lscp_rf_oob","53_33_69",1,5.48825535624325
53,"lscp_rf_oob","53_33_80",0,5.49441793867084
53,"lscp_rf_oob","53_33_2004",1,5.47826350796998
53,"lscp_rf_oob","53_35_7",0,5.50814782964266
53,"lscp_rf_oob","53_37_2",1,5.26069040863457
53,"lscp_rf_oob","53_47_13",1,5.29315599246614
53,"lscp_rf_oob","53_53_24",1,5.47467079841192
53,"lscp_rf_oob","53_53_29",1,5.47118693819333
53,"lscp_rf_oob","53_53_31",0,5.47491154998595
53,"lscp_rf_oob","53_57_11",0,5.57113463839651
53,"lscp_rf_oob","53_61_20",1,5.51321342999499
53,"lscp_rf_oob","53_61_1007",1,5.52299015190856
53,"lscp_rf_oob","53_63_17",1,4.97309840690506
53,"lscp_rf_oob","53_65_5",1,5.19437955287432
53,"lscp_rf_oob","53_73_19",0,5.58070879647238
53,"lscp_rf_oob","53_77_9",1,5.23736735743587
53,"lscp_rf_oob","53_77_15",1,5.2202241569024
53,"w_fc","53_11_24",0,5.40205854151624
53,"w_fc","53_33_30",1,5.63343902191326
53,"w_fc","53_33_57",1,5.63221023869338
53,"w_fc","53_33_69",1,5.62880197652836
53,"w_fc","53_33_80",0,5.63212736544514
53,"w_fc","53_33_2004",1,5.62307067682661
53,"w_fc","53_35_7",1,5.6374042563243
53,"w_fc","53_37_2",1,5.56315024677892
53,"w_fc","53_47_13",1,5.54173036469507
53,"w_fc","53_53_24",1,5.6179742676355
53,"w_fc","53_53_29",1,5.61557245779089
53,"w_fc","53_53_31",1,5.61914724336788
53,"w_fc","53_57_11",0,5.66284796300262
53,"w_fc","53_61_20",1,5.63992952272432
53,"w_fc","53_61_1007",1,5.64602413771086
53,"w_fc","53_63_17",1,4.91728182870145
53,"w_fc","53_65_5",1,5.32796515312301
53,"w_fc","53_73_19",0,5.66515401849274
53,"w_fc","53_77_9",1,5.54280939326258
53,"w_fc","53_77_15",1,5.52425844285883
54,"naive","54_39_20",1,5.194040525588
54,"naive","54_51_1002",0,5.194040525588
54,"gscp_rf_oob","54_39_20",1,4.60660330821351
54,"gscp_rf_oob","54_51_1002",0,4.4926558434561
54,"lscp_rf_oob","54_39_20",1,4.01324098893897
54,"lscp_rf_oob","54_51_1002",0,3.91397074456286
54,"w_fc","54_39_20",1,4.76975490532216
54,"w_fc","54_51_1002",1,4.38044248160058
55,"naive","55_53_2002",1,5.30761468359187
55,"naive","55_3_10",0,5.30761468359187
55,"naive","55_9_5",1,5.30761468359187
55,"naive","55_25_41",1,5.30761468359187
55,"naive","55_25_47",1,5.30761468359187
55,"naive","55_27_1",1,5.30761468359187
55,"naive","55_35_14",1,5.30761468359187
55,"naive","55_41_7",1,5.30761468359187
55,"naive","55_43_9",1,5.30761468359187
55,"naive","55_59_19",1,5.30761468359187
55,"naive","55_63_12",1,5.30761468359187
55,"naive","55_79_10",1,5.30761468359187
55,"naive","55_79_56",1,5.30761468359187
55,"naive","55_81_2001",1,5.30761468359187
55,"naive","55_87_9",1,5.30761468359187
55,"naive","55_89_9",1,5.30761468359187
55,"naive","55_111_7",1,5.30761468359187
55,"naive","55_119_8001",1,5.30761468359187
55,"naive","55_125_1",1,5.30761468359187
55,"naive","55_133_27",1,5.30761468359187
55,"gscp_rf_oob","55_53_2002",1,5.2077820931911
55,"gscp_rf_oob","55_3_10",1,5.15856683997582
55,"gscp_rf_oob","55_9_5",1,5.2870120456847
55,"gscp_rf_oob","55_25_41",1,5.11127081897719
55,"gscp_rf_oob","55_25_47",1,5.10792624376101
55,"gscp_rf_oob","55_27_1",1,5.16965909214144
55,"gscp_rf_oob","55_35_14",1,5.16299535711784
55,"gscp_rf_oob","55_41_7",1,5.32698018967013
55,"gscp_rf_oob","55_43_9",1,5.07873777932698
55,"gscp_rf_oob","55_59_19",1,4.85510335218236
55,"gscp_rf_oob","55_63_12",1,5.15681416506896
55,"gscp_rf_oob","55_79_10",1,5.06315289521625
55,"gscp_rf_oob","55_79_56",1,5.03794078976079
55,"gscp_rf_oob","55_81_2001",1,5.21754704157621
55,"gscp_rf_oob","55_87_9",1,5.27202512595427
55,"gscp_rf_oob","55_89_9",1,5.16617802739182
55,"gscp_rf_oob","55_111_7",0,5.17663850166868
55,"gscp_rf_oob","55_119_8001",1,5.23639649227457
55,"gscp_rf_oob","55_125_1",1,5.28196867890178
55,"gscp_rf_oob","55_133_27",1,5.06389285855304
55,"lscp_rf_oob","55_53_2002",1,5.08495769798674
55,"lscp_rf_oob","55_3_10",1,5.03690317569353
55,"lscp_rf_oob","55_9_5",1,4.85980557804789
55,"lscp_rf_oob","55_25_41",1,4.69826477078924
55,"lscp_rf_oob","55_25_47",1,4.69519044730532
55,"lscp_rf_oob","55_27_1",1,4.75193509594913
55,"lscp_rf_oob","55_35_14",1,5.04122724723282
55,"lscp_rf_oob","55_41_7",1,5.2013445335782
55,"lscp_rf_oob","55_43_9",1,4.95895686588151
55,"lscp_rf_oob","55_59_19",1,4.46279640542775
55,"lscp_rf_oob","55_63_12",1,5.03519183723884
55,"lscp_rf_oob","55_79_10",1,4.65403491992511
55,"lscp_rf_oob","55_79_56",1,4.63086002838561
55,"lscp_rf_oob","55_81_2001",1,5.094492342212
55,"lscp_rf_oob","55_87_9",1,4.84602964648686
55,"lscp_rf_oob","55_89_9",1,4.74873531169642
55,"lscp_rf_oob","55_111_7",0,4.75835054820437
55,"lscp_rf_oob","55_119_8001",1,5.11289723276163
55,"lscp_rf_oob","55_125_1",1,5.15739460939093
55,"lscp_rf_oob","55_133_27",1,4.65471509199973
55,"w_fc","55_53_2002",1,6.07813781384338
55,"w_fc","55_3_10",1,5.91390630115169
55,"w_fc","55_9_5",1,6.19645718254586
55,"w_fc","55_25_41",1,5.87491524266227
55,"w_fc","55_25_47",1,5.86576938450501
55,"w_fc","55_27_1",1,6.03207412018946
55,"w_fc","55_35_14",1,5.93278042327688
55,"w_fc","55_41_7",1,6.21917762007196
55,"w_fc","55_43_9",1,5.7751447439599
55,"w_fc","55_59_19",1,5.05873764204796
55,"w_fc","55_63_12",1,5.92831359860433
55,"w_fc","55_79_10",1,5.74181729526556
55,"w_fc","55_79_56",1,5.6646106219958
55,"w_fc","55_81_2001",1,6.1262056287304
55,"w_fc","55_87_9",1,6.19774604054645
55,"w_fc","55_89_9",1,6.00825001442212
55,"w_fc","55_111_7",1,6.05948094327757
55,"w_fc","55_119_8001",1,6.14368223240164
55,"w_fc","55_125_1",1,6.17416086739487
55,"w_fc","55_133_27",1,5.74444824996121
56,"naive","56_13_99",0,5.21159141309036
56,"naive","56_13_232",0,5.21159141309036
56,"naive","56_35_101",0,5.21159141309036
56,"naive","56_39_1013",1,5.21159141309036
56,"naive","56_1_11",1,5.21159141309036
56,"naive","56_1_12",0,5.21159141309036
56,"naive","56_5_1002",1,5.21159141309036
56,"naive","56_13_4",0,5.21159141309036
56,"naive","56_13_1003",1,5.21159141309036
56,"naive","56_21_100",1,5.21159141309036
56,"naive","56_23_4",0,5.21159141309036
56,"naive","56_25_100",0,5.21159141309036
56,"naive","56_29_1",1,5.21159141309036
56,"naive","56_33_2",1,5.21159141309036
56,"naive","56_37_7",1,5.21159141309036
56,"naive","56_39_1006",0,5.21159141309036
56,"gscp_rf_oob","56_13_99",0,5.32591427116453
56,"gscp_rf_oob","56_13_232",0,5.34452495701462
56,"gscp_rf_oob","56_35_101",0,5.29730519867127
56,"gscp_rf_oob","56_39_1013",1,5.00754651143686
56,"gscp_rf_oob","56_1_11",1,5.14361268466739
56,"gscp_rf_oob","56_1_12",0,5.1319465218086
56,"gscp_rf_oob","56_5_1002",1,5.21710368677777
56,"gscp_rf_oob","56_13_4",0,5.34187419445264
56,"gscp_rf_oob","56_13_1003",1,5.33403590344602
56,"gscp_rf_oob","56_21_100",1,5.02821503980537
56,"gscp_rf_oob","56_23_4",1,5.14129598400271
56,"gscp_rf_oob","56_25_100",0,5.31803850280263
56,"gscp_rf_oob","56_29_1",1,5.25199732612406
56,"gscp_rf_oob","56_33_2",1,5.23062120469169
56,"gscp_rf_oob","56_37_7",1,5.2236157501112
56,"gscp_rf_oob","56_39_1006",0,5.25364483578943
56,"lscp_rf_oob","56_13_99",0,5.59076992823231
56,"lscp_rf_oob","56_13_232",1,5.60018604386549
56,"lscp_rf_oob","56_35_101",0,5.60984225235837
56,"lscp_rf_oob","56_39_1013",1,5.30298801880521
56,"lscp_rf_oob","56_1_11",1,5.38966291735945
56,"lscp_rf_oob","56_1_12",0,5.37743869108065
56,"lscp_rf_oob","56_5_1002",1,5.46666944042341
56,"lscp_rf_oob","56_13_4",0,5.60752353233352
56,"lscp_rf_oob","56_13_1003",1,5.59929544614636
56,"lscp_rf_oob","56_21_100",1,5.22472857114252
56,"lscp_rf_oob","56_23_4",1,5.4446286104439
56,"lscp_rf_oob","56_25_100",0,5.57243258169206
56,"lscp_rf_oob","56_29_1",1,5.51317712210013
56,"lscp_rf_oob","56_33_2",1,5.48083358331321
56,"lscp_rf_oob","56_37_7",1,5.48338414128788
56,"lscp_rf_oob","56_39_1006",0,5.56360596064739
56,"w_fc","56_13_99",0,5.71227669166674
56,"w_fc","56_13_232",0,5.71818187839821
56,"w_fc","56_35_101",0,5.69778090615688
56,"w_fc","56_39_1013",1,5.05178882136619
56,"w_fc","56_1_11",1,5.53119746966074
56,"w_fc","56_1_12",0,5.51176411488871
56,"w_fc","56_5_1002",1,5.62137294714363
56,"w_fc","56_13_4",0,5.71706695471386
56,"w_fc","56_13_1003",1,5.71490542251966
56,"w_fc","56_21_100",1,5.32596179824069
56,"w_fc","56_23_4",1,5.543048092746
56,"w_fc","56_25_100",0,5.71049625905803
56,"w_fc","56_29_1",1,5.6475120957358
56,"w_fc","56_33_2",1,5.63296154966864
56,"w_fc","56_37_7",1,5.62959246857364
56,"w_fc","56_39_1006",0,5.64719334944943
