station_id,State.Code,County.Code,Site.Number,lat,lon,pm25,Elevation,Land.Use,Location.Setting,V11,V12,commercial,residential,industrial,desert,forest,mobile,suburban,rural,pop_density,log_pop,wind_ms
5_119_7,5,119,7,34.756189,-92.281296,8.873824,-0.5372595637351569,COMMERCIAL,URBAN AND CENTER CITY,0.580569841218484,0.217492164543781,1,0,0,0,0,0,0,0,174.787384033203,-0.2774181941925238,-1.007339020396807
6_19_500,6,19,500,36.985119,-119.658339,6.931563,-0.2791882018883951,AGRICULTURAL,RURAL,0.0522917696700955,0.327730655262895,0,0,0,0,0,0,0,1,11.3922214508057,-1.4154504393920646,-0.7144890703586437
6_27_2,6,27,2,37.360684,-118.330783,4.230435,1.8544726637738091,AGRICULTURAL,RURAL,0.0794392803702956,0.330562955535825,0,0,0,0,0,0,0,1,2.99820113182068,-1.9008462793153313,0.21091677176191923
6_27_1018,6,27,1018,36.595556,-118.049167,5.659272,1.5923371859924527,DESERT,RURAL,0.0803902486633212,0.310958009322952,0,0,0,1,0,0,0,1,20.1010074615479,-1.1870670975766064,0.5154807198016043
6_27_1023,6,27,1023,37.362137,-118.417478,9.723864,1.91858409264204,RESIDENTIAL,RURAL,0.0778211166973252,0.330987950196365,0,1,0,0,0,0,0,1,164.914260864258,-0.3022212766888217,0.1640607797558191
6_29_14,6,29,14,35.356615,-119.062613,16.128144,-0.699824201118944,MOBILE,URBAN AND CENTER CITY,0.053858374292394,0.28598752676894,0,0,0,0,0,1,0,0,1810.61877441406,0.7235178363196823,-0.6559190803510219
6_29_18,6,29,18,35.642943,-117.715066,4.021667,0.757161361433247,DESERT,URBAN AND CENTER CITY,0.0814164506623574,0.286620636324028,0,0,0,1,0,0,0,0,13.7759637832642,-1.3399596208896976,0.7731886758351759
6_37_1103,6,37,1103,34.06659,-118.22688,10.93743,-0.5230351579640756,RESIDENTIAL,URBAN AND CENTER CITY,0.0625951968708459,0.251212569429742,0,1,0,0,0,0,0,0,1492.33996582031,0.6406154603828326,-0.398211124317437
6_37_1302,6,37,1302,33.901389,-118.205,12.102793,-0.6449586360019158,RESIDENTIAL,URBAN AND CENTER CITY,0.0620839919420171,0.247160772014189,0,1,0,0,0,0,0,0,5531.77734375,1.2025823387431527,-0.22250115429454445
6_37_4008,6,37,4008,33.859662,-118.200707,11.909497,-0.6754395055113759,INDUSTRIAL,SUBURBAN,0.0619309520476885,0.24614320386009,0,0,1,0,0,0,1,0,2483.46215820312,0.8590393008584886,-0.12878917028234416
6_37_9033,6,37,9033,34.669739,-118.130511,7.518391,0.7734178251716257,COMMERCIAL,URBAN AND CENTER CITY,0.0679064752319849,0.265193267204807,1,0,0,0,0,0,0,0,592.694641113281,0.2448215631480278,0.023492803737504907
6_59_7,6,59,7,33.83062,-117.93845,9.885674,-0.6795036214459705,RESIDENTIAL,SUBURBAN,0.0669232119554111,0.244229251589724,0,1,0,0,0,0,1,0,3967.59375,1.0600054924882016,-0.33964113430981574
6_61_3,6,61,3,38.93568,-121.09959,7.467514,0.11299898579999103,MOBILE,SUBURBAN,0.0378091471336653,0.381229456973064,0,0,0,0,0,1,1,0,1068.3173828125,0.49730203779434057,-0.9721970263922286
6_65_9,6,65,9,33.447867,-117.088649,5.573775,0.044097996302840246,RESIDENTIAL,SUBURBAN,0.0815885215521161,0.231203033964545,0,1,0,0,0,0,1,0,144.065338134766,-0.35984229640619697,-0.8901990403815363
6_65_500,6,65,500,33.71969,-116.1897,10.380453,-0.7160806648573226,COMMERCIAL,RURAL,0.100822490526066,0.233796250703886,1,0,0,0,0,0,0,1,23.2906513214111,-1.1266639232456606,-0.4216391203204943
6_65_1016,6,65,1016,33.944713,-116.830074,7.612308,0.763257535335139,COMMERCIAL,RURAL,0.0893662482831432,0.241968228146239,1,0,0,0,0,0,0,1,122.035667419434,-0.4305175094528254,-0.19907315829150155
6_65_8001,6,65,8001,33.99958,-117.41601,10.867826,-0.19180970929460958,RESIDENTIAL,SUBURBAN,0.0781350404185915,0.245888931143993,0,1,0,0,0,0,1,0,3812.07421875,1.0428522059096759,-0.6559190803510219
6_65_8005,6,65,8005,33.99636,-117.4924,11.464266,-0.19180970929460958,RESIDENTIAL,SUBURBAN,0.0766160194531021,0.246156607500931,0,1,0,0,0,0,1,0,2036.12133789062,0.7738572179257457,-0.6793470763540653
6_67_6,6,67,6,38.613779,-121.368014,10.048889,-0.6835677373805652,RESIDENTIAL,SUBURBAN,0.0308245968426952,0.374906325077781,0,1,0,0,0,0,1,0,2278.35961914062,0.8220682868438375,-0.9604830283906931
6_71_27,6,71,27,34.030833,-117.61722,12.198338,-0.1755532455562309,INDUSTRIAL,SUBURBAN,0.0743545216834934,0.247548042676454,0,0,1,0,0,0,1,0,3165.92724609375,0.9631815757934028,-0.6442050823494864
6_71_306,6,71,306,34.510961,-117.32554,8.987709,1.1554447230235252,RESIDENTIAL,SUBURBAN,0.0827109312796133,0.25773890931134,0,1,0,0,0,0,1,0,83.3163757324219,-0.5926694262409591,0.2577727637680194
6_73_1022,6,73,1022,32.789565,-116.944308,8.97381,-0.4092399117954247,COMMERCIAL,SUBURBAN,0.0809157465659499,0.214791842005423,1,0,0,0,0,0,1,0,5654.0869140625,1.2119646065313041,-1.0776230084059644
6_73_1201,6,73,1201,33.362593,-117.09023,8.00137,-0.4768505444833417,COMMERCIAL,RURAL,0.0810962817184635,0.22916738286343,1,0,0,0,0,0,0,1,62.4739036560059,-0.7145080361056155,-0.9721970263922286
6_79_2004,6,79,2004,35.02083,-120.56388,6.620556,-0.6002533607213744,INDUSTRIAL,RURAL,0.0229304966620404,0.285374235840989,0,0,1,0,0,0,0,1,1.85667538642883,-2.045099978263841,0.3866267417848118
6_79_2007,6,79,2007,35.04673,-120.58777,9.140947,-0.6236220273452938,INDUSTRIAL,RURAL,0.0226339393594369,0.286111885108004,0,0,1,0,0,0,0,1,115.445671081543,-0.4541386259892895,0.6560486958199184
6_79_2020,6,79,2020,35.259502,-120.64472,6.504178,-0.5667244042609684,COMMERCIAL,URBAN AND CENTER CITY,0.0228814649953256,0.291462971790414,1,0,0,0,0,0,0,0,1221.13061523438,0.5546176969261981,0.08206279374512682
6_83_2004,6,83,2004,34.63782,-120.4575,5.603955,-0.6165098244597531,COMMERCIAL,URBAN AND CENTER CITY,0.0225792693696003,0.275722406790419,1,0,0,0,0,0,0,0,2268.67822265625,0.8202418848099235,0.33977074977871163
6_83_2011,6,83,2011,34.44551,-119.8284,5.166759,-0.6713753895767812,RESIDENTIAL,SUBURBAN,0.0335835383460302,0.267978846260164,0,1,0,0,0,0,1,0,1616.32250976562,0.6748382222222237,0.48033872579702586
6_107_9,6,107,9,36.48947,-118.82915,6.355398,0.33652536220269813,FOREST,RURAL,0.0649867852057828,0.311976222985872,0,0,0,0,1,0,0,1,17.885290145874,-1.2346691323808991,0.023492803737504907
8_31_2,8,31,2,39.751184,-104.987625,6.317647,2.5372441407857145,COMMERCIAL,URBAN AND CENTER CITY,0.338747900055687,0.347024911416657,1,0,0,0,0,0,0,0,6057.361328125,1.241521913029173,0.2577727637680194
8_103_6,8,103,6,40.086944,-108.761389,7.193636,2.663231734758149,AGRICULTURAL,RURAL,0.269850411613618,0.363269617364465,0,0,0,0,0,0,0,1,0.465062171220779,-2.3316287288333446,-1.4993269364609063
10_3_2004,10,3,2004,39.739441,-75.557534,6.400372,-0.699824201118944,COMMERCIAL,URBAN AND CENTER CITY,0.885194780779851,0.379711431750617,1,0,0,0,0,0,0,0,1764.47644042969,0.712447255226011,-0.22250115429454445
11_1_41,11,1,41,38.895572,-76.958072,7.438375,-0.6835677373805652,RESIDENTIAL,URBAN AND CENTER CITY,0.863739254804248,0.353934539954002,0,1,0,0,0,0,0,0,3016.06274414062,0.942380188091047,-0.5504930983372867
11_1_43,11,1,43,38.921847,-77.013178,6.916949,-0.598221302754077,COMMERCIAL,URBAN AND CENTER CITY,0.862590227658458,0.354362339548038,1,0,0,0,0,0,0,0,7544.87548828125,1.3357334281568098,-0.5387791003357512
11_1_51,11,1,51,38.89477,-76.953426,8.354469,-0.6490227519365105,COMMERCIAL,URBAN AND CENTER CITY,0.863829222887803,0.353932642835632,1,0,0,0,0,0,0,0,3016.06274414062,0.942380188091047,-0.5504930983372867
11_1_53,11,1,53,38.875161,-77.012816,8.029167,-0.6896639112824572,COMMERCIAL,URBAN AND CENTER CITY,0.862825313410469,0.353235857207488,1,0,0,0,0,0,0,0,7626.8984375,1.3403724163949404,-0.4333531183220154
12_57_113,12,57,113,27.955133,-82.469532,8.027143,-0.6876318533151599,RESIDENTIAL,SUBURBAN,0.799211471026843,0.0705590196593382,0,1,0,0,0,0,1,0,4100.57275390625,1.0741476985582845,-0.23421515229607995
16_9_10,16,9,10,47.316577,-116.571281,9.791761,-0.699824201118944,COMMERCIAL,URBAN AND CENTER CITY,0.165024560085497,0.561696991126492,1,0,0,0,0,0,0,0,171.175109863281,-0.2863274441275742,-1.3119029684364782
16_27_2,16,27,2,43.58031,-116.562676,10.509375,-0.699824201118944,COMMERCIAL,URBAN AND CENTER CITY,0.145562322873496,0.472487498493239,1,0,0,0,0,0,0,0,1546.3427734375,0.6558583803200033,-0.9487690303891719
16_59_4,16,59,4,45.181897,-113.890285,13.008883,1.732549185735969,AGRICULTURAL,RURAL,0.19919592151846,0.501544064942927,0,0,0,0,0,0,0,1,364.216125488281,0.036337648275665727,-1.698464902486842
16_79_17,16,79,17,47.536389,-116.236667,9.995739,0.6636866949375695,RESIDENTIAL,URBAN AND CENTER CITY,0.171620259758991,0.565725725437886,0,1,0,0,0,0,0,0,1220.00231933594,0.5542213703351165,-1.3353309644395355
19_45_19,19,45,19,41.823283000000004,-90.211982,8.15014,-0.31576524529974714,INDUSTRIAL,URBAN AND CENTER CITY,0.611242762637099,0.393319294275959,0,0,1,0,0,0,0,0,703.717163085938,0.31838088167389006,1.0426106298702826
19_103_2001,19,103,2001,41.657232,-91.503478,7.404094,-0.242611158477043,RESIDENTIAL,URBAN AND CENTER CITY,0.588046794471972,0.387971050832133,0,1,0,0,0,0,0,0,1544.9208984375,0.6554639032374975,1.1246086158809612
19_113_40,19,113,40,41.97677,-91.68766,7.257341,-0.24464321644434037,RESIDENTIAL,URBAN AND CENTER CITY,0.584345348177942,0.395669964773375,0,1,0,0,0,0,0,0,2176.03295898438,0.8023595418385201,1.1597506098855388
19_139_15,19,139,15,41.400968,-91.067957,7.378632,-0.35234228871109924,INDUSTRIAL,SUBURBAN,0.596281944235201,0.382064932743433,0,0,1,0,0,0,1,0,261.780944824219,-0.1049049110807009,0.9957546378641681
19_153_30,19,153,30,41.603159,-93.643118,7.018182,-0.699824201118944,COMMERCIAL,URBAN AND CENTER CITY,0.549207543394462,0.385238479775196,1,0,0,0,0,0,0,0,3172.42602539062,0.9640611971264768,1.347174577909953
19_163_15,19,163,15,41.530011,-90.587611,7.226239,-0.2669958540846111,RESIDENTIAL,URBAN AND CENTER CITY,0.604852663274612,0.385712792982804,0,1,0,0,0,0,0,0,2685.775390625,0.8926307541626132,1.0426106298702826
20_195_1,20,195,1,38.770081,-99.763424,7.190517,0.6616546369702722,AGRICULTURAL,RURAL,0.435114671835977,0.316324237360036,0,0,0,0,0,0,0,1,0,-2.49549678170811,2.9285643081159862
22_33_9,22,33,9,30.461981,-91.179219,8.907756,-0.6713753895767812,COMMERCIAL,URBAN AND CENTER CITY,0.607894107251562,0.113310754406511,1,0,0,0,0,0,0,0,27.4575901031494,-1.0587291297546637,-1.358758960442592
22_121_1,22,121,1,30.500642,-91.213556,9.131356,-0.6855997953478625,COMMERCIAL,SUBURBAN,0.607123769527672,0.114217454615012,1,0,0,0,0,0,1,0,489.923950195312,0.16326211108837016,-1.358758960442592
23_29_33,23,29,33,44.963894,-67.061325,3.044981,-0.6744234765277272,AGRICULTURAL,RURAL,1,0.542965069517531,0,0,0,0,0,0,0,1,106.302085876465,-0.4892281136924161,1.6868805199542165
26_5_3,26,5,3,42.767786,-86.148577,6.522781,-0.3056049554632605,RESIDENTIAL,SUBURBAN,0.682281914648967,0.422477094923303,0,1,0,0,0,0,1,0,1041.14404296875,0.4862571548772732,0.9840406398626463
26_17_14,26,17,14,43.571391,-83.890721,6.461864,-0.699824201118944,RESIDENTIAL,URBAN AND CENTER CITY,0.719902230491806,0.446710404153225,0,1,0,0,0,0,0,0,1823.89453125,0.7266507851900798,0.09377679174666231
26_49_21,26,49,21,43.047224,-83.670159,8.191643,-0.2527714483135297,RESIDENTIAL,URBAN AND CENTER CITY,0.725435773477684,0.434448385991412,0,1,0,0,0,0,0,0,908.439392089844,0.42781220407329945,0.33977074977871163
26_65_18,26,65,18,42.76138,-84.562867,8.557396,-0.6988081721352952,COMMERCIAL,URBAN AND CENTER CITY,0.710494972456106,0.42549199071967,1,0,0,0,0,0,0,0,416.911926269531,0.09417085214871904,0.1640607797558191
26_77_8,26,77,8,42.278067,-85.54189,10.300885,-0.699824201118944,COMMERCIAL,URBAN AND CENTER CITY,0.694397278643331,0.411668778926942,1,0,0,0,0,0,0,0,555.632568359375,0.21716259834637044,0.6794766918229613
26_81_20,26,81,20,42.984173,-85.671339,9.405085,-0.3218614192016392,INDUSTRIAL,URBAN AND CENTER CITY,0.690196068642833,0.428667445691586,0,0,1,0,0,0,0,0,144.351425170898,-0.3589969126323619,0.6326206998168612
26_91_7,26,91,7,41.995568,-83.946559,8.325278,-0.6988081721352952,COMMERCIAL,SUBURBAN,0.723820966996355,0.408173130609197,1,0,0,0,0,0,1,0,496.950408935547,0.16936000638659052,0.4217687357893902
26_99_9,26,99,9,42.731394,-82.793463,8.891573,-0.31576524529974714,COMMERCIAL,SUBURBAN,0.741992770707117,0.428855851116956,1,0,0,0,0,0,1,0,376.718688964844,0.050780954877343715,0.8434726638443327
26_113_1,26,113,1,44.310555,-84.891865,8.767131,-0.6988081721352952,FOREST,RURAL,0.700215018267674,0.462558148598751,0,0,0,0,1,0,0,1,0.233802735805511,-2.4053447522833484,-0.023363188268608975
26_139_5,26,139,5,42.894444,-85.852778,9.026074,-0.3035728974959631,RESIDENTIAL,SUBURBAN,0.687213530136027,0.426127526543068,0,1,0,0,0,0,1,0,1623.07287597656,0.6766254224957431,0.7731886758351759
26_147_5,26,147,5,42.953336,-82.456229,8.505935,-0.3218614192016392,RESIDENTIAL,SUBURBAN,0.747195602062626,0.435101009359377,0,1,0,0,0,0,1,0,70.4732360839844,-0.6635776714806547,0.8083306698397538
26_153_1,26,153,1,46.288877,-85.950227,6.064444,-0.699824201118944,FOREST,RURAL,0.676708734389717,0.508604478702728,0,0,0,0,1,0,0,1,2.40694808959961,-1.969512362721102,1.6165965319450597
26_161_8,26,161,8,42.240556,-83.599722,8.967131,-0.6988081721352952,COMMERCIAL,URBAN AND CENTER CITY,0.729260132907557,0.41495277508391,1,0,0,0,0,0,0,0,1119.65209960938,0.5174221287918676,0.5857647078107616
26_163_1,26,163,1,42.228611,-83.208333,8.716667,-0.33202170903812583,COMMERCIAL,SUBURBAN,0.736293955011246,0.415594198817889,1,0,0,0,0,0,1,0,913.035400390625,0.42997521757207563,1.0191826338672254
26_163_93,26,163,93,42.385998,-83.266189,10.692479,-0.6988081721352952,RESIDENTIAL,URBAN AND CENTER CITY,0.734743062927504,0.419290015270495,0,1,0,0,0,0,0,0,1452.77697753906,0.6290943303503587,0.7731886758351759
26_163_97,26,163,97,42.261669,-83.157893,9.507163,-0.6996209953222141,RESIDENTIAL,URBAN AND CENTER CITY,0.737085702128058,0.416522052881046,0,1,0,0,0,0,0,0,2465.3583984375,0.8559011718177196,1.0074686358657035
26_163_98,26,163,98,42.312158,-83.091943,9.771781,-0.6988081721352952,RESIDENTIAL,URBAN AND CENTER CITY,0.738095332137718,0.417912735188102,0,1,0,0,0,0,0,0,506.232574462891,0.17728490647499046,1.0191826338672254
26_163_99,26,163,99,42.295824,-83.129431,11.958242,-0.6988081721352952,COMMERCIAL,URBAN AND CENTER CITY,0.737480593030882,0.417423460633445,1,0,0,0,0,0,0,0,1224.39575195312,0.555762554651811,0.960612643859589
26_163_100,26,163,100,42.312078,-83.103469,10.913687,-0.6988081721352952,RESIDENTIAL,URBAN AND CENTER CITY,0.7378899214633,0.417882689263636,0,1,0,0,0,0,0,0,4128.85791015625,1.0770966134387034,1.0191826338672254
26_163_1013,26,163,1013,42.388405,-82.979793,6.596793,-0.6988081721352952,INDUSTRIAL,URBAN AND CENTER CITY,0.739840362917835,0.420044688459831,0,0,1,0,0,0,0,0,632.800170898438,0.27287050425633486,1.0191826338672254
29_189_3001,29,189,3001,38.650329,-90.350313,6.660661,-0.3828231582205593,COMMERCIAL,SUBURBAN,0.613382335163543,0.315145202117819,1,0,0,0,0,0,1,0,1180.97131347656,0.5402809392025522,6.480773444827735e-5
30_31_17,30,31,17,44.657014,-111.089618,3.302663,3.4252534724946506,FOREST,RURAL,0.2448028287981,0.480508816701766,0,0,0,0,1,0,0,1,7.87414646148682,-1.5587347276140944,-0.2107871562930227
31_55_19,31,55,19,41.247486,-95.973142,5.867324,0.05610136271566558,RESIDENTIAL,SUBURBAN,0.506822276230235,0.375952058962168,0,1,0,0,0,0,1,0,1171.14038085938,0.5366971088026321,1.3354605799084314
31_67_5,31,67,5,40.285,-96.824166,4.661832,0.10893486986539636,AGRICULTURAL,RURAL,0.491055080915807,0.35231387690178,0,0,0,0,0,0,0,1,24.9004344940186,-1.0991300666931394,1.9914444679939023
31_79_5,31,79,5,40.915555,-98.378888,5.663429,0.450320608371349,INDUSTRIAL,URBAN AND CENTER CITY,0.462630815841815,0.368326042728553,0,0,1,0,0,0,0,0,2.30373787879944,-1.9827121601215363,2.6708563520824153
31_157_4,31,157,4,41.876853,-103.656561,3.249408,1.7101965480956982,RESIDENTIAL,SUBURBAN,0.367721397099509,0.397028225002196,0,1,0,0,0,0,1,0,617.386474609375,0.26230629644091163,1.90944648198321
32_5_7,32,5,7,38.897557,-119.732507,6.032865,2.317781880317602,RESIDENTIAL,RURAL,0.0625470772525817,0.373758590548323,0,1,0,0,0,0,0,1,1434.97033691406,0.6238061666385172,-0.6793470763540653
32_31_25,32,31,25,39.399837,-119.739606,6.670752,2.0251655330267857,MOBILE,SUBURBAN,0.0654775528305679,0.385787284381964,0,0,0,0,0,1,1,0,1905.46350097656,0.7454138819497681,-0.7144890703586437
32_31_1005,32,31,1005,39.540917,-119.746761,10.110278,2.0251655330267857,RESIDENTIAL,SUBURBAN,0.0662072603822468,0.389189444993262,0,1,0,0,0,0,1,0,2717.51416015625,0.8976698588807402,-0.7496310643632221
32_31_1007,32,31,1007,39.621434,-119.71877,7.791168,2.0800310981438135,RESIDENTIAL,SUBURBAN,0.0672053447063961,0.390982692223169,0,1,0,0,0,0,1,0,560.633117675781,0.2210001380385194,-0.7379170663617004
32_510_20,32,510,20,39.1447,-119.7661,5.662155,2.1613134168357067,RESIDENTIAL,URBAN AND CENTER CITY,0.0634396044536268,0.379817617772038,0,1,0,0,0,0,0,0,2143.998046875,0.7959986079521849,-0.702775072357122
34_17_1003,34,17,1003,40.725413,-74.052293,7.536533,-0.6876318533151599,COMMERCIAL,URBAN AND CENTER CITY,0.907051123902509,0.409575789398593,1,0,0,0,0,0,0,0,6438.72216796875,1.267716091662717,0.9371846478565468
34_39_4,34,39,4,40.64144,-74.208365,8.731884,-0.6896639112824572,INDUSTRIAL,SUBURBAN,0.904721992391386,0.406905867603167,0,0,1,0,0,0,1,0,287.710968017578,-0.06452537141183759,0.8083306698397538
35_1_23,35,1,23,35.1343,-106.5852,6.338674,2.5362281118020658,RESIDENTIAL,URBAN AND CENTER CITY,0.296429430399089,0.237044217041294,0,1,0,0,0,0,0,0,938.762084960938,0.44188562686557625,0.011778805735969414
35_1_26,35,1,26,35.1443,-106.60468,7.870914,2.4579938800611183,COMMERCIAL,SUBURBAN,0.29607215333128,0.237331832391809,1,0,0,0,0,0,1,0,4.84023284912109,-1.7382532875666405,0.011778805735969414
35_1_29,35,1,29,35.01708,-106.65739,9.045429,2.3645192135654405,COMMERCIAL,RURAL,0.294681119740184,0.234337947320829,1,0,0,0,0,0,0,1,1729.08471679688,0.7037581127272745,0.011778805735969414
35_1_1012,35,1,1012,35.1852,-106.50815,4.836712,2.971088516803696,RESIDENTIAL,SUBURBAN,0.298089276101368,0.238119577397673,0,1,0,0,0,0,1,0,844.630554199219,0.39659779350419117,0.24605876576649763
35_1_1013,35,1,1013,35.19324,-106.613815,8.10112,2.3950000830749008,RESIDENTIAL,SUBURBAN,0.296026016117806,0.238548901140893,0,1,0,0,0,0,1,0,1066.26293945312,0.49647685084332543,-0.023363188268608975
35_1_2022,35,1,2022,35.063569,-106.647503,10.678125,2.366551271532738,RESIDENTIAL,URBAN AND CENTER CITY,0.295004541167893,0.23545265876853,0,1,0,0,0,0,0,0,3018.17919921875,0.9426810863700561,-0.011649190267073483
35_13_16,35,13,16,32.003712,-106.599715,7.714804,1.65533098297867,AGRICULTURAL,RURAL,0.287584763096167,0.160666526950994,0,0,0,0,0,0,0,1,3231.95751953125,0.9720360672248387,-0.32792713630828024
35_13_22,35,13,22,31.787885,-106.683324,4.664525,1.9012099970216478,DESERT,RURAL,0.285273452118966,0.155605918363492,0,0,0,1,0,0,0,1,0,-2.49549678170811,-0.2459291502976017
35_49_21,35,49,21,35.61975,-106.07968,2.853955,3.222047675764917,INDUSTRIAL,RURAL,0.307680143653285,0.247835683993145,0,0,1,0,0,0,0,1,10.1395635604858,-1.461176691036422,0.4920527237985476
35_55_5,35,55,5,36.383359,-105.5839,4.589859,-0.699824201118944,RESIDENTIAL,SUBURBAN,0.319310191869073,0.265533784902232,0,1,0,0,0,0,1,0,868.742431640625,0.4086614325999188,0.62090670181534
40_115_9007,40,115,9007,36.985702,-94.83931,9.2384,-0.1450723760467708,RESIDENTIAL,RURAL,0.528837577987309,0.271072629073432,0,1,0,0,0,0,0,1,19.5235691070557,-1.1989729619289335,0.8434726638443327
41_25_3,41,25,3,43.58925,-119.04872,9.252055,1.8747932434467824,RESIDENTIAL,URBAN AND CENTER CITY,0.102808926910241,0.482698573934921,0,1,0,0,0,0,0,0,694.151611328125,0.31251670928147535,-0.36306913031285865
41_35_4,41,35,4,42.190296,-121.731369,8.490503,1.8280559101989438,RESIDENTIAL,SUBURBAN,0.047740964820369,0.461618226952755,0,1,0,0,0,0,1,0,1953.73205566406,0.7561424655897407,-0.6559190803510219
41_39_59,41,39,59,44.067224,-123.141352,8.844321,-0.44988107114137144,RESIDENTIAL,URBAN AND CENTER CITY,0.0362674462282547,0.51283367503255,0,1,0,0,0,0,0,0,868.642578125,0.40861216687162705,-0.6324910843479652
41_39_60,41,39,60,44.026312,-123.083737,8.184254,-0.42956049146839803,RESIDENTIAL,URBAN AND CENTER CITY,0.0369560394108542,0.51158623820678,0,1,0,0,0,0,0,0,1792.51452636719,0.7192082053415454,-0.609063088344908
41_39_2013,41,39,2013,43.744352,-122.480487,23.305866,-0.00689243427055188,RESIDENTIAL,RURAL,0.0452331626201818,0.501989645924282,0,1,0,0,0,0,0,1,1388.11413574219,0.6095713218866476,-0.2576431482991228
41_39_9004,41,39,9004,43.799501,-123.053487,7.880663,-0.3015408395286658,COMMERCIAL,URBAN AND CENTER CITY,0.0359036649811555,0.506097679589275,1,0,0,0,0,0,0,0,1517.20532226562,0.6477013181363841,-0.5739210943403296
42_3_64,42,3,64,40.323768,-79.868062,10.885028,-0.699824201118944,RESIDENTIAL,SUBURBAN,0.803748073574804,0.378506862984813,0,1,0,0,0,0,1,0,183.597396850586,-0.25643488870260855,-0.2576431482991228
42_3_1376,42,3,1376,40.43743,-79.863572,8.953782,0.021556377271610843,MOBILE,SUBURBAN,0.803356893814087,0.381280709663486,0,0,0,0,0,1,1,0,1463.78381347656,0.6323308114724405,-0.12878917028234416
42_7_14,42,7,14,40.747796,-80.316442,7.625965,-0.26089968018271903,RESIDENTIAL,URBAN AND CENTER CITY,0.793841849750102,0.387425879379811,0,1,0,0,0,0,0,0,1095.20141601562,0.5079565126213189,-0.10536117427928751
42_41_101,42,41,101,40.246528,-77.18675,6.162934,-0.699824201118944,RESIDENTIAL,RURAL,0.852955810190476,0.385722086606465,0,1,0,0,0,0,0,1,814.520812988281,0.3810409080773368,-0.7847730583678005
42_45_2,42,45,2,39.835556,-75.3725,7.453199,-0.693728027217052,INDUSTRIAL,URBAN AND CENTER CITY,0.888060199290367,0.382765314245792,0,0,1,0,0,0,0,0,575.668029785156,0.23233578330693289,-0.35135513231133686
42_71_7,42,71,7,40.046667,-76.283333,6.783456,-0.4986504623565075,INDUSTRIAL,SUBURBAN,0.870381215744767,0.384276620812193,0,0,1,0,0,0,1,0,1387.2109375,0.6092922387124521,-0.6442050823494864
42_71_12,42,71,12,40.043833,-76.1124,8.129664,-0.4641054769124528,AGRICULTURAL,SUBURBAN,0.873505837012176,0.384865917541143,0,0,0,0,0,0,1,0,167.711242675781,-0.2950479932980789,-0.5739210943403296
42_75_101,42,75,101,40.338516,-76.394788,7.137609,-0.40720785382812735,RESIDENTIAL,SUBURBAN,0.866879781258019,0.390888849708544,0,1,0,0,0,0,1,0,1737.37585449219,0.7058095368724847,-0.6676330783525436
44_9_7,44,9,7,41.49511,-71.423705,3.607879,-0.6347983461654292,RESIDENTIAL,SUBURBAN,0.949181665407302,0.439631004676752,0,1,0,0,0,0,1,0,215.092346191406,-0.18884110538291224,1.9445884759877876
45_19_20,45,19,20,32.84755,-79.96516,7.280449,-0.6795036214459705,RESIDENTIAL,URBAN AND CENTER CITY,0.832883636032941,0.196760293077168,0,1,0,0,0,0,0,0,919.84619140625,0.4331606527739277,0.8786146578489105
45_19_48,45,19,48,32.980254,-80.06501,7.234667,-0.6734074475440786,RESIDENTIAL,SUBURBAN,0.830325848434368,0.199629010834914,0,1,0,0,0,0,1,0,797.497680664062,0.3719893291518448,0.10549078974818345
45_45_15,45,45,15,34.843895,-82.414585,7.839098,-0.07395034719136401,RESIDENTIAL,URBAN AND CENTER CITY,0.776383638199065,0.237532546160525,0,1,0,0,0,0,0,0,1138.18505859375,0.5244602157051138,-1.3353309644395355
45_63_8,45,63,8,34.051017,-81.15495,7.85689,-0.5596122013754277,COMMERCIAL,SUBURBAN,0.804260759115284,0.222017362268924,1,0,0,0,0,0,1,0,531.838317871094,0.19841685200629375,-1.1479069964151212
45_83_11,45,83,11,34.955566,-81.924797,7.628302,-0.22838675270596165,RESIDENTIAL,URBAN AND CENTER CITY,0.785644241261196,0.241666540784878,0,1,0,0,0,0,0,0,693.027404785156,0.31182222046177377,-1.511040934462428
48_13_1090,48,13,1090,29.162997,-98.589158,9.063483,-0.2791882018883951,COMMERCIAL,RURAL,0.450903623688497,0.0798032581273235,1,0,0,0,0,0,0,1,94.4517517089844,-0.5394431799492632,0.1172047877497052
48_27_1045,48,27,1045,31.122419,-97.431052,6.976338,-0.3177973032670445,RESIDENTIAL,SUBURBAN,0.476413429114967,0.12710397755434,0,1,0,0,0,0,1,0,1066.0546875,0.49639311578962075,0.5740507098092261
48_41_1086,48,41,1086,30.628333,-96.362777,7.918551,-0.48991261309712897,COMMERCIAL,RURAL,0.498700515156039,0.114813180719149,1,0,0,0,0,0,0,1,2358.466796875,0.8368895000869998,-0.11707517228080865
48_43_101,48,43,101,29.30265,-103.17781,5.832945,1.4480610703143417,DESERT,RURAL,0.353055596087454,0.0882412856716958,0,0,0,1,0,0,0,1,0,-2.49549678170811,0.011778805735969414
48_61_2004,48,61,2004,26.0711,-97.1577,10.231988,-0.699824201118944,COMMERCIAL,RURAL,0.480631570674538,0.00420669100144208,1,0,0,0,0,0,0,1,52.4995040893555,-0.7878635591443849,3.0222762921282005
48_121_34,48,121,34,33.219069,-97.196284,7.371268,-0.3279575931035312,COMMERCIAL,RURAL,0.481968049464732,0.178417076489823,1,0,0,0,0,0,0,1,22.4878921508789,-1.1410840975738559,0.7029046878260186
48_135_1014,48,135,1014,31.870259,-102.334745,7.563056,1.0965150419719023,RESIDENTIAL,SUBURBAN,0.375208740407779,0.149557036589763,0,1,0,0,0,0,1,0,1996.33532714844,0.7653939772903701,1.90944648198321
48_201_46,48,201,46,29.828086,-95.284096,11.80338,-0.6589798359762674,RESIDENTIAL,SUBURBAN,0.521536527490821,0.0953171664935839,0,1,0,0,0,0,1,0,1267.783203125,0.5706924790717485,0.46862472779549036
48_201_66,48,201,66,29.723333,-95.635833,8.063081,-0.6510548099038078,INDUSTRIAL,SUBURBAN,0.51407568744672,0.0927196742099604,0,0,1,0,0,0,1,0,220.271926879883,-0.17867747475631374,-0.33964113430981574
48_201_1034,48,201,1034,29.767997,-95.220582,9.823143,-0.6813324736165381,COMMERCIAL,SUBURBAN,0.522897519189517,0.0938621071905566,1,0,0,0,0,0,1,0,4313.109375,1.095825442189358,0.6560486958199184
48_201_1035,48,201,1035,29.733726,-95.257593,10.556598,-0.6744234765277272,INDUSTRIAL,URBAN AND CENTER CITY,0.522117404242126,0.0930199686656811,0,0,1,0,0,0,0,0,2014.26721191406,0.7692291061132827,0.48033872579702586
48_201_1050,48,201,1050,29.583047,-95.015544,8.464773,-0.699824201118944,RESIDENTIAL,SUBURBAN,0.527302139563861,0.0893926709136889,0,1,0,0,0,0,1,0,326.333953857422,-0.010651184656840364,1.5580265419374248
48_273_314,48,273,314,27.422433,-97.300869,10.043931,-0.6591830417729971,MILITARY RESERVATION,RURAL,0.477901164042579,0.0369437936256668,0,0,0,0,0,0,0,1,4.26890277862549,-1.78242735759807,3.104274278138879
48_303_1028,48,303,1028,33.58553,-101.78698,5.575793,0.3182368404970221,COMMERCIAL,URBAN AND CENTER CITY,0.389092909610851,0.190833538461219,1,0,0,0,0,0,0,0,17.4932117462158,-1.243671240493698,2.7059983460869943
48_323_4,48,323,4,28.704607,-100.451156,7.628448,-0.1816494194581229,RESIDENTIAL,URBAN AND CENTER CITY,0.410543423496851,0.0701335706885533,0,1,0,0,0,0,0,0,0,-2.49549678170811,-0.011649190267073483
48_339_78,48,339,78,30.350302,-95.425128,9.709943,-0.5433557376370489,COMMERCIAL,SUBURBAN,0.518464027267369,0.108043082017129,1,0,0,0,0,0,1,0,47.5465316772461,-0.8295493866534819,-0.7262030683601792
48_361_1100,48,361,1100,30.194167,-93.866944,8.145773,-0.699803880539271,RESIDENTIAL,SUBURBAN,0.551432111168083,0.104700000629986,0,1,0,0,0,0,1,0,99.095832824707,-0.519058388110701,-0.31621313830675846
48_453_14,48,453,14,30.354944,-97.761803,7.870349,-0.17209874701182543,RESIDENTIAL,SUBURBAN,0.469151683078554,0.108464396313677,0,1,0,0,0,0,1,0,1690.82885742188,0.6941635698071,0.2577727637680194
48_479_313,48,479,313,27.599444,-99.533333,9.712742,-0.4031437378935327,RESIDENTIAL,SUBURBAN,0.429286474635534,0.042474351531119,0,1,0,0,0,0,1,0,803.469848632812,0.3751866525656008,0.1640607797558191
49_5_7,49,5,7,41.842649,-111.852199,7.53241,-0.6977921431516466,RESIDENTIAL,RURAL,0.220232522943071,0.414517064393278,0,1,0,0,0,0,0,1,50.8032531738281,-0.8016885607175607,-0.32792713630828024
49_11_4,49,11,4,40.902967,-111.884467,6.940833,1.9601396780732707,RESIDENTIAL,SUBURBAN,0.215807311034932,0.391805774207764,0,1,0,0,0,0,1,0,2811.75512695312,0.9122927830889674,-0.6207770863464435
49_13_2,49,13,2,40.294178,-110.009732,5.272911,2.5433403146876064,RESIDENTIAL,SUBURBAN,0.24762766295039,0.37157730749011,0,1,0,0,0,0,1,0,299.364501953125,-0.04754603782176093,-1.3001889704349572
49_21_5,49,21,5,37.74743,-113.055525,5.653693,2.738417879548151,RESIDENTIAL,RURAL,0.180730261258438,0.319003545749618,0,1,0,0,0,0,0,1,348.338562011719,0.01726560839870933,0.316342753775655
49_35_2005,49,35,2005,40.598056,-111.894167,8.000283,-0.6977921431516466,RESIDENTIAL,SUBURBAN,0.21438143350811,0.384430619128117,0,1,0,0,0,0,1,0,3520.61376953125,1.0087326002464294,-0.6442050823494864
49_35_3006,49,35,3006,40.736389,-111.872222,7.333333,1.9540435041713786,RESIDENTIAL,SUBURBAN,0.215347188023191,0.387723025577963,0,1,0,0,0,0,1,0,3310.4091796875,0.9823241058626103,-0.6442050823494864
49_35_3010,49,35,3010,40.78422,-111.931,8.315922,1.913402344825432,RESIDENTIAL,SUBURBAN,0.214476264688019,0.389064830532747,0,1,0,0,0,0,1,0,3276.81689453125,0.9779490241141594,-0.6324910843479652
49_35_3014,49,35,3014,40.709762,-112.00876,7.959283,1.9357549824657025,COMMERCIAL,URBAN AND CENTER CITY,0.212757717477364,0.387496352075363,1,0,0,0,0,0,0,0,1.6542934179306,-2.07662943436603,-0.609063088344908
49_35_3015,49,35,3015,40.777145,-111.945849,8.551149,1.913402344825432,RESIDENTIAL,URBAN AND CENTER CITY,0.214177688483856,0.388938655877318,0,1,0,0,0,0,0,0,3491.51904296875,1.0051728456816942,-0.6324910843479652
49_35_3016,49,35,3016,40.807897,-112.087717,7.477907,1.913402344825432,INDUSTRIAL,URBAN AND CENTER CITY,0.211730804448947,0.390123248952389,0,0,1,0,0,0,0,0,0,-2.49549678170811,-0.5387791003357512
49_35_4002,49,35,4002,40.662961,-111.901851,9.866116,1.9316908665311079,MOBILE,URBAN AND CENTER CITY,0.214507869021354,0.38603057546564,0,0,0,0,0,1,0,0,2864.19775390625,0.9202192978687662,-0.6442050823494864
49_45_4,49,45,4,40.60055,-112.35578,6.806268,1.985946814257947,COMMERCIAL,RURAL,0.205995566226152,0.385929650283945,1,0,0,0,0,0,0,1,369.100006103516,0.04203764494082506,-0.4802091103281293
49_47_1004,49,47,1004,40.46471,-109.561472,4.437574,-0.6977921431516466,RESIDENTIAL,URBAN AND CENTER CITY,0.256445489527388,0.374534770781511,0,1,0,0,0,0,0,0,165.120361328125,-0.301688588676348,-1.2884749724334355
49_49_4001,49,49,4001,40.341389,-111.713611,6.982817,2.2304033877238165,RESIDENTIAL,SUBURBAN,0.216626813266633,0.37764266273712,0,1,0,0,0,0,1,0,999.189453125,0.468625576574181,-0.7613450623647576
49_49_5010,49,49,5010,40.136378,-111.657936,6.682906,2.1044157937513814,INDUSTRIAL,SUBURBAN,0.21681551146427,0.372490782974329,0,0,1,0,0,0,1,0,7.8325891494751,-1.5607488553661535,-0.8199150523723789
49_57_1003,49,57,1003,41.303614,-111.987871,6.588218,2.004844953353812,RESIDENTIAL,RURAL,0.215585654841263,0.401848331218576,0,1,0,0,0,0,0,1,1165.31787109375,0.534560333910529,-0.38649712631591526
55_53_2002,55,53,2002,44.334686,-90.792025,6.146518,-0.20806617303298827,RESIDENTIAL,RURAL,0.597361640127947,0.454300318519497,0,1,0,0,0,0,0,1,2.39405751228333,-1.9711389487035575,-0.12878917028234416
56_13_99,56,13,99,42.529999,-108.720003,1.083086,4.43315422427413,FOREST,RURAL,0.278637889999119,0.422765507235953,0,0,0,0,1,0,0,1,4.39172077178955,-1.7725400994341192,0.37491274378329004
56_13_232,56,13,232,43.081667,-107.549444,2.500567,2.088159330013003,INDUSTRIAL,RURAL,0.301126295524095,0.433545584374308,0,0,1,0,0,0,0,1,0,-2.49549678170811,0.4217687357893902
56_35_101,56,35,101,42.869824,-109.87076,3.076519,3.752414805229522,RESIDENTIAL,SUBURBAN,0.259393920550006,0.433909673318977,0,1,0,0,0,0,1,0,330.131195068359,-0.0057021844036799834,-0.14050316828386591
56_39_1013,56,39,1013,44.373056,-110.830833,3.980236,3.8316650659541183,FOREST,RURAL,0.248170013412915,0.472930915160396,0,0,0,0,1,0,0,1,0.00203981203958392,-2.4946224124873266,-0.07021918027470912
80_26_6,80,26,6,31.291293,-110.951513,10.722384,1.8707291275121878,COMMERCIAL,SUBURBAN,0.19567676521815,0.155498390189314,1,0,0,0,0,0,1,0,0,-2.49549678170811,-0.5504930983372867
6_27_1033,6,27,1033,37.155494,-118.293547,4.007692,1.8117994464605651,RESIDENTIAL,RURAL,0.0789626454954898,0.325477781585897,0,1,0,0,0,0,0,1,13.3723230361938,-1.3518442873947756,0.36319874578175454
20_91_10,20,91,10,38.838575,-94.746424,8.973795,-0.04103100812114717,COMMERCIAL,SUBURBAN,0.530036215929394,0.316758552490325,1,0,0,0,0,0,1,0,152.204360961914,-0.33641898848245383,1.194892603890118
20_133_3,20,133,3,37.67696,-95.47594,9.748318,-0.07395034719136401,RESIDENTIAL,SUBURBAN,0.516399228256927,0.287998127905633,0,1,0,0,0,0,1,0,891.084228515625,0.41954460408522837,1.3823165719145323
20_177_13,20,177,13,39.024265,-95.711275,9.50687,-0.13084797027568945,RESIDENTIAL,URBAN AND CENTER CITY,0.511777172327439,0.321187398681282,0,1,0,0,0,0,0,0,96.427978515625,-0.5306500667583549,1.4643145579252246
20_191_2,20,191,2,37.47689,-97.366399,9.095556,0.07845400035593629,RESIDENTIAL,RURAL,0.480010197478363,0.283228714449655,0,1,0,0,0,0,0,1,6.56240129470825,-1.6273689491508296,2.061728456003059
23_3_14,23,3,14,47.355332,-68.321106,5.222832,-0.32592553513623385,COMMERCIAL,URBAN AND CENTER CITY,0.962382596416816,0.592440935418576,1,0,0,0,0,0,0,0,668.174438476562,0.2961747745074792,0.281200759771076
23_3_1011,23,3,1011,46.682299,-68.016195,3.963483,-0.699824201118944,COMMERCIAL,URBAN AND CENTER CITY,0.972014322622882,0.578239746914549,1,0,0,0,0,0,0,0,1302.31091308594,0.5822133225877343,0.3046287557741333
23_17_2011,23,17,2011,44.551419,-70.546319,4.735328,-0.4254963755338034,INDUSTRIAL,RURAL,0.94475181699625,0.516182473400818,0,0,1,0,0,0,0,1,1515.73510742188,0.6472855914192129,-1.1713349924181642
23_19_17,23,19,17,44.817398,-68.772762,4.81882,-0.5896866592914283,RESIDENTIAL,URBAN AND CENTER CITY,0.972647226235627,0.530890194875774,0,1,0,0,0,0,0,0,593.864501953125,0.2456662404349972,0.09377679174666231
26_163_15,26,163,15,42.302778000000004,-83.106667,12.880119,-0.3340537670054232,COMMERCIAL,URBAN AND CENTER CITY,0.73786378546054,0.417648309599554,1,0,0,0,0,0,0,0,485.191528320312,0.1591057025747781,1.0191826338672254
31_177_2,31,177,2,41.551211,-96.146175,3.848,-0.699824201118944,RESIDENTIAL,RURAL,0.503669697857491,0.383430325558156,0,1,0,0,0,0,0,1,1281.12365722656,0.5751805244591741,1.4643145579252246
32_31_31,32,31,31,39.521933,-119.7954,7.978049,2.063191027357227,RESIDENTIAL,URBAN AND CENTER CITY,0.0652087546294349,0.388961664523561,0,1,0,0,0,0,0,0,3803.54296875,1.0418911006011202,-0.7496310643632221
35_13_25,35,13,25,32.322037,-106.768337,4.68274,1.7772544610165104,COMMERCIAL,URBAN AND CENTER CITY,0.285001838542397,0.168809489010847,1,0,0,0,0,0,0,0,2066.47924804688,0.7802044760097725,-0.33964113430981574
35_25_8,35,25,8,32.726656,-103.122917,6.938506,1.5559633483778301,DESERT,SUBURBAN,0.360495366524305,0.171647190624928,0,0,0,1,0,0,1,0,1452.97131347656,0.6291516856537048,2.2022964320213725
42_3_2,42,3,2,40.50084,-80.066488,8.946023,-0.17961736149082555,RESIDENTIAL,SUBURBAN,0.799396411626852,0.382190560972487,0,1,0,0,0,0,1,0,2603.865234375,0.879345821052254,-0.12878917028234416
42_3_3007,42,3,3007,40.294341,-79.885331,8.336765,-0.699824201118944,RESIDENTIAL,SUBURBAN,0.803555095337354,0.377738279627222,0,1,0,0,0,0,1,0,1242.93359375,0.5622052201376279,-0.31621313830675846
42_101_55,42,101,55,39.922867,-75.186921,7.849448,-0.6927119982334032,RESIDENTIAL,URBAN AND CENTER CITY,0.890972226821732,0.385614126307309,0,1,0,0,0,0,0,0,2195.84252929688,0.8062463121691265,-0.398211124317437
42_101_57,42,101,57,39.960048,-75.142614,7.917445,-0.6754395055113759,RESIDENTIAL,URBAN AND CENTER CITY,0.891578412014307,0.386687835302439,0,1,0,0,0,0,0,0,2654.7421875,0.8876457812970978,-0.398211124317437
42_101_75,42,101,75,40.054171,-74.985166,9.334181,-0.6815356794132679,COMMERCIAL,URBAN AND CENTER CITY,0.893930510413848,0.389591188980448,1,0,0,0,0,0,0,0,1193.55383300781,0.5448246065381892,-0.398211124317437
42_101_76,42,101,76,39.988842,-75.207205,8.527874,-0.6916959692497546,COMMERCIAL,URBAN AND CENTER CITY,0.890250511296207,0.387118974845984,1,0,0,0,0,0,0,0,0,-2.49549678170811,-0.4099251223189725
48_29_32,48,29,32,29.51509,-98.620166,8.39971,-0.13186399925933812,RESIDENTIAL,SUBURBAN,0.450476493475318,0.0883973981720784,0,1,0,0,0,0,1,0,1949.93286132812,0.7553076819382457,0.17577477775734085
48_29_59,48,29,59,29.275381,-98.311692,6.891086,-0.3931866538537757,INDUSTRIAL,RURAL,0.456908834577118,0.0823868844048852,0,0,1,0,0,0,0,1,13.8771753311157,-1.337030492906147,0.1172047877497052
48_29_1069,48,29,1069,29.529432,-98.391403,8.484722,-0.12211012101631089,COMMERCIAL,URBAN AND CENTER CITY,0.455360803003005,0.0886183165791349,1,0,0,0,0,0,0,0,1164.25622558594,0.5341695761567367,0.17577477775734085
48_37_1031,48,37,1031,33.436111,-94.07778,10.324355,-0.5128748681275889,RESIDENTIAL,URBAN AND CENTER CITY,0.545368988731884,0.183987856557093,0,1,0,0,0,0,0,0,675.654663085938,0.300944643659468,-0.6442050823494864
48_61_6,48,61,6,25.892518,-97.49383,8.145672,-0.6876318533151599,COMMERCIAL,URBAN AND CENTER CITY,0.473102657858412,0,1,0,0,0,0,0,0,0,596.108032226562,0.24728150426573708,1.4643145579252246
48_167_1034,48,167,1034,29.254474,-94.861289,8.022126,-0.6896639112824572,COMMERCIAL,SUBURBAN,0.530683896790495,0.0814223189677019,1,0,0,0,0,0,1,0,353.009246826172,0.022964548289369942,1.9797304699923668
48_201_58,48,201,58,29.770698,-95.031232,10.515833,-0.6825517083969166,RESIDENTIAL,SUBURBAN,0.526921316824039,0.0939650007789866,0,1,0,0,0,0,1,0,511.166656494141,0.18143867915124834,1.3120325839053741
48_201_1052,48,201,1052,29.81453,-95.38769,11.260172,-0.6723914185604298,RESIDENTIAL,URBAN AND CENTER CITY,0.519338416018765,0.094971114985049,0,1,0,0,0,0,0,0,2300.89013671875,0.8262888263606372,0.03520680173902667
48_203_2,48,203,2,32.669001,-94.167468,9.947756,-0.5531096158800762,AGRICULTURAL,RURAL,0.543910811425002,0.165127313840667,0,0,0,0,0,0,0,1,0,-2.49549678170811,-0.491923108329651
48_215_43,48,215,43,26.226343,-98.29085,8.933449,-0.6246380563289424,RESIDENTIAL,SUBURBAN,0.455571021802461,0.0084117924279861,0,1,0,0,0,0,1,0,1733.63696289062,0.7048856603613248,0.5623367118077044
48_245_22,48,245,22,29.863957,-94.317802,7.910029,-0.6896639112824572,RESIDENTIAL,SUBURBAN,0.542043021826258,0.0964510523308735,0,1,0,0,0,0,1,0,308.45654296875,-0.03475020872529878,0.44519673179244745
48_375_320,48,375,320,35.201592,-101.909275,6.177994,1.5801448381886687,COMMERCIAL,URBAN AND CENTER CITY,0.389087698531285,0.230644558535585,1,0,0,0,0,0,0,0,892.069152832031,0.4200180873534477,2.881708316109887
48_439_1006,48,439,1006,32.759154,-97.342332,8.505322,-0.36453463651488327,COMMERCIAL,URBAN AND CENTER CITY,0.47883444934311,0.167170752151617,1,0,0,0,0,0,0,0,141.57649230957,-0.36726793928679186,0.7029046878260186
48_439_1053,48,439,1053,32.664753,-97.337917,8.248718,-0.26313494394674614,RESIDENTIAL,URBAN AND CENTER CITY,0.478892280010968,0.164853926631601,0,1,0,0,0,0,0,0,2169.48388671875,0.8010667871918836,0.7614746778336542
48_453_1068,48,453,1068,30.35386,-97.69166,9.514247,-0.28325231782298976,COMMERCIAL,URBAN AND CENTER CITY,0.470631285532913,0.108411030727346,1,0,0,0,0,0,0,0,4786.1572265625,1.1404703622858579,0.2577727637680194
49_35_3013,49,35,3013,40.496392,-112.036298,6.345098,-0.6977921431516466,RESIDENTIAL,SUBURBAN,0.211374865335911,0.382400535188025,0,1,0,0,0,0,1,0,571.149108886719,0.2289600871990697,-0.37478312831439414
54_39_20,54,39,20,38.346258,-81.621161,7.340777,-0.24645174803523495,COMMERCIAL,URBAN AND CENTER CITY,0.779035020452751,0.325137120118581,1,0,0,0,0,0,0,0,2318.69458007812,0.829594933324013,-1.5813249224715848
54_51_1002,54,51,1002,39.915961,-80.733858,10.926462,-0.2751240859538004,RESIDENTIAL,SUBURBAN,0.789534434064749,0.365950898192813,0,1,0,0,0,0,1,0,548.442749023438,0.21158410828746693,-0.7496310643632221
1_55_10,1,55,10,33.98821,-85.992556,8.212079,-0.598221302754077,COMMERCIAL,URBAN AND CENTER CITY,0.707782326703323,0.207773338502582,1,0,0,0,0,0,0,0,614.539123535156,0.26032600055579636,-1.628180914477685
1_73_1010,1,73,1010,33.545278,-86.549167,9.231269,-0.3035728974959631,RESIDENTIAL,SUBURBAN,0.697696182830711,0.195797430316389,0,1,0,0,0,0,1,0,520.968688964844,0.1895731448279442,-1.3353309644395355
1_89_14,1,89,14,34.68547,-86.58816,7.960821,-0.3279575931035312,COMMERCIAL,URBAN AND CENTER CITY,0.694138156077722,0.223607533164195,1,0,0,0,0,0,0,0,34.2661094665527,-0.9666863358286073,-0.9253410343861147
1_103_11,1,103,11,34.530717,-86.967536,9.031507,-0.3467744498807045,COMMERCIAL,URBAN AND CENTER CITY,0.686952455313598,0.219083974462357,1,0,0,0,0,0,0,0,0.469454884529114,-2.330344111386699,-0.7730590603662794
1_113_3,1,113,3,32.437028,-84.999653,9.111268,-0.6490227519365105,COMMERCIAL,SUBURBAN,0.732082421818331,0.172156105643781,1,0,0,0,0,0,1,0,238.953735351562,-0.14389820999857275,-1.6398949124792206
1_119_3,1,119,3,32.362606,-88.277992,6.836963,-0.5703756060166082,AGRICULTURAL,RURAL,0.665131538276889,0.163706389907176,0,0,0,0,0,0,0,1,22.8470878601074,-1.134571795335139,-1.5461829284670066
4_12_8000,4,12,8000,34.2439,-113.5586,3.987842,0.06422959458485493,DESERT,RURAL,0.155386025145924,0.235954914920714,0,0,0,1,0,0,0,1,0,-2.49549678170811,-0.1756451622884443
4_13_19,4,13,19,33.48378,-112.14256,10.252381,-0.02314889800893058,RESIDENTIAL,SUBURBAN,0.180246234413969,0.212525289036318,0,1,0,0,0,0,1,0,3739.12817382812,1.0345639834308022,-1.1244790004120646
4_13_1003,4,13,1003,33.41018,-111.86536,6.339412,0.07845400035593629,COMMERCIAL,SUBURBAN,0.185492829946831,0.20979985695838,1,0,0,0,0,0,1,0,208.094192504883,-0.20296714631849977,-1.1830489904196995
4_13_1004,4,13,1004,33.56031,-112.06619,6.948857,0.0682937105194496,RESIDENTIAL,SUBURBAN,0.182090432979338,0.214116715570186,0,1,0,0,0,0,1,0,2668.1435546875,0.8898055985198716,-1.1127650024105429
4_13_2001,4,13,2001,33.57453,-112.19193,6.173077,0.011396087435124156,RESIDENTIAL,RURAL,0.179636534125179,0.214891608877601,0,1,0,0,0,0,0,1,1092.91088867188,0.5070589876850856,-1.1127650024105429
4_13_4003,4,13,4003,33.40314,-112.07526,11.060446,-0.03737330378001194,RESIDENTIAL,URBAN AND CENTER CITY,0.181259302536162,0.210342722403589,0,1,0,0,0,0,0,0,3839.8486328125,1.0459663593074477,-1.1244790004120646
4_13_4005,4,13,4005,33.41123,-111.93471,7.875852,0.01546020336971883,RESIDENTIAL,URBAN AND CENTER CITY,0.184107836950779,0.210059917462671,0,1,0,0,0,0,0,0,2415.85546875,0.8472012108477525,-1.1713349924181642
4_13_4021,4,13,4021,33.41046,-112.00264,7.882369,0.019524319304313507,COMMERCIAL,URBAN AND CENTER CITY,0.182744003150996,0.210272088322616,1,0,0,0,0,0,0,0,1.57890212535858,-2.0889935068899614,-1.1479069964151212
4_13_9812,4,13,9812,33.4265,-112.11821,9.736798,-0.055661825485687974,COMMERCIAL,URBAN AND CENTER CITY,0.180495936306977,0.211055260222665,1,0,0,0,0,0,0,0,8877.1650390625,1.4055006112080342,-1.1361929984135857
4_13_9997,4,13,9997,33.503833,-112.095767,8.616369,0.003267855565934807,RESIDENTIAL,URBAN AND CENTER CITY,0.181265416024596,0.212850415855795,0,1,0,0,0,0,0,0,3248.52197265625,0.9742289436856975,-1.1244790004120646
4_19_11,4,19,11,32.322661,-111.038389,5.520604,0.6840072746105428,RESIDENTIAL,SUBURBAN,0.197867552000958,0.180729036665182,0,1,0,0,0,0,1,0,2464.0224609375,0.8556686868505669,-0.8316290503739144
4_19_1028,4,19,1028,32.29515,-110.9823,6.337394,0.7287125498910842,RESIDENTIAL,URBAN AND CENTER CITY,0.198902583046706,0.179881247757132,0,1,0,0,0,0,0,0,564.421875,0.22388503686768021,-0.796487056369336
4_21_1,4,21,1,32.877583,-111.752222,6.445961,0.15364014514593777,COMMERCIAL,URBAN AND CENTER CITY,0.185602536934268,0.196524464761677,1,0,0,0,0,0,0,0,1762.13659667969,0.7118781924788216,-1.1244790004120646
4_21_3015,4,21,3015,32.884761,-112.03705,8.378873,0.12519133360377505,AGRICULTURAL,RURAL,0.179887437282023,0.197667974248705,0,0,0,0,0,0,0,1,239.858428955078,-0.14228346534433928,-1.1361929984135857
4_23_4,4,23,4,31.337204,-110.936718,9.529915,1.689875968422725,COMMERCIAL,URBAN AND CENTER CITY,0.19615748593878,0.156559680055458,1,0,0,0,0,0,0,0,0,-2.49549678170811,-0.6793470763540653
4_27_8011,4,27,8011,32.690278,-114.61444,8.257022,-0.5961892447867797,COMMERCIAL,URBAN AND CENTER CITY,0.127119866688236,0.202544728996408,1,0,0,0,0,0,0,0,2097.95922851562,0.7866886553064937,-1.0541950124029071
6_1_7,6,1,7,37.687526,-121.784217,7.574344,-0.4214322595992087,COMMERCIAL,URBAN AND CENTER CITY,0.0170953149535371,0.355010183130677,1,0,0,0,0,0,0,0,3882.35668945312,1.050689154311507,-0.6559190803510219
6_1_9,6,1,9,37.743065,-122.169935,8.290411,-0.6774715634786732,RESIDENTIAL,URBAN AND CENTER CITY,0.0103333358097616,0.358327636455058,0,1,0,0,0,0,0,0,7359.21875,1.325044194210211,0.6443346978183829
6_1_11,6,1,11,37.814781,-122.282347,8.121154,-0.699824201118944,RESIDENTIAL,URBAN AND CENTER CITY,0.00873990663649982,0.360615983611842,0,1,0,0,0,0,0,0,5791.53173828125,1.2222687376425585,0.7263326838290752
6_1_12,6,1,12,37.793624,-122.263376,9.389167,-0.6918991750464843,COMMERCIAL,URBAN AND CENTER CITY,0.00894759824657638,0.360015013985599,1,0,0,0,0,0,0,0,2613.87255859375,0.8809911285807037,0.7263326838290752
6_1_15,6,1,15,37.701222,-121.903019,7.586981,-0.49458634642191285,RESIDENTIAL,SUBURBAN,0.0149879792664432,0.355948253260931,0,1,0,0,0,0,1,0,7.3844895362854,-1.5830892306130337,-0.4450671163235509
6_7_8,6,7,8,39.76168,-121.84047,7.725284,-0.6977921431516466,COMMERCIAL,SUBURBAN,0.0297843911684124,0.404544230488836,1,0,0,0,0,0,1,0,1944.5927734375,0.7541315706755418,-0.6559190803510219
6_9_1,6,9,1,38.20185,-120.680277,6.037746,-0.699824201118944,AGRICULTURAL,RURAL,0.0408130954944849,0.361697643596711,0,0,0,0,0,0,0,1,147.452713012695,-0.34993796876685007,-0.9487690303891719
6_11_1002,6,11,1002,39.18919,-121.99887,7.240111,-0.6652792156748892,COMMERCIAL,RURAL,0.0231242674241206,0.391756542486275,1,0,0,0,0,0,0,1,10.5251502990723,-1.4465754078943553,-0.796487056369336
6_13_2,6,13,2,37.936013,-122.026154,7.019263,-0.6469906939692132,RESIDENTIAL,SUBURBAN,0.0142759257830714,0.362157644937352,0,1,0,0,0,0,1,0,2899.220703125,0.9254324991368794,0.1523467817542836
6_13_1004,6,13,1004,37.9604,-122.356811,9.890909,-0.6591830417729971,COMMERCIAL,URBAN AND CENTER CITY,0.00834910955989897,0.364458409438841,1,0,0,0,0,0,0,0,4783.2255859375,1.1402075090497417,0.7731886758351759
6_19_11,6,19,11,36.78538,-119.77321,12.63033,-0.5047466362583996,COMMERCIAL,URBAN AND CENTER CITY,0.0489149556157547,0.32351253450138,1,0,0,0,0,0,0,0,3244.98413085938,0.9737615285989443,-0.7613450623647576
6_19_2009,6,19,2009,36.634225,-120.382331,6.728977,-0.5802782309028416,AGRICULTURAL,RURAL,0.0365049261867062,0.322878998175162,0,0,0,0,0,0,0,1,8.18710803985596,-1.543862916787134,-0.8784850423800146
6_19_2016,6,19,2016,36.710833,-119.7775,14.743137,-0.5230351579640756,INDUSTRIAL,URBAN AND CENTER CITY,0.048379385239634,0.321753713219862,0,0,1,0,0,0,0,0,322.501953125,-0.015704034199094975,-0.7379170663617004
6_19_5001,6,19,5001,36.819449,-119.716433,10.406128,-0.525067215931373,RESIDENTIAL,URBAN AND CENTER CITY,0.0501919034674909,0.324052972574998,0,1,0,0,0,0,0,0,4244.130859375,1.088909277911456,-0.7496310643632221
6_19_5025,6,19,5025,36.72639,-119.733,13.4,-0.4966184043892102,RESIDENTIAL,URBAN AND CENTER CITY,0.0493132670708561,0.321910861943269,0,1,0,0,0,0,0,0,4270.43212890625,1.0915595532752822,-0.7496310643632221
6_25_5,6,25,5,32.67618,-115.48307,10.944321,-0.6977921431516466,RESIDENTIAL,SUBURBAN,0.109596799905726,0.205752027614087,0,1,0,0,0,0,1,0,3714.67504882812,1.031749369988459,-1.007339020396807
6_25_7,6,25,7,32.97833,-115.53917,8.722636,-0.699824201118944,COMMERCIAL,URBAN AND CENTER CITY,0.109984074807947,0.213243896847951,1,0,0,0,0,0,0,0,3208.65869140625,0.9689325727282139,-0.7262030683601792
6_25_1003,6,25,1003,32.79222,-115.56306,8.884419,-0.699824201118944,COMMERCIAL,URBAN AND CENTER CITY,0.108572866430475,0.208873246589687,1,0,0,0,0,0,0,0,3285.64770507812,0.9791034838451252,-0.8784850423800146
6_27_1003,6,27,1003,36.487823,-117.871036,6.138268,1.5293433890062351,RESIDENTIAL,RURAL,0.0831647081309609,0.307578779928247,0,1,0,0,0,0,0,1,74.462646484375,-0.640271825698759,0.6443346978183829
6_29_10,6,29,10,35.385574,-119.015009,15.813548,-0.392983448057046,COMMERCIAL,URBAN AND CENTER CITY,0.0549449196118481,0.28645308264238,1,0,0,0,0,0,0,0,2256.72778320312,0.81797665268711,-0.5973490903433868
6_29_19,6,29,19,35.046528,-118.162833,5.192394,1.0335212449856848,MOBILE,RURAL,0.0694199809491255,0.274360966465145,0,0,0,0,0,1,0,1,991.757141113281,0.4654251523019413,0.44519673179244745
6_31_1004,6,31,1004,36.31567,-119.643447,14.17867,-0.4986504623565075,RESIDENTIAL,SUBURBAN,0.0485106064717905,0.311674639894965,0,1,0,0,0,0,1,0,1199.7568359375,0.5470469868347845,-0.8550570463769579
6_37_4009,6,37,4009,33.793713,-118.171019,8.694096,-0.6835677373805652,COMMERCIAL,URBAN AND CENTER CITY,0.0621397741526477,0.244427920997736,1,0,0,0,0,0,0,0,2929.796875,0.9299325768176467,6.480773444827735e-5
6_39_2010,6,39,2010,36.953256,-120.034203,10.386389,-0.5301067196902703,COMMERCIAL,SUBURBAN,0.0450351282186831,0.328780242968953,1,0,0,0,0,0,1,0,433.171844482422,0.11054904785934894,-0.6910610743556008
6_41_1,6,41,1,37.97231,-122.520004,6.8744440000000004,-0.693728027217052,COMMERCIAL,URBAN AND CENTER CITY,0.00542682414214748,0.365598333391093,1,0,0,0,0,0,0,0,936.612670898438,0.440903095164583,0.7146186858275397
6_45_6,6,45,6,39.15047,-123.20655,9.366,-0.699824201118944,COMMERCIAL,SUBURBAN,0.00101160145737018,0.397120505160396,1,0,0,0,0,0,1,0,1866.69848632812,0.7365990921810234,-0.9721970263922286
6_45_2003,6,45,2003,39.39861,-123.35872,10.908547,0.17396072481891114,RESIDENTIAL,SUBURBAN,0,0.403795947272553,0,1,0,0,0,0,1,0,741.902160644531,0.3410229669225844,-1.1713349924181642
6_47_3,6,47,3,37.281853,-120.433671,9.718384,-0.525067215931373,AGRICULTURAL,RURAL,0.039595267371042,0.338566121351221,0,0,0,0,0,0,0,1,482.328857421875,0.1565717819313819,-0.7730590603662794
6_47_2510,6,47,2510,37.30832,-120.480456,10.403333,-0.5819648390156984,COMMERCIAL,URBAN AND CENTER CITY,0.0388875736276028,0.339426831483625,1,0,0,0,0,0,0,0,1854.70581054688,0.7338349863393874,-0.7730590603662794
6_53_2,6,53,2,36.48187,-121.73333,3.613429,-0.43362460740299275,RESIDENTIAL,SUBURBAN,0.0100904728274438,0.326122304907132,0,1,0,0,0,0,1,0,770.737243652344,0.3573625774326003,-0.38649712631591526
6_53_8,6,53,8,36.209286,-121.126371,5.174929,-0.6876318533151599,RESIDENTIAL,URBAN AND CENTER CITY,0.0197630031026248,0.316508451119375,0,1,0,0,0,0,0,0,4509.068359375,1.1148861756870743,-0.913627036384593
6_53_1003,6,53,1003,36.694261,-121.623271,5.118611,-0.6559317490253214,RESIDENTIAL,URBAN AND CENTER CITY,0.013554789689031,0.330592115124017,0,1,0,0,0,0,0,0,403.407287597656,0.08007605439166011,-0.38649712631591526
6_57_5,6,57,5,39.233477,-121.055608,6.050423,1.0335212449856848,RESIDENTIAL,SUBURBAN,0.0405238580118977,0.388099143197714,0,1,0,0,0,0,1,0,334.710968017578,1.917458742625441e-4,-0.9487690303891719
6_61_6,6,61,6,38.74643,-121.26498,7.762464,-0.6022854186886717,MOBILE,SUBURBAN,0.0335691446485351,0.377546625838842,0,0,0,0,0,1,1,0,1934.51013183594,0.7519021223081978,-0.9604830283906931
6_67_10,6,67,10,38.56844,-121.49311,8.49691,-0.699824201118944,RESIDENTIAL,URBAN AND CENTER CITY,0.0282399220569387,0.374456172801473,0,1,0,0,0,0,0,0,3297.29736328125,0.9806217179742996,-0.9253410343861147
6_67_12,6,67,12,38.683304,-121.164457,6.269298,-0.5006825203238049,RESIDENTIAL,SUBURBAN,0.0349986651528021,0.375545780799192,0,1,0,0,0,0,1,0,181.865936279297,-0.26047859011872304,-0.9839110243937503
6_67_15,6,67,15,38.593322,-121.503795,9.330919,-0.673813859137538,COMMERCIAL,URBAN AND CENTER CITY,0.0282069959212914,0.375101298234137,1,0,0,0,0,0,0,0,126.012481689453,-0.416867732479254,-0.9253410343861147
6_67_5003,6,67,5003,38.494475,-121.211131,5.653977,-0.5819648390156984,AGRICULTURAL,RURAL,0.0329247135116624,0.371285877979489,0,0,0,0,0,0,0,1,15.8087978363037,-1.2846497885773913,-0.9839110243937503
6_69_2,6,69,2,36.843425,-121.3621,5.010028,-0.4437848972394794,RESIDENTIAL,RURAL,0.0194262638256407,0.33278958372607,0,1,0,0,0,0,0,1,1176.35034179688,0.538600108478213,-1.007339020396807
6_71_8001,6,71,8001,34.26464,-116.86147,8.325549,3.4780869796443814,COMMERCIAL,SUBURBAN,0.0904603056698119,0.249781139518998,1,0,0,0,0,0,1,0,1010.16333007812,0.4733078138121862,1.3940305699160678
6_73_77,6,73,77,32.6509,-116.365,6.232873,1.36911561828484,DESERT,RURAL,0.0917758137084574,0.208910000768579,0,0,0,1,0,0,0,1,18.7372188568115,-1.215736522273826,-0.8316290503739144
6_75_5,6,75,5,37.765946,-122.399044,6.779224,-0.6896639112824572,INDUSTRIAL,URBAN AND CENTER CITY,0.00625745794673054,0.360070829747303,0,0,1,0,0,0,0,0,5805.322265625,1.2232890737747393,0.831758665842811
6_77_1003,6,77,1003,37.961578,-121.281414,10.277714,-0.6787517599980706,RESIDENTIAL,URBAN AND CENTER CITY,0.0281829602266756,0.3589633695576,0,1,0,0,0,0,0,0,2784.50512695312,0.9081154979385889,-0.8667710443784934
6_77_2010,6,77,2010,37.793392,-121.247874,9.169132,-0.6774715634786732,RESIDENTIAL,SUBURBAN,0.0277138912868923,0.354794799493657,0,1,0,0,0,0,1,0,1240.86560058594,0.5614912822567107,-0.9019130383830718
6_79_8002,6,79,8002,35.49453,-120.66617,6.120917,-0.1714891296216362,COMMERCIAL,SUBURBAN,0.0239548514490739,0.297163238716402,1,0,0,0,0,0,1,0,1080.98791503906,0.502356501735686,-0.491923108329651
6_81_1001,6,81,1001,37.482934,-122.20337,6.795787,-0.693728027217052,INDUSTRIAL,SUBURBAN,0.00797033980300684,0.352333228669886,0,0,1,0,0,0,1,0,725.515991210938,0.33145262809574944,0.6560486958199184
6_83_11,6,83,11,34.427775,-119.691218,7.963533,-0.6591830417729971,RESIDENTIAL,URBAN AND CENTER CITY,0.0361408050095531,0.266875733457969,0,1,0,0,0,0,0,0,3812.17944335938,1.0428640467723798,0.3866267417848118
6_85_2,6,85,2,36.999571,-121.574684,7.01,-0.5718045491792116,RESIDENTIAL,SUBURBAN,0.0164665579310711,0.337592134672025,0,1,0,0,0,0,1,0,3340.86279296875,0.9862522177927826,-0.6793470763540653
6_85_5,6,85,5,37.348497,-121.894898,10.124725,-0.6368304041327265,COMMERCIAL,URBAN AND CENTER CITY,0.0127986908243025,0.347533954280358,1,0,0,0,0,0,0,0,5588.58984375,1.2069659064504397,-0.08193317827623026
6_85_6,6,85,6,37.338135,-121.849783,8.739665,-0.6370336099294562,MOBILE,URBAN AND CENTER CITY,0.0135686027034585,0.347053886998549,0,0,0,0,0,1,0,0,2812.689453125,0.912435291908475,-0.22250115429454445
6_87_7,6,87,7,36.98332,-121.98822,5.47265,-0.6429265780346185,COMMERCIAL,SUBURBAN,0.00863423949554531,0.339355031074092,1,0,0,0,0,0,1,0,1264.47644042969,0.5695727074989909,0.6326206998168612
6_87_1005,6,87,1005,37.06315,-122.083092,4.987151,-0.4803619406508315,RESIDENTIAL,RURAL,0.00739626295201668,0.341746223196919,0,1,0,0,0,0,0,1,451.951751708984,0.12871890319292417,0.21091677176191923
6_93_2001,6,93,2001,41.726892,-122.633579,9.346474,0.9298862886535206,COMMERCIAL,SUBURBAN,0.0289240774625524,0.455091005084253,1,0,0,0,0,0,1,0,205.404846191406,-0.2085218390779407,-1.0190530183983288
6_95_4,6,95,4,38.102507,-122.237976,7.670833,-0.6876318533151599,COMMERCIAL,URBAN AND CENTER CITY,0.0114917084100573,0.367207089176108,1,0,0,0,0,0,0,0,2724.29028320312,0.8987380679528095,0.5974787058122828
6_97_4,6,97,4,38.403765,-122.818294,6.376149,-0.5413236796697516,COMMERCIAL,URBAN AND CENTER CITY,0.0029037132929708,0.37739325581491,1,0,0,0,0,0,0,0,655.433837890625,0.2879264576335576,0.023492803737504907
6_99_5,6,99,5,37.642165,-120.994212,13.327794,-0.6449586360019158,COMMERCIAL,URBAN AND CENTER CITY,0.031441502095365,0.349924471655658,1,0,0,0,0,0,0,0,1051.02966308594,0.49030824318925115,-0.8082010543708578
6_99_6,6,99,6,37.488317,-120.836008,11.093842,-0.5860289549502931,RESIDENTIAL,SUBURBAN,0.0333987231130838,0.345473413722981,0,1,0,0,0,0,1,0,1925.90637207031,0.7499904776857641,-0.8082010543708578
6_101_3,6,101,3,39.138773,-121.618549,10.728329,-0.6591830417729971,COMMERCIAL,SUBURBAN,0.0296884723362868,0.388638793539563,1,0,0,0,0,0,1,0,3679.59716796875,1.0276793083365199,-0.8199150523723789
6_103_7,6,103,7,40.17093,-122.25556,5.871182,-0.4966184043892102,RESIDENTIAL,SUBURBAN,0.0250742207378881,0.41634368860979,0,1,0,0,0,0,1,0,921.280944824219,0.43382868795148166,-0.8550570463769579
6_107_2003,6,107,2003,36.30815,-119.3129,14.716667,-0.5006825203238049,COMMERCIAL,URBAN AND CENTER CITY,0.0547363277993165,0.309913457771878,1,0,0,0,0,0,0,0,1678.23864746094,0.690958445982085,-0.7613450623647576
6_111_7,6,111,7,34.210169,-118.870509,8.275843,-0.2040020570983936,RESIDENTIAL,SUBURBAN,0.0508324404547562,0.257688136837232,0,1,0,0,0,0,1,0,1088.94226074219,0.5054994542112486,-0.2576431482991228
6_111_9,6,111,9,34.404281,-118.80998,6.724377,-0.3137331873324498,AGRICULTURAL,RURAL,0.0531492073296811,0.262034011899748,0,0,0,0,0,0,0,1,32.7389335632324,-0.9856820848157327,-0.5153511043327083
6_111_1004,6,111,1004,34.44806,-119.2313,5.5875,-0.16742501368704155,RESIDENTIAL,SUBURBAN,0.0452049344293233,0.265105833052682,0,1,0,0,0,0,1,0,332.463500976562,-0.0026905122452041915,-0.2107871562930227
6_111_2002,6,111,2002,34.276316,-118.683685,7.240111,-0.06175799938757999,RESIDENTIAL,SUBURBAN,0.0548665492406772,0.258376325459915,0,1,0,0,0,0,1,0,2573.169921875,0.8742594790894824,-0.2693571463006583
6_111_3001,6,111,3001,34.25239,-119.143182,6.472299,-0.6124457085251584,RESIDENTIAL,RURAL,0.0457591786844755,0.260010032895759,0,1,0,0,0,0,0,1,536.660583496094,0.20228270299964954,-0.011649190267073483
8_1_10,8,1,10,39.8281,-104.93647,6.846089,2.488474749570578,RESIDENTIAL,SUBURBAN,0.339876886315649,0.348821980808107,0,1,0,0,0,0,1,0,570.962585449219,0.22882017929211093,0.3280567517771762
8_13_3,8,13,3,40.164576,-105.100856,6.843562,2.388903909173009,RESIDENTIAL,URBAN AND CENTER CITY,0.337617003513935,0.357365361203126,0,1,0,0,0,0,0,0,1055.21533203125,0.4920120550545967,0.281200759771076
8_31_13,8,31,13,39.738578,-104.939925,6.673829,2.5921097059027423,RESIDENTIAL,URBAN AND CENTER CITY,0.339605501985217,0.346631744665027,0,1,0,0,0,0,0,0,4010.57470703125,1.0646276579868423,0.33977074977871163
8_31_26,8,31,26,39.77949,-105.00518,6.714365,2.55553266249139,RESIDENTIAL,URBAN AND CENTER CITY,0.338487547185734,0.347750303899689,0,1,0,0,0,0,0,0,3213.21801757812,0.9695416618008431,0.2577727637680194
8_31_27,8,31,27,39.732170000000004,-105.0153,5.647368,2.516923561112741,COMMERCIAL,URBAN AND CENTER CITY,0.338189035366857,0.346607335928067,1,0,0,0,0,0,0,0,195.469375610352,-0.22969005707336806,0.222630769763441
8_31_28,8,31,28,39.7861,-104.9886,7.433425,2.5250517929819303,COMMERCIAL,URBAN AND CENTER CITY,0.338811035092413,0.347883206580441,1,0,0,0,0,0,0,0,1045.70727539062,0.4881319034065375,0.2577727637680194
8_35_4,8,35,4,39.534488,-105.070358,5.328291,2.705904952071393,AGRICULTURAL,RURAL,0.33670100803847,0.341855567169808,0,0,0,0,0,0,0,1,0,-2.49549678170811,0.1523467817542836
8_41_17,8,41,17,38.848014,-104.828564,4.531129,3.022905994969778,RESIDENTIAL,URBAN AND CENTER CITY,0.339640191833828,0.324583211842687,0,1,0,0,0,0,0,0,1327.46069335938,0.5904145053157022,0.44519673179244745
8_69_9,8,69,9,40.571288,-105.079693,6.532877,2.397032141042198,COMMERCIAL,URBAN AND CENTER CITY,0.33896395373746,0.367301534001776,1,0,0,0,0,0,0,0,759.73681640625,0.35120228753364,0.5154807198016043
8_77_17,8,77,17,39.063798,-108.561173,5.199178,2.1409928371627336,COMMERCIAL,URBAN AND CENTER CITY,0.270215732007897,0.337780760300761,1,0,0,0,0,0,0,0,849.750366210938,0.3991878499216272,-1.511040934462428
8_123_6,8,123,6,40.414877,-104.70693,6.782466,2.228371329756519,RESIDENTIAL,SUBURBAN,0.345462984407766,0.362821732152025,0,1,0,0,0,0,1,0,2106.57348632812,0.7884460587435892,0.6091927038138045
9_1_10,9,1,10,41.170833,-73.194722,7.624658,-0.6855997953478625,RESIDENTIAL,URBAN AND CENTER CITY,0.919805774655243,0.423915375659749,0,1,0,0,0,0,0,0,5884.95703125,1.2291341140842456,1.101180619877904
9_1_1123,9,1,1123,41.399167,-73.443056,7.156303,-0.4641054769124528,RESIDENTIAL,SUBURBAN,0.914066941834318,0.428304203360181,0,1,0,0,0,0,1,0,4180.66259765625,1.0824455995625257,-0.2107871562930227
9_3_25,9,3,25,41.771444,-72.679923,7.332967,-0.6835677373805652,COMMERCIAL,URBAN AND CENTER CITY,0.92536213090479,0.440520253330466,1,0,0,0,0,0,0,0,1651.58898925781,0.6840941555796084,-0.5622070963388078
9_3_1003,9,3,1003,41.784722,-72.631667,7.118508,-0.6693433316094839,RESIDENTIAL,SUBURBAN,0.926132167804679,0.441050132711292,0,1,0,0,0,0,1,0,792.099792480469,0.3690788159209752,-0.5622070963388078
9_5_5,9,5,5,41.821342,-73.297257,4.778313,0.32636507236621143,FOREST,RURAL,0.914193719573653,0.439026444923512,0,0,0,0,1,0,0,1,0.645258843898773,-2.2818543980207906,-0.4216391203204943
9_9_27,9,9,27,41.3014,-72.902871,7.263889,-0.6925087924366735,COMMERCIAL,URBAN AND CENTER CITY,0.92421972470564,0.428313109184957,1,0,0,0,0,0,0,0,1082.36535644531,0.5029024125552034,1.101180619877904
9_9_2123,9,9,2123,41.550556,-73.043611,7.712465,-0.5372595637351569,MOBILE,URBAN AND CENTER CITY,0.920256133593853,0.433650918509148,0,0,0,0,0,1,0,0,479.078796386719,0.15367670344547843,-0.16393116428692317
9_11_124,9,11,124,41.35362,-72.07882,6.538356,-0.6002533607213744,COMMERCIAL,SUBURBAN,0.938498210838256,0.433245008886021,1,0,0,0,0,0,1,0,1711.00158691406,0.6992496019549029,1.4643145579252246
10_1_2,10,1,2,38.986681,-75.556818,6.517201,-0.699824201118944,AGRICULTURAL,RURAL,0.889168056434536,0.361589498387072,0,0,0,0,0,0,0,1,83.5496063232422,-0.5914841464265741,0.1172047877497052
10_1_3,10,1,3,39.15564,-75.51821,7.459643,-0.699824201118944,RESIDENTIAL,SUBURBAN,0.888989246821111,0.36581326878329,0,1,0,0,0,0,1,0,571.258666992188,0.22904224352036748,0.37491274378329004
10_3_1007,10,3,1007,39.551279,-75.732015,7.650789,-0.6591830417729971,AGRICULTURAL,RURAL,0.882991959222595,0.374486797757396,0,0,0,0,0,0,0,1,15.6603021621704,-1.288457376036136,0.23434476776497648
10_3_1008,10,3,1008,39.577647,-75.603659,6.822118,-0.699824201118944,AGRICULTURAL,RURAL,0.885202310418821,0.375632035306208,0,0,0,0,0,0,0,1,29.2893085479736,-1.031962614055021,-0.03507718627013011
10_5_1002,10,5,1002,38.65392,-75.610605,7.092351,-0.699824201118944,RESIDENTIAL,SUBURBAN,0.889922601069081,0.353359099860302,0,1,0,0,0,0,1,0,238.632568359375,-0.14447291035615759,0.3514847477802334
12_1_3012,12,1,3012,29.566112,-82.26608,7.01392,-0.637236815726186,AGRICULTURAL,RURAL,0.797939973122236,0.109979152759337,0,0,0,0,0,0,0,1,2.3728461265564,-1.9738289825330295,-1.604752918474642
12_9_7,12,9,7,28.053611,-80.628611,7.455618,-0.6896639112824572,RESIDENTIAL,URBAN AND CENTER CITY,0.838347850970935,0.0789757052000729,0,1,0,0,0,0,0,0,1853.50085449219,0.7335562777250879,0.5154807198016043
12_11_33,12,11,33,26.073536,-80.33845,6.38244,-0.6957600851843493,RESIDENTIAL,SUBURBAN,0.85242647818277,0.032692097369089,0,1,0,0,0,0,1,0,501.966766357422,0.17366102416092288,-0.32792713630828024
12_11_34,12,11,34,26.053889,-80.256944,6.826816,-0.6943376446072411,RESIDENTIAL,SUBURBAN,0.854289403533972,0.0325217517514235,0,1,0,0,0,0,1,0,423.537445068359,0.10092020765196313,-0.058505182273187364
12_11_35,12,11,35,26.132677,-80.169817,9.438162,-0.693728027217052,RESIDENTIAL,URBAN AND CENTER CITY,0.855881831052184,0.0347180527894092,0,1,0,0,0,0,0,0,1656.50610351562,0.6853689713248556,0.2929147577725978
12_11_2003,12,11,2003,26.291088,-80.096353,7.003889,-0.6795036214459705,RESIDENTIAL,SUBURBAN,0.856851405836853,0.0387624917126834,0,1,0,0,0,0,1,0,2515.12475585938,0.8644731632485279,0.7263326838290752
12_11_5005,12,11,5005,26.294167,-80.176389,8.368333,-0.699824201118944,RESIDENTIAL,SUBURBAN,0.855091435358382,0.0385413982165,0,1,0,0,0,0,1,0,2119.84985351562,0.7911405668271815,0.2929147577725978
12_31_98,12,31,98,30.135797,-81.633981,8.300548,-0.6916959692497546,COMMERCIAL,SUBURBAN,0.809168157615557,0.125702246322925,1,0,0,0,0,0,1,0,647.3115234375,0.28258405128840136,-0.8784850423800146
12_31_108,12,31,108,30.262778,-81.606833,8.828219,-0.6880585854882924,MOBILE,SUBURBAN,0.809268320888202,0.128853522433561,0,0,0,0,0,1,1,0,401.199035644531,0.07772660899664222,-0.6324910843479652
12_33_4,12,33,4,30.525367,-87.20355,9.450411,-0.6347983461654292,INDUSTRIAL,SUBURBAN,0.691324209151236,0.120850482189796,0,0,1,0,0,0,1,0,1101.03820800781,0.5102351618456352,-0.046791184271651874
12_57_3002,12,57,3002,27.96565,-82.2304,7.407184,-0.6591830417729971,RESIDENTIAL,RURAL,0.804314892052007,0.0715551499325698,0,1,0,0,0,0,0,1,349.482025146484,0.018667818558407833,-0.7730590603662794
12_71_5,12,71,5,26.602016,-81.877908,7.385283,-0.699824201118944,RESIDENTIAL,SUBURBAN,0.816780480185045,0.039990641508076,0,1,0,0,0,0,1,0,1677.68676757812,0.6908174032241398,-0.491923108329651
12_86_1016,12,86,1016,25.794222,-80.215556,7.856303,-0.6916959692497546,COMMERCIAL,URBAN AND CENTER CITY,0.85623201214633,0.0264920075245974,1,0,0,0,0,0,0,0,2653.53369140625,0.8874504798576859,0.36319874578175454
12_99_8,12,99,8,26.724786,-80.666447,6.624384,-0.6591830417729971,INDUSTRIAL,RURAL,0.842712915431858,0.0470480423651359,0,0,1,0,0,0,0,1,15.2175273895264,-1.300015391110848,-0.8550570463769579
12_99_22,12,99,22,26.687606,-80.219619,5.994186,-0.6901109640352627,RESIDENTIAL,SUBURBAN,0.852574985616259,0.0477652833146475,0,1,0,0,0,0,1,0,1382.86462402344,0.6079467080224608,0.1289187857512407
12_99_2005,12,99,2005,26.456944,-80.092778,7.299167,-0.699824201118944,COMMERCIAL,URBAN AND CENTER CITY,0.856261556287284,0.042728560368432,1,0,0,0,0,0,0,0,1549.17639160156,0.6566434436941815,0.7263326838290752
12_103_4,12,103,4,27.946688,-82.731767,6.973961,-0.6754395055113759,COMMERCIAL,SUBURBAN,0.79360097020155,0.0695555711690807,1,0,0,0,0,0,1,0,1893.29516601562,0.742666369840202,-0.2810711443021801
12_103_18,12,103,18,27.785866,-82.739875,7.602778,-0.6896639112824572,RESIDENTIAL,SUBURBAN,0.793969521245144,0.0656650774372363,0,1,0,0,0,0,1,0,1750.89184570312,0.7091328296458805,-0.2107871562930227
12_105_6006,12,105,6006,28.028889,-81.972222,7.872807,-0.699824201118944,RESIDENTIAL,SUBURBAN,0.809635928410145,0.0738911839715187,0,1,0,0,0,0,1,0,1380.44067382812,0.6071944653127747,-1.1947629884212214
12_115_13,12,115,13,27.290556,-82.507222,7.859697,-0.6835677373805652,RESIDENTIAL,URBAN AND CENTER CITY,0.800682402165771,0.0544835382077795,0,1,0,0,0,0,0,0,787.810363769531,0.36675181811297175,0.03520680173902667
12_117_1002,12,117,1002,28.746111,-81.310556,7.476487,-0.6632471577075919,RESIDENTIAL,SUBURBAN,0.821146600707074,0.0932790279050091,0,1,0,0,0,0,1,0,725.887084960938,0.3316717444756269,-0.9370550323876502
12_127_5002,12,127,5002,29.206667,-81.0525,8.368286,-0.699824201118944,COMMERCIAL,SUBURBAN,0.824875555614433,0.105215082101892,1,0,0,0,0,0,1,0,176.498046875,-0.2732627317834067,0.4920527237985476
13_21_12,13,21,12,32.805264,-83.543493,8.798898,-0.5900930708848877,INDUSTRIAL,RURAL,0.76062428814494,0.184797498845074,0,0,1,0,0,0,0,1,1.80089914798737,-2.053560755846163,-1.3001889704349572
13_51_1002,13,51,1002,32.090779,-81.130222,9.688889,-0.6754395055113759,INDUSTRIAL,URBAN AND CENTER CITY,0.812250361882122,0.174570626539352,0,0,1,0,0,0,0,0,157.828323364258,-0.3209498322793832,-0.5036371063311728
13_59_2,13,59,2,33.918137,-83.344385,9.077966,-0.2629317381500164,RESIDENTIAL,SUBURBAN,0.761036737302606,0.212419326957901,0,1,0,0,0,0,1,0,1353.65234375,0.5987920154252248,-1.3236169664380137
13_89_2,13,89,2,33.6878,-84.2905,10.050992,-0.07395034719136401,RESIDENTIAL,SUBURBAN,0.742791279153977,0.204361274951,0,1,0,0,0,0,1,0,659.710266113281,0.2907127500356246,-1.6750369064837989
13_95_7,13,95,7,31.5776,-84.0998,10.744225,-0.5636763173100223,RESIDENTIAL,SUBURBAN,0.753086431016575,0.15348785031544,0,1,0,0,0,0,1,0,582.968505859375,0.23773384622034247,-1.253332978428857
13_127_6,13,127,6,31.169805,-81.495035,9.349405,-0.6896639112824572,RESIDENTIAL,SUBURBAN,0.808232612448363,0.151122425315669,0,1,0,0,0,0,1,0,1615.509765625,0.6746225403549044,0.187488775758862
13_135_2,13,135,2,33.9632,-84.0691,8.571839,-0.11052739060271609,COMMERCIAL,SUBURBAN,0.746391592254768,0.211630966476505,1,0,0,0,0,0,1,0,888.882629394531,0.41848433496887255,-1.4876129384593708
13_139_3,13,139,3,34.2993,-83.8134,8.798352,0.0845501742578283,RESIDENTIAL,SUBURBAN,0.750452049700459,0.220477500691414,0,1,0,0,0,0,1,0,1226.76696777344,0.5565920656197005,-1.3236169664380137
13_153_1,13,153,1,32.6056,-83.5978,9.279778,-0.5169389840621835,COMMERCIAL,SUBURBAN,0.760159344449492,0.179796181523861,1,0,0,0,0,0,1,0,600.54150390625,0.250455679999522,-1.253332978428857
13_185_3,13,185,3,30.8486,-83.2933,9.862178,-0.5575801434081303,COMMERCIAL,SUBURBAN,0.772090599448977,0.137976104947838,1,0,0,0,0,0,1,0,2019.55126953125,0.7703527105298905,-1.511040934462428
13_215_8,13,215,8,32.521272,-84.944635,9.143956,-0.49458634642191285,RESIDENTIAL,SUBURBAN,0.732966646747185,0.174338996853395,0,1,0,0,0,0,1,0,169.551513671875,-0.290392913560493,-1.6516089104807423
13_245_91,13,245,91,33.4339,-82.0224,9.487397,-0.6063495346232664,RESIDENTIAL,SUBURBAN,0.789203260069479,0.204378911382943,0,1,0,0,0,0,1,0,770.158386230469,0.35704060970144913,-1.2181909844242786
13_295_4,13,295,4,34.9784,-85.2943,11.175862,-0.29341260765947647,RESIDENTIAL,SUBURBAN,0.719043525852318,0.233500107940068,0,1,0,0,0,0,1,0,1482.78076171875,0.6378599373197837,-1.6750369064837989
13_303_1,13,303,1,32.967359,-82.806871,11.322376,-0.4254963755338034,RESIDENTIAL,SUBURBAN,0.775017627531495,0.190765729769843,0,1,0,0,0,0,1,0,183.282653808594,-0.25716712009524456,-1.1010510044090074
17_19_1001,17,19,1001,40.05278,-88.37251,7.792222,-0.2669958540846111,AGRICULTURAL,RURAL,0.648016845423337,0.352215206425648,0,0,0,0,0,0,0,1,0.945071995258331,-2.210024372973317,1.1714646078870605
17_31_119,17,31,119,41.57862,-87.557406,9.910137,-0.6977921431516466,MOBILE,URBAN AND CENTER CITY,0.659786162792186,0.390923683278601,0,0,0,0,0,1,0,0,121.471092224121,-0.4324910060165252,0.8551866618458545
17_31_4007,17,31,4007,42.060285,-87.863225,8.703116,-0.30966907139785516,RESIDENTIAL,SUBURBAN,0.653227893236919,0.402246538421464,0,1,0,0,0,0,1,0,3624.08032226562,1.0211577720328127,1.0191826338672254
17_31_4201,17,31,4201,42.139996,-87.799227,8.141808,-0.2974767235940711,RESIDENTIAL,SUBURBAN,0.654211439101551,0.404299180245586,0,1,0,0,0,0,1,0,830.314331054688,0.3892712777025372,1.0426106298702826
17_43_4002,17,43,4002,41.771071,-88.152534,9.266849,-0.2852843757902871,COMMERCIAL,URBAN AND CENTER CITY,0.648603849094906,0.394716281854247,1,0,0,0,0,0,0,0,870.935668945312,0.4097421079173843,0.9957546378641681
17_65_2,17,65,2,38.082155,-88.624943,8.203571,-0.39704756399164065,AGRICULTURAL,RURAL,0.64710271705538,0.303422433263863,0,0,0,0,0,0,0,1,20.6903495788574,-1.1752471336622372,-0.4684951123265938
17_83_117,17,83,117,39.101439,-90.344494,7.99697,-0.3076370134305578,AGRICULTURAL,RURAL,0.612831148033446,0.326251174019889,0,0,0,0,0,0,0,1,284.455444335938,-0.06939129180140141,0.2694867617695549
17_111_1,17,111,1,42.221442,-88.242207,9.044571,-0.22229057880406963,RESIDENTIAL,SUBURBAN,0.646078333883088,0.405624868646489,0,1,0,0,0,0,1,0,1103.62390136719,0.5112407465314602,1.054324627871803
17_113_2003,17,113,2003,40.518735,-88.996896,8.740548,-0.2202585208367723,RESIDENTIAL,SUBURBAN,0.635595236935412,0.362770578912891,0,1,0,0,0,0,1,0,2061.97021484375,0.7792676400277397,1.452600559923689
17_115_13,17,115,13,39.866834,-88.925594,8.674795,-0.2852843757902871,INDUSTRIAL,SUBURBAN,0.638103433156226,0.346851324495677,0,0,1,0,0,0,1,0,39.2558631896973,-0.9099036158390512,1.0308966318687471
17_143_37,17,143,37,40.697007,-89.584737,9.375649,-0.3848552161878566,COMMERCIAL,URBAN AND CENTER CITY,0.624465848249143,0.366385579237684,1,0,0,0,0,0,0,0,1239.1962890625,0.5609141144217107,1.101180619877904
17_157_1,17,157,1,38.176278,-89.788459,7.789807,-0.42346431756650604,INDUSTRIAL,RURAL,0.62477715420432,0.304149682450931,0,0,1,0,0,0,0,1,3.69097280502319,-1.83227983104332,-0.23421515229607995
17_161_3002,17,161,3002,41.514727,-90.51735,8.833983,-0.35234228871109924,COMMERCIAL,URBAN AND CENTER CITY,0.606151901717916,0.385410555389877,1,0,0,0,0,0,0,0,288.112731933594,-0.0639286756991836,1.0777526238748603
17_163_10,17,163,10,38.612034,-90.160477,10.218028,-0.4458169552067768,INDUSTRIAL,SUBURBAN,0.61703288906525,0.314420486600372,0,0,1,0,0,0,1,0,394.251281738281,0.07024958024558857,-0.08193317827623026
17_167_12,17,167,12,39.831921,-89.644164,8.740401,-0.3340537670054232,RESIDENTIAL,SUBURBAN,0.624797490354076,0.34504708349187,0,1,0,0,0,0,1,0,1265.01745605469,0.5697561120887559,0.7966166718382319
17_197_1002,17,197,1002,41.526885,-88.116474,9.107324,-0.36047052058028856,RESIDENTIAL,SUBURBAN,0.649754037337611,0.388781839774599,0,1,0,0,0,0,1,0,1900.38793945312,0.7442699988938413,0.86690065984739
17_197_1011,17,197,1011,41.221537,-88.190967,8.301096,-0.33202170903812583,AGRICULTURAL,RURAL,0.649018813944,0.38117888761705,0,0,0,0,0,0,0,1,13.662917137146,-1.3432550789562976,0.9488986458580685
17_201_118,17,201,118,42.267,-89.08917,8.248045,-0.23245086864055634,RESIDENTIAL,URBAN AND CENTER CITY,0.630768482770642,0.405564668530871,0,1,0,0,0,0,0,0,1191.31799316406,0.5440207306734323,0.9488986458580685
18_5_8,18,5,8,39.237457,-85.891332,6.643182,-0.36571119807794844,COMMERCIAL,SUBURBAN,0.696087057351283,0.336535425103585,1,0,0,0,0,0,1,0,1159.34484863281,0.5323572099155922,0.21091677176191923
18_19_10,18,19,10,38.288191,-85.741337,10.276045,-0.48280041021158826,INDUSTRIAL,SUBURBAN,0.70141269310171,0.313575476209912,0,0,1,0,0,0,1,0,358.154998779297,0.029156735705204245,-0.2576431482991228
18_39_8,18,39,8,41.657155,-85.968446,8.539067,-0.30045978469006357,RESIDENTIAL,SUBURBAN,0.688365105553225,0.395652135080573,0,1,0,0,0,0,1,0,1429.23449707031,0.6220887817315222,0.9137566518534895
18_57_7,18,57,7,39.960884,-85.939546000000007,7.146647,-0.2690279120519084,COMMERCIAL,SUBURBAN,0.693301585251638,0.354167727408169,1,0,0,0,0,0,1,0,1195.87353515625,0.5456570455702713,0.7029046878260186
18_67_4,18,67,4,40.481347,-86.109688,7.285552,-0.258664416418692,COMMERCIAL,URBAN AND CENTER CITY,0.688818989278743,0.366589164066467,1,0,0,0,0,0,0,0,747.841918945312,0.34444003802088696,0.8903286558504323
18_89_22,18,89,22,41.606662,-87.304943,7.667647,-0.4515819036599993,INDUSTRIAL,URBAN AND CENTER CITY,0.664299321938647,0.392024671790493,0,0,1,0,0,0,0,0,0,-2.49549678170811,0.8551866618458545
18_89_34,18,89,34,41.653501,-87.435561,9.131768,-0.40001030450796016,COMMERCIAL,URBAN AND CENTER CITY,0.661829044874594,0.392957194378811,1,0,0,0,0,0,0,0,44.8621635437012,-0.8539569501000921,0.8434726638443327
18_89_36,18,89,36,41.594427,-87.495044,8.742105,-0.3224303954324824,INDUSTRIAL,SUBURBAN,0.660881886761937,0.391412219194016,0,0,1,0,0,0,1,0,110.537261962891,-0.4726178105730924,0.8434726638443327
18_95_11,18,95,11,40.125703,-85.652184,8.777966,-0.21916120953443174,RESIDENTIAL,SUBURBAN,0.698179969927993,0.358778149653518,0,1,0,0,0,0,1,0,593.082702636719,0.24510194043718134,0.8200446678412755
18_97_81,18,97,81,39.788903,-86.214628,12.041972,-0.24870733237893503,RESIDENTIAL,SUBURBAN,0.688643200936416,0.349418473373477,0,1,0,0,0,0,1,0,1943.31079101562,0.7538487439007779,0.527194717803126
18_97_87,18,97,87,39.787933,-86.13088,12.167769,-0.3043857206828821,RESIDENTIAL,URBAN AND CENTER CITY,0.690200405240914,0.349556046547595,0,1,0,0,0,0,0,0,764.576232910156,0.35392328482252505,0.5389087158046472
18_105_3,18,105,3,39.159383,-86.504762,6.936686,-0.18246224264504185,RESIDENTIAL,SUBURBAN,0.68480352697571,0.333432907793429,0,1,0,0,0,0,1,0,1311.58862304688,0.5852570014022177,0.222630769763441
18_127_24,18,127,24,41.6175,-87.199167,8.47094,-0.3279575931035312,RESIDENTIAL,SUBURBAN,0.666190887049621,0.392467145293686,0,1,0,0,0,0,1,0,510.360900878906,0.180763092343971,0.8786146578489105
18_141_15,18,141,15,41.69666,-86.214722,10.38,-0.33202170903812583,COMMERCIAL,URBAN AND CENTER CITY,0.683812228832873,0.396153177214158,1,0,0,0,0,0,0,0,1447.28063964844,0.6274689867642537,0.960612643859589
18_157_8,18,157,8,40.431667,-86.8525,7.132,-0.3035728974959631,INDUSTRIAL,SUBURBAN,0.675274937580797,0.363998018813994,0,0,1,0,0,0,1,0,505.333465576172,0.17652363839006618,0.738046681830597
18_163_21,18,163,21,38.013333,-87.577222,9.777871,-0.4641054769124528,COMMERCIAL,SUBURBAN,0.667202141957271,0.303394716073692,1,0,0,0,0,0,1,0,984.002746582031,0.46206039438057406,-0.19907315829150155
18_167_18,18,167,18,39.485987,-87.401312,8.430769,-0.41533608569731667,RESIDENTIAL,URBAN AND CENTER CITY,0.667273066914432,0.339845069524286,0,1,0,0,0,0,0,0,1728.1005859375,0.7035139629656445,0.3514847477802334
18_183_3,18,183,3,41.169646,-85.629292,9.172145,-0.16945707165433888,AGRICULTURAL,RURAL,0.695802322295268,0.384384094058252,0,0,0,0,0,0,0,1,37.1454658508301,-0.9330095217771536,0.9020426538519678
20_173_10,20,173,10,37.702066,-97.314847,9.24759,0.10487075393080167,RESIDENTIAL,URBAN AND CENTER CITY,0.481079960098318,0.288763829085216,0,1,0,0,0,0,0,0,1478.70715332031,0.6366802859940857,2.0734424540045806
21_13_2,21,13,2,36.60843,-83.73694,9.617808,0.003267855565934807,RESIDENTIAL,SUBURBAN,0.744661399550382,0.277038292023024,0,1,0,0,0,0,1,0,205.293334960938,-0.2087537191002777,-1.792176886499056
21_19_17,21,19,17,38.45934,-82.64041,7.844321,-0.29341260765947647,RESIDENTIAL,SUBURBAN,0.759446180897729,0.325075095414386,0,1,0,0,0,0,1,0,2161.62768554688,0.7995108557044939,-1.3821869564456357
21_37_3002,21,37,3002,39.021881,-84.47445,7.768466,-0.18977765132731225,AGRICULTURAL,RURAL,0.723204569212453,0.334287625379221,0,0,0,0,0,0,0,1,56.1076354980469,-0.7598588816396036,-0.2459291502976017
21_43_500,21,43,500,38.23887,-82.9881,6.790556,-0.27105997001920573,RESIDENTIAL,RURAL,0.753642251078818,0.318777546760316,0,1,0,0,0,0,0,1,4.20089197158813,-1.7880020786237998,-1.370472958444114
21_47_6,21,47,6,36.91171,-87.323337,9.259178,-0.2629317381500164,AGRICULTURAL,RURAL,0.67451324214431,0.276794986218524,0,0,0,0,0,0,0,1,21.1330814361572,-1.1665769870273082,-0.29278514230370123
21_59_5,21,59,5,37.780776,-87.075307,8.635616,-0.44175283927218206,COMMERCIAL,SUBURBAN,0.677298579390461,0.298562886496323,1,0,0,0,0,0,1,0,386.375549316406,0.06161327169312797,-0.15221716628538767
21_67_12,21,67,12,38.06503,-84.49761,7.915068,-0.08614269499514804,RESIDENTIAL,SUBURBAN,0.725618571245782,0.31082230077357,0,1,0,0,0,0,1,0,1393.39916992188,0.6112007390640153,-0.7144890703586437
21_93_6,21,93,6,37.705612,-85.852629,7.96105,-0.19180970929460958,RESIDENTIAL,SUBURBAN,0.70083476562565,0.299070684623343,0,1,0,0,0,0,1,0,1132.47827148438,0.52230527785376335,-0.36306913031285865
21_111_51,21,111,51,38.06091,-85.89804,9.830447,-0.4722337087816421,RESIDENTIAL,SUBURBAN,0.699038488839994,0.307685725311302,0,1,0,0,0,0,1,0,1827.41906738281,0.7274787129000946,-0.3044991403052367
21_111_67,21,111,67,38.22876,-85.65452,8.475616,-0.44175283927218206,RESIDENTIAL,SUBURBAN,0.703216286224585,0.312298216093703,0,1,0,0,0,0,1,0,82.908576965332,-0.5947497628611523,-0.29278514230370123
21_111_75,21,111,75,38.193600000000004,-85.7119,9.704932,-0.44175283927218206,RESIDENTIAL,URBAN AND CENTER CITY,0.702222205231931,0.311318094911345,0,1,0,0,0,0,0,0,1465.5244140625,0.6328403945052659,-0.29278514230370123
21_111_80,21,111,80,38.182435,-85.574361,9.179726,-0.2582580048252325,RESIDENTIAL,SUBURBAN,0.704860708840826,0.311329943307817,0,1,0,0,0,0,1,0,1218.54614257812,0.5537093302272486,-0.2576431482991228
21_111_1041,21,111,1041,38.23158,-85.82678,9.106479,-0.4214322595992087,INDUSTRIAL,SUBURBAN,0.699943213155757,0.312013407227871,0,0,1,0,0,0,1,0,4.95662260055542,-1.7297860870487738,-0.23421515229607995
21_145_1024,21,145,1024,37.05822,-88.57251,9.177538,-0.4803619406508315,COMMERCIAL,SUBURBAN,0.650071804800009,0.278342107590979,1,0,0,0,0,0,1,0,10.6922760009766,-1.4403978910312236,-0.31621313830675846
21_193_3,21,193,3,37.28329,-83.20932,8.885014,-0.13084797027568945,RESIDENTIAL,SUBURBAN,0.752623586869322,0.294867879525781,0,1,0,0,0,0,1,0,757.693176269531,0.3500480338736151,-1.7804628884975346
21_195_2,21,195,2,37.4826,-82.53532,6.921918,-0.2791882018883951,COMMERCIAL,URBAN AND CENTER CITY,0.764823503398869,0.301523016794913,1,0,0,0,0,0,0,0,375.379302978516,0.049256706670320505,-2.073312838535684
21_199_3,21,199,3,37.09798,-84.61152,7.762674,-0.0780144631259587,COMMERCIAL,SUBURBAN,0.726306686518012,0.286898221802867,1,0,0,0,0,0,1,0,772.457885742188,0.3583181961796236,-1.4056149524486923
21_227_9,21,227,9,37.04926,-86.21487,7.4325,-0.3056049554632605,RESIDENTIAL,SUBURBAN,0.695578932294302,0.282252909348401,0,1,0,0,0,0,1,0,16.3404121398926,-1.2712891150224794,-0.5270651023342294
22_19_8,22,19,8,30.262347,-93.284906,9.947985,-0.699824201118944,INDUSTRIAL,RURAL,0.56368807702465,0.106677907160427,0,0,1,0,0,0,0,1,38.5222854614258,-0.9177949728951394,-0.5622070963388078
22_51_1001,22,51,1001,30.041238,-90.272826,8.834659,-0.693728027217052,RESIDENTIAL,SUBURBAN,0.627587217618119,0.104115671909743,0,1,0,0,0,0,1,0,2247.57006835938,0.8162326582712418,-1.2064769864227431
23_5_29,23,5,29,43.660246,-70.268965,4.595362,-0.693728027217052,COMMERCIAL,URBAN AND CENTER CITY,0.955256393535107,0.49641494205217,1,0,0,0,0,0,0,0,590.940368652344,0.24355179737117708,1.4291725639206454
23_9_103,23,9,103,44.37705,-68.2609,3.700351,-0.37774301330231597,AGRICULTURAL,RURAL,0.984269479790792,0.523095403385368,0,0,0,0,0,0,0,1,1.49111032485962,-2.1038551083875725,2.413148396048844
24_5_1007,24,5,1007,39.460478,-76.633543,6.841311,-0.4437848972394794,RESIDENTIAL,SUBURBAN,0.866928910718771,0.368800453735566,0,1,0,0,0,0,1,0,4192.13427734375,1.0836211202356432,-0.4099251223189725
24_15_3,24,15,3,39.702982,-75.864771,6.847059,-0.43972078130488473,AGRICULTURAL,RURAL,0.879775774366103,0.377617280106185,0,0,0,0,0,0,0,1,48.1393966674805,-0.8243409618407084,0.21091677176191923
24_19_4,24,19,4,38.587525,-76.141006,6.933143,-0.699824201118944,AGRICULTURAL,RURAL,0.880431183535144,0.349644662307746,0,0,0,0,0,0,0,1,25.3331508636475,-1.0920205399409957,0.46862472779549036
24_23_2,24,23,2,39.70595,-79.012,5.198834,0.8783329780231872,FOREST,RURAL,0.822073473559316,0.366276042619225,0,0,0,0,1,0,0,1,7.10108947753906,-1.5978434347263966,0.3514847477802334
24_25_1001,24,25,1001,39.410191,-76.296946,6.347309,-0.6876318533151599,MILITARY RESERVATION,RURAL,0.873362088867964,0.368875786205541,0,0,0,0,0,0,0,1,174.938766479492,-0.2770488356424751,0.36319874578175454
24_27_6,24,27,6,39.14313,-76.84611,6.943503,-0.6795036214459705,RESIDENTIAL,SUBURBAN,0.864590781886,0.360335093935054,0,1,0,0,0,0,1,0,124.284927368164,-0.4227440192108234,-0.702775072357122
24_29_2,24,29,2,39.305021000000004,-75.797317,6.278431,-0.6632471577075919,AGRICULTURAL,RURAL,0.883077271609135,0.36829585098224,0,0,0,0,0,0,0,1,5.41624402999878,-1.697892226322785,0.37491274378329004
24_31_3001,24,31,3001,39.114313,-77.106876,7.309483,-0.4437848972394794,RESIDENTIAL,RURAL,0.859918499783291,0.35866237725879,0,1,0,0,0,0,0,1,173.927032470703,-0.2795234286722268,-0.8901990403815363
24_43_9,24,43,9,39.564178,-77.720244,5.823053,-0.3279575931035312,AGRICULTURAL,RURAL,0.846464031183034,0.367299746781662,0,0,0,0,0,0,0,1,6063.71435546875,1.2419716361519437,-0.9019130383830718
24_510_5253,24,510,5253,39.33746,-76.58905,6.92303,-0.24464321644434037,RESIDENTIAL,URBAN AND CENTER CITY,0.868360793965095,0.366000624125078,0,1,0,0,0,0,0,0,3369.40185546875,0.9899010216472596,-0.011649190267073483
25_3_8,25,3,8,42.452299,-73.239648,6.820245,-0.09020681092974271,COMMERCIAL,URBAN AND CENTER CITY,0.911527574625855,0.454349702793764,1,0,0,0,0,0,0,0,1599.10168457031,0.6702448985219962,-0.5973490903433868
25_3_6001,25,3,6001,42.702223,-73.110414,5.782621,-0.2588676222154217,COMMERCIAL,RURAL,0.912318311264451,0.460868402311316,1,0,0,0,0,0,0,1,1494.25769042969,0.6411661363449502,-0.6324910843479652
25_5_1004,25,5,1004,41.685707,-71.169235,6.25376,-0.5799327810484011,COMMERCIAL,SUBURBAN,0.952451076459695,0.445354336091725,1,0,0,0,0,0,1,0,4645.9892578125,1.127719034978939,1.9328744779862659
25_9_2006,25,9,2006,42.474642,-70.970816,5.628464,-0.5941571868194824,COMMERCIAL,URBAN AND CENTER CITY,0.950881491137615,0.46502572770498,1,0,0,0,0,0,0,0,1258.56860351562,0.5675648289939733,1.4643145579252246
25_9_5005,25,9,5005,42.770837,-71.10229,6.662696,-0.699824201118944,RESIDENTIAL,SUBURBAN,0.946714512712057,0.471444287066815,0,1,0,0,0,0,1,0,1786.5888671875,0.7177881754872053,0.21091677176191923
25_11_2005,25,11,2005,42.605816,-72.596689,7.239726,-0.15726472385055484,RESIDENTIAL,SUBURBAN,0.921824928227381,0.460789125616843,0,1,0,0,0,0,1,0,1459.03930664062,0.6309387156816143,-1.0307670163998506
25_13_8,25,13,8,42.19438,-72.555112,6.195184,-0.5392916217024543,COMMERCIAL,SUBURBAN,0.925018470786882,0.451161256848195,1,0,0,0,0,0,1,0,572.528137207031,0.2299930587881658,-0.8316290503739144
25_13_18,25,13,18,42.120229,-72.584503,7.517736,-0.5758686651138063,COMMERCIAL,URBAN AND CENTER CITY,0.924949090938213,0.449263187977886,1,0,0,0,0,0,0,0,2372.58935546875,0.8394501504737835,-0.8316290503739144
25_15_4002,25,15,4002,42.298493,-72.334079,6.519663,-0.06582211532217466,FOREST,RURAL,0.928253182036453,0.454620945052976,0,0,0,0,1,0,0,1,0,-2.49549678170811,-0.7144890703586437
25_17_10,25,17,10,42.612085,-71.306986,6.200548,-0.6205739403943478,RESIDENTIAL,SUBURBAN,0.9441785483746,0.46672878475109,0,1,0,0,0,0,1,0,983.292846679688,0.4617510348529416,-0.12878917028234416
25_21_2005,25,21,2005,42.241229,-70.963346,6.118904,-0.6977921431516466,INDUSTRIAL,SUBURBAN,0.952505686802224,0.459519383697762,0,0,1,0,0,0,1,0,288.497894287109,-0.0633574144562643,1.5580265419374248
25_23_5,25,23,5,42.065106,-71.012129,8.67192,1.8402482580027277,RESIDENTIAL,SUBURBAN,0.952782386058512,0.455107692508955,0,1,0,0,0,0,1,0,3528.96850585938,1.009749372400376,0.7497606798321187
25_25_2,25,25,2,42.348873,-71.097163,6.773425,-0.6876318533151599,COMMERCIAL,URBAN AND CENTER CITY,0.949490212554819,0.461449439469569,1,0,0,0,0,0,0,0,13407.2646484375,1.5824038296506593,1.4877425539282667
25_25_42,25,25,42,42.3295,-71.0826,6.536164,-0.6876318533151599,COMMERCIAL,URBAN AND CENTER CITY,0.949866880518668,0.46105728151782,1,0,0,0,0,0,0,0,5873.2353515625,1.2282787464037517,1.4994565519298022
25_25_44,25,25,44,42.325186,-71.056061,7.24876,-0.6693433316094839,COMMERCIAL,URBAN AND CENTER CITY,0.950355913293233,0.461078761206314,1,0,0,0,0,0,0,0,8575.703125,1.3906776034511132,1.4994565519298022
25_25_1004,25,25,1004,42.387222,-71.026111,6.961538,-0.6957600851843493,RESIDENTIAL,URBAN AND CENTER CITY,0.950480467984552,0.462691798224377,0,1,0,0,0,0,0,0,2079.62939453125,0.7829250415502104,1.5463125439359031
25_27_23,25,27,23,42.263955,-71.794322,8.570231,-0.40517579586083,COMMERCIAL,URBAN AND CENTER CITY,0.93788350052195,0.456222142656106,1,0,0,0,0,0,0,0,243.219833374023,-0.13633653057334677,-0.5036371063311728
27_3_1002,27,3,1002,45.13768,-93.207615,5.905797,-0.13084797027568945,COMMERCIAL,SUBURBAN,0.554579173688598,0.472176086315632,1,0,0,0,0,0,1,0,694.755676269531,0.3128894121586725,-0.03507718627013011
27_5_2013,27,5,2013,46.851811,-95.846272,5.239349,-0.699824201118944,FOREST,RURAL,0.508920032960138,0.513306893095172,0,0,0,0,1,0,0,1,32.2432823181152,-0.9920324966020467,1.4643145579252246
27_7_2304,27,7,2304,47.878159,-95.029172,4.651156,0.05000518881377357,RESIDENTIAL,RURAL,0.522425433661161,0.538332387482899,0,1,0,0,0,0,0,1,322.070251464844,-0.016277020214182498,0.5154807198016043
27_17_7417,27,17,7417,46.713694,-92.511722,1.348406,0.18005689872080316,COMMERCIAL,RURAL,0.565186336773969,0.511021672282933,1,0,0,0,0,0,0,1,172.107696533203,-0.28400955543714457,-0.2459291502976017
27_21_3410,27,21,3410,47.38443,-94.60166,5.858908,0.12925544953836973,RESIDENTIAL,SUBURBAN,0.529688653115365,0.526432878407347,0,1,0,0,0,0,1,0,430.937683105469,0.10833534178553444,0.10549078974818345
27_31_7810,27,31,7810,47.972085,-89.69098,1.187879,-0.4458169552067768,FOREST,RURAL,0.610695271126039,0.543994068909225,0,0,0,0,1,0,0,1,61.9104652404785,-0.7183339327803939,1.6751665219526948
27_35_3204,27,35,3204,46.39674,-94.1303,5.623754,0.07438988442134162,FOREST,RURAL,0.538034243706467,0.502529409962618,0,0,0,0,1,0,0,1,17.1937084197998,-1.2506773563341933,-0.1756451622884443
27_37_470,27,37,470,44.73846,-93.23725,5.961538,-0.0780144631259587,RESIDENTIAL,SUBURBAN,0.554351281600491,0.462394515476142,0,1,0,0,0,0,1,0,1896.11157226562,0.7433038582180033,0.36319874578175454
27_37_480,27,37,480,44.706123,-93.285803,6.278674,-0.06582211532217466,COMMERCIAL,SUBURBAN,0.553530211708691,0.461578695209993,1,0,0,0,0,0,1,0,516.95068359375,0.18625732995539057,0.44519673179244745
27_53_962,27,53,962,44.965242,-93.254759,7.631161,-0.17352118758893353,RESIDENTIAL,URBAN AND CENTER CITY,0.553886692753915,0.467934882846136,0,1,0,0,0,0,0,0,5250.33349609375,1.180180518108705,0.07034879574360506
27_53_963,27,53,963,44.95366,-93.25821,7.876235,-0.15726472385055484,RESIDENTIAL,URBAN AND CENTER CITY,0.55383510468917,0.467649823948788,0,1,0,0,0,0,0,0,6211.69384765625,1.2523157463550554,0.10549078974818345
27_75_5,27,75,5,47.948622,-91.495574,4.211765,0.3731024056140502,FOREST,RURAL,0.580897395074733,0.541726978996648,0,0,0,0,1,0,0,1,0.0163305345922709,-2.488546131374902,-0.5504930983372867
27_83_4210,27,83,4210,44.4438,-95.81789,6.453371,0.033748725075394864,AGRICULTURAL,RURAL,0.509510730390706,0.454482192324625,0,0,0,0,0,0,0,1,6.79058933258057,-1.6146131068674137,2.0734424540045806
27_109_5008,27,109,5008,43.996908,-92.450366,6.511699,-0.699824201118944,RESIDENTIAL,SUBURBAN,0.568701265655824,0.444689541006716,0,1,0,0,0,0,1,0,2171.74340820312,0.8015132458258364,0.6560486958199184
27_123_871,27,123,871,44.95939,-93.03587,6.625217,-0.09833504279893206,RESIDENTIAL,SUBURBAN,0.557681767536205,0.467905634747774,0,1,0,0,0,0,1,0,1696.81481933594,0.695679075679191,0.04692079974054843
27_137_7001,27,137,7001,47.523355,-92.536305,4.627576,0.22476217400134457,COMMERCIAL,URBAN AND CENTER CITY,0.56405407182878,0.530688675210034,1,0,0,0,0,0,0,0,1793.38647460938,0.7194167636681337,-0.398211124317437
27_137_7550,27,137,7550,46.81826,-92.08936,2.880233,0.013428145402421494,RESIDENTIAL,SUBURBAN,0.572203978887183,0.513843435273561,0,1,0,0,0,0,1,0,3156.9130859375,0.961958500291435,-0.1756451622884443
27_137_7554,27,137,7554,46.743657,-92.165998,3.639189,-0.30093122213847656,RESIDENTIAL,SUBURBAN,0.570987030760744,0.511975574729105,0,1,0,0,0,0,1,0,2101.654296875,0.7874433716531186,-0.398211124317437
27_139_505,27,139,505,44.791437,-93.512534,6.788116,-0.699824201118944,RESIDENTIAL,URBAN AND CENTER CITY,0.549533699182281,0.463559004384377,0,1,0,0,0,0,0,0,4112.63671875,1.075407926206078,0.37491274378329004
27_145_3052,27,145,3052,45.549839,-94.13345,6.88403,-0.699824201118944,RESIDENTIAL,SUBURBAN,0.538386847095786,0.481859562868107,0,1,0,0,0,0,1,0,1327.96508789062,0.5905773923440146,0.17577477775734085
27_171_3201,27,171,3201,45.20916,-93.66921,5.973352,-0.11459150653731076,RESIDENTIAL,SUBURBAN,0.546562416721766,0.473709045003522,0,1,0,0,0,0,1,0,1520.5908203125,0.6486570928960019,0.08206279374512682
28_11_2,28,11,2,33.750838,-90.734175,8.570411,-0.598221302754077,RESIDENTIAL,URBAN AND CENTER CITY,0.612797770184603,0.194274247633471,0,1,0,0,0,0,0,0,424.402587890625,0.10179373587913997,-0.10536117427928751
28_33_2,28,33,2,34.82056,-89.98778,9.033425,-0.46207341894515547,COMMERCIAL,SUBURBAN,0.626207114929183,0.221416165358692,1,0,0,0,0,0,1,0,920.508361816406,0.4334690950124472,0.09377679174666231
28_35_4,28,35,4,31.32389,-89.2922,10.133973,-0.699824201118944,COMMERCIAL,URBAN AND CENTER CITY,0.646106360462174,0.136742971213091,1,0,0,0,0,0,0,0,1030.56665039062,0.4818798026646593,-1.88588887051127
28_45_3,28,45,3,30.300833,-89.395916,8.309749,-0.6896639112824572,COMMERCIAL,RURAL,0.645685248949789,0.111642267244176,1,0,0,0,0,0,0,1,300.403228759766,-0.04606471352766707,-0.3044991403052367
28_47_8,28,47,8,30.390369,-89.049778,8.911781,-0.699824201118944,COMMERCIAL,RURAL,0.652816695631274,0.114343938470632,1,0,0,0,0,0,0,1,684.649658203125,0.3066110847597151,-0.18735916028996605
28_49_20,28,49,20,32.329111,-90.182722,9.923077,-0.48442605658542615,COMMERCIAL,URBAN AND CENTER CITY,0.626068636170959,0.160095818219716,1,0,0,0,0,0,0,0,168.12239074707,-0.2940035788828812,-0.8433430483754362
28_49_21,28,49,21,32.346722,-90.225667,9.511019,-0.48442605658542615,COMMERCIAL,URBAN AND CENTER CITY,0.625159570186979,0.160472867655639,1,0,0,0,0,0,0,0,1658.95520019531,0.6860025162440969,-0.796487056369336
28_59_6,28,59,6,30.378287,-88.53393,8.040166,-0.699824201118944,COMMERCIAL,URBAN AND CENTER CITY,0.663690463265754,0.114874340981645,1,0,0,0,0,0,0,0,313.899475097656,-0.02726870513559378,0.04692079974054843
30_17_5,30,17,5,46.411389,-105.812778,5.093521,0.763257535335139,AGRICULTURAL,RURAL,0.34026488334591,0.511155998984118,0,0,0,0,0,0,0,1,42.7610778808594,-0.8740793587070231,1.183178605888596
30_27_6,30,27,6,47.048537,-109.455315,4.175824,1.8463444319046198,COMMERCIAL,RURAL,0.281166580454736,0.53405959474404,1,0,0,0,0,0,0,1,39.703254699707,-0.9051611560031784,1.6400245279481172
30_29_49,30,29,49,48.363694,-114.189272,8.458127,1.1859255925329852,RESIDENTIAL,SUBURBAN,0.208862703953918,0.578574027596816,0,1,0,0,0,0,1,0,528.241027832031,0.19551017066721182,-0.36306913031285865
30_49_4,30,49,4,46.8505,-111.987164,4.147632,1.7264530118340768,AGRICULTURAL,RURAL,0.238359327859192,0.535866256731348,0,0,0,0,0,0,0,1,0.0590031631290913,-2.4708979506205906,0.5389087158046472
30_49_26,30,49,26,46.658762,-112.013089,8.376712,1.5984333598943445,RESIDENTIAL,SUBURBAN,0.237145789103016,0.531335953084381,0,1,0,0,0,0,1,0,417.191864013672,0.0944581805473002,0.14063278375276245
30_53_18,30,53,18,48.391545,-115.553309,11.959341,0.588500550147568,COMMERCIAL,URBAN AND CENTER CITY,0.186997415602945,0.583661854581269,1,0,0,0,0,0,0,0,690.427185058594,0.31021159139429977,-1.358758960442592
30_63_24,30,63,24,46.842181,-114.021499,6.276944,1.28143231699596,RESIDENTIAL,SUBURBAN,0.204608518149923,0.541764771377788,0,1,0,0,0,0,1,0,1155.25915527344,0.5308436776414825,-1.1713349924181642
30_63_37,30,63,37,47.012907,-114.224273,10.807163,1.1960858823694718,RESIDENTIAL,SUBURBAN,0.202047114910258,0.546491558040371,0,1,0,0,0,0,1,0,100.221435546875,-0.5142601046427578,-1.159620994416643
30_71_10,30,71,10,48.317507,-107.862471,4.168767,0.8953413032094659,AGRICULTURAL,RURAL,0.311509238595229,0.561075686826317,0,0,0,0,0,0,0,1,0,-2.49549678170811,1.5931685359420025
30_75_1,30,75,1,45.440295,-105.370283,5.936813,1.2164064620424453,AGRICULTURAL,RURAL,0.345394815402402,0.486807947566881,0,0,0,0,0,0,0,1,0.389229625463486,-2.354434079274822,1.1597506098855388
30_81_7,30,81,7,46.243621,-114.158889,8.594751,1.511054867300559,RESIDENTIAL,URBAN AND CENTER CITY,0.199565935279253,0.527881316972868,0,1,0,0,0,0,0,0,1018.65100097656,0.4768945390680802,-1.5813249224715848
30_83_2,30,83,2,47.8679,-104.676944,4.8875,0.7490331295640577,AGRICULTURAL,RURAL,0.362660289163362,0.544564725105179,0,0,0,0,0,0,0,1,0.100617453455925,-2.4543594528819157,1.9211604799847455
30_93_5,30,93,5,46.002602,-112.501247,7.758571,2.7180972998751773,RESIDENTIAL,URBAN AND CENTER CITY,0.226256740746332,0.516979572101515,0,1,0,0,0,0,0,0,938.28125,0.4416660247496255,-0.16393116428692317
30_111_87,30,111,87,45.806311,-108.425978,6.70274,0.7490331295640577,RESIDENTIAL,SUBURBAN,0.294341076063938,0.501689349653358,0,1,0,0,0,0,1,0,536.050842285156,0.20179581283784911,0.6911906898244968
31_153_7,31,153,7,41.133294,-95.956103,6.591541,-0.699824201118944,RESIDENTIAL,SUBURBAN,0.507135149756245,0.373140757258703,0,1,0,0,0,0,1,0,1770.70861816406,0.7139592829967155,1.2417485958962173
32_3_24,32,3,24,36.815897,-114.050347,4.423677,-0.6795036214459705,RESIDENTIAL,SUBURBAN,0.157626978592795,0.299967155820494,0,1,0,0,0,0,1,0,201.732666015625,-0.21622455025638906,-0.03507718627013011
32_3_43,32,3,43,36.106389,-115.253333,6.073554,0.7978025207791937,RESIDENTIAL,SUBURBAN,0.131179151949131,0.28740624222856,0,1,0,0,0,0,1,0,4258.8955078125,1.090399068245153,0.5740507098092261
32_3_44,32,3,44,36.004733,-115.268517,4.739779,0.9684953900321701,RESIDENTIAL,SUBURBAN,0.130383228960988,0.28501399911523,0,1,0,0,0,0,1,0,1174.43981933594,0.5379032472249258,0.62090670181534
32_3_71,32,3,71,36.16976,-115.263038,5.92274,0.8851810133729793,RESIDENTIAL,SUBURBAN,0.131306841471684,0.288973343258073,0,1,0,0,0,0,1,0,3429.45629882812,0.9974792901303524,0.5389087158046472
32_3_73,32,3,73,36.173415,-115.332728,4.888218,1.1940538244021746,RESIDENTIAL,SUBURBAN,0.129986995322765,0.289337010695842,0,1,0,0,0,0,1,0,3839.54663085938,1.0459326191652663,0.5974787058122828
32_3_75,32,3,75,36.270592,-115.238282,5.914521,0.7409048976948682,RESIDENTIAL,URBAN AND CENTER CITY,0.132281522543877,0.291308478098087,0,1,0,0,0,0,0,0,1296.59362792969,0.5803268807918505,0.44519673179244745
32_3_298,32,3,298,36.048705,-115.052942,5.897534,-0.699824201118944,RESIDENTIAL,SUBURBAN,0.134748131446367,0.285227086693723,0,1,0,0,0,0,1,0,2568.79077148438,0.873528896037079,0.43348273379091196
32_3_299,32,3,299,35.987908,-115.148885,5.832329,-0.6795036214459705,RESIDENTIAL,SUBURBAN,0.132602669183829,0.284136238310273,0,1,0,0,0,0,1,0,2026.615234375,0.7718502141215623,0.62090670181534
32_3_540,32,3,540,36.141875,-115.078742,9.675138,0.5397311589324318,RESIDENTIAL,URBAN AND CENTER CITY,0.134709302907637,0.28757651693258,0,1,0,0,0,0,0,0,4131.1142578125,1.0773309821160653,0.39834073978633355
32_3_561,32,3,561,36.163962,-115.11393,10.460274,-0.699824201118944,RESIDENTIAL,URBAN AND CENTER CITY,0.134141831328137,0.288247252525219,0,1,0,0,0,0,0,0,3962.26049804688,1.0594284673800447,0.4217687357893902
32_3_602,32,3,602,35.969848,-114.835007,4.574725,-0.6795036214459705,RESIDENTIAL,SUBURBAN,0.138559947869044,0.282475826233432,0,1,0,0,0,0,1,0,2665.875,0.8894407528317013,0.62090670181534
32_3_1019,32,3,1019,35.785665,-115.357087,4.376712,1.1777973606637957,DESERT,RURAL,0.127587866561192,0.280082327119691,0,0,0,1,0,0,0,1,0,-2.49549678170811,0.86690065984739
32_3_1501,32,3,1501,36.139707,-115.175654,7.514795,-0.6977921431516466,COMMERCIAL,URBAN AND CENTER CITY,0.132836541370902,0.287904123773397,1,0,0,0,0,0,0,0,95.3103179931641,-0.5356008797523049,0.48033872579702586
32_3_2003,32,3,2003,36.214465,-115.091437,7.75863,-0.6795036214459705,RESIDENTIAL,SUBURBAN,0.134822110805915,0.289378053536307,0,1,0,0,0,0,1,0,4166.921875,1.0810333144766309,0.37491274378329004
33_1_2004,33,1,2004,43.566122,-71.496335,4.460452,-0.26089968018271903,RESIDENTIAL,RURAL,0.934920680461637,0.488518487974735,0,1,0,0,0,0,0,1,15.8750400543213,-1.2829621046020323,-0.8316290503739144
33_5_7,33,5,7,42.930521,-72.272332,5.868785,-0.40517579586083,COMMERCIAL,URBAN AND CENTER CITY,0.925492450688532,0.469948978754084,1,0,0,0,0,0,0,0,1904.51940917969,0.745201342007731,-0.9370550323876502
33_9_10,33,9,10,43.629605,-72.309499,5.502466,-0.35234228871109924,COMMERCIAL,URBAN AND CENTER CITY,0.920614468926572,0.486420575834938,1,0,0,0,0,0,0,0,7.65434122085571,-1.5694967435390152,-1.1010510044090074
33_11_5001,33,11,5001,42.86183,-71.878626,4.149724,0.7104240281854082,FOREST,RURAL,0.932722522937401,0.470065921801141,0,0,0,0,1,0,0,1,2.15533328056335,-2.0024332538636433,-0.2810711443021801
33_15_18,33,15,18,42.862531,-71.38014,5.71875,-0.4803619406508315,RESIDENTIAL,SUBURBAN,0.941333849044697,0.472341761316385,0,1,0,0,0,0,1,0,181.830627441406,-0.26056144914313806,-0.5270651023342294
34_1_6,34,1,6,39.464872,-74.448736,5.749722,-0.6896639112824572,RESIDENTIAL,RURAL,0.906921502711221,0.377656470033976,0,1,0,0,0,0,0,1,24.8610744476318,-1.099782635073718,1.6165965319450597
34_3_10,34,3,10,40.85355,-73.96618,6.881058,-0.5230351579640756,COMMERCIAL,URBAN AND CENTER CITY,0.907870011003711,0.41301093109973,1,0,0,0,0,0,0,0,2261.42919921875,0.8188692438667564,0.8200446678412755
34_7_2,34,7,2,39.934559,-75.125219,8.82076,-0.6916959692497546,INDUSTRIAL,URBAN AND CENTER CITY,0.892031378208598,0.386145404684775,0,0,1,0,0,0,0,0,4796.2021484375,1.1413697788934132,-0.37478312831439414
34_11_7,34,11,7,39.422273,-75.025204,5.767552,-0.6551189258384025,INDUSTRIAL,RURAL,0.896613091235199,0.374234054643347,0,0,1,0,0,0,0,1,171.193756103516,-0.28628097712430883,0.41005473778786905
34_17_8,34,17,8,40.770908,-74.036218,5.953177,-0.5779007230811036,RESIDENTIAL,URBAN AND CENTER CITY,0.907082712439007,0.410734295759822,0,1,0,0,0,0,0,0,11769.369140625,1.526499554834627,0.8786146578489105
34_19_1,34,19,1,40.515262,-74.806671,7.189607,-0.6083815925905638,AGRICULTURAL,RURAL,0.89465581362388,0.401400506503639,0,0,0,0,0,0,0,1,344.614318847656,0.012666601119445247,-0.7496310643632221
34_21_5,34,21,5,40.283092,-74.742613,7.766867,-0.6388624621000238,RESIDENTIAL,SUBURBAN,0.897078638039651,0.39608570401798,0,1,0,0,0,0,1,0,1057.48608398438,0.49293356086300416,-0.4450671163235509
34_21_8,34,21,8,40.222411,-74.763167,7.382203,-0.6713753895767812,RESIDENTIAL,URBAN AND CENTER CITY,0.897038440798453,0.394543418169479,0,1,0,0,0,0,0,0,3269.83154296875,0.9770336175405269,-0.4450671163235509
34_23_11,34,23,11,40.462182,-74.429439,7.345042,-0.6612150997402945,AGRICULTURAL,RURAL,0.901744020014524,0.401681439563218,0,0,0,0,0,0,0,1,189.664779663086,-0.24255833177050845,0.17577477775734085
34_29_2002,34,29,2002,39.994908,-74.170447,5.936686,-0.6774715634786732,RESIDENTIAL,SUBURBAN,0.90902957657999,0.391555520095264,0,1,0,0,0,0,1,0,803.352111816406,0.3751238493944787,1.4057445679175882
34_39_2003,34,39,2003,40.603943,-74.276174,6.730218,-0.693728027217052,COMMERCIAL,SUBURBAN,0.903713315101825,0.405722471742885,1,0,0,0,0,0,1,0,4191.1962890625,1.0835251239352415,0.6677626938214402
34_41_7,34,41,7,40.92458,-75.067815,8.376696,-0.4031437378935327,RESIDENTIAL,SUBURBAN,0.887746407597614,0.410177565772172,0,1,0,0,0,0,1,0,12.138970375061,-1.3903428697899394,-0.8433430483754362
36_1_5,36,1,5,42.64225,-73.75464,6.929345,-0.6855997953478625,COMMERCIAL,URBAN AND CENTER CITY,0.901446303196198,0.456720404670061,1,0,0,0,0,0,0,0,4343.2802734375,1.0988158481125039,-0.5739210943403296
37_21_34,37,21,34,35.6062,-82.5844,5.810452,0.647308307721153,COMMERCIAL,SUBURBAN,0.77039108001228,0.255626627434129,1,0,0,0,0,0,1,0,861.898132324219,0.4052714298934324,-1.1830489904196995
37_35_4,37,35,4,35.728889,-81.365556,7.42719,-0.02314889800893058,INDUSTRIAL,SUBURBAN,0.793736391228249,0.262150866529248,0,0,1,0,0,0,1,0,649.324340820312,0.28391418285231895,-2.038170844531106
37_51_9,37,51,9,35.041416,-78.953112,7.726513,-0.5718045491792116,RESIDENTIAL,URBAN AND CENTER CITY,0.843660574263586,0.253392830400418,0,1,0,0,0,0,0,0,1038.09985351562,0.4850019162963749,-1.265046976430378
37_57_2,37,57,2,35.8145,-80.2627,8.882051,-0.21009823100028563,COMMERCIAL,URBAN AND CENTER CITY,0.814856552549744,0.267689855530751,1,0,0,0,0,0,0,0,617.090393066406,0.2621008007982486,-2.049884842532627
37_63_15,37,63,15,36.032955,-78.904037,6.729775,-0.46004136097785814,COMMERCIAL,SUBURBAN,0.840253898492734,0.277581838722506,1,0,0,0,0,0,1,0,1322.35778808594,0.5887631082093504,-1.6164669164761634
37_67_22,37,67,22,36.11094,-80.224501,7.950689,-0.1227197384065001,RESIDENTIAL,URBAN AND CENTER CITY,0.814392317621606,0.275013618266757,0,1,0,0,0,0,0,0,1491.54663085938,0.6403874468812671,-2.038170844531106
37_67_30,37,67,30,36.026612,-80.341962,8.157222,-0.20196999913109626,RESIDENTIAL,SUBURBAN,0.812460063677148,0.27258561346379,0,1,0,0,0,0,1,0,196.4375,-0.22758086687681178,-2.155310824546363
37_81_13,37,81,13,36.109006,-79.802314,8.289914,-0.2040020570983936,RESIDENTIAL,URBAN AND CENTER CITY,0.822565856357078,0.276353385979866,0,1,0,0,0,0,0,0,1256.07849121094,0.5667156993038623,-1.827318880503635
37_101_2,37,101,2,35.59095,-78.4622,7.013467,-0.44175283927218206,AGRICULTURAL,RURAL,0.850784097337648,0.26845570347728,0,0,0,0,0,0,0,1,125.42798614502,-0.41884690331643826,-1.4993269364609063
37_119_41,37,119,41,35.2401,-80.785683,8.12117,-0.22838675270596165,RESIDENTIAL,URBAN AND CENTER CITY,0.806946944514145,0.252060931922863,0,1,0,0,0,0,0,0,1984.67736816406,0.76288215250039,-1.7101789004883774
37_119_45,37,119,45,35.213171,-80.874084,8.44887,-0.3056049554632605,INDUSTRIAL,URBAN AND CENTER CITY,0.805320107953265,0.251127752119181,0,0,1,0,0,0,0,0,1324.7529296875,0.5895390130700262,-1.7218928984898991
37_119_48,37,119,48,35.281791,-80.851473,7.712245,-0.24464321644434037,RESIDENTIAL,URBAN AND CENTER CITY,0.805495206015235,0.252866311795115,0,1,0,0,0,0,0,0,940.785827636719,0.44280866032738636,-1.7336068964914209
37_121_4,37,121,4,35.912487,-82.062082,5.840462,0.9014374771113579,COMMERCIAL,SUBURBAN,0.779497401064296,0.264566291495678,1,0,0,0,0,0,1,0,372.636535644531,0.046118382949710886,-0.9956250223952715
37_123_1,37,123,1,35.263165,-79.836636,7.263559,-0.3482781727765046,FOREST,RURAL,0.8254270601379,0.255715261259504,0,0,0,0,1,0,0,1,10.9550094604492,-1.4308627036667265,-1.6164669164761634
37_129_2,37,129,2,34.364167,-77.838611,4.877971,-0.6835677373805652,AGRICULTURAL,RURAL,0.86861807960696,0.241121732417274,0,0,0,0,0,0,0,1,0,-2.49549678170811,0.5037667218000688
37_131_3,37,131,3,36.511708,-77.655389,6.557263,-0.5880610129175904,AGRICULTURAL,RURAL,0.86208748903733,0.293700628451797,0,0,0,0,0,0,0,1,81.8394622802734,-0.6002520947171821,-1.9561728585204272
37_147_6,37,147,6,35.641276,-77.360126,5.949157,-0.6855997953478625,RESIDENTIAL,RURAL,0.871918116218968,0.273789421860566,0,1,0,0,0,0,0,1,2.42667770385742,-1.9670346789431876,-1.511040934462428
37_159_21,37,159,21,35.551868,-80.395039,7.72238,-0.21213028896758296,COMMERCIAL,RURAL,0.813342531434847,0.260882981016696,1,0,0,0,0,0,0,1,263.556640625,-0.10201517119375657,-1.93274486251737
37_173_2,37,173,2,35.434767,-83.442133,5.542286,0.438128260567565,RESIDENTIAL,SUBURBAN,0.754166079568301,0.249135723288614,0,1,0,0,0,0,1,0,309.135681152344,-0.03380955531637785,-1.3119029684364782
37_173_7,37,173,7,35.498711,-83.310242,6.665753,-0.598221302754077,COMMERCIAL,SUBURBAN,0.756544044316146,0.251041476507664,1,0,0,0,0,0,1,0,94.2896118164062,-0.5401726750380698,-1.042481014401386
37_183_21,37,183,21,35.8652,-78.8197,6.702507,-0.5027145782911022,MOBILE,SUBURBAN,0.842625998456866,0.273815230030189,0,0,0,0,0,1,1,0,18.6266593933105,-1.2181468519864969,-1.5696109244700638
38_7_2,38,7,2,46.8943,-103.37853,5.576271,0.9908480276724407,AGRICULTURAL,RURAL,0.382276782951783,0.519157503596776,0,0,0,0,0,0,0,1,0,-2.49549678170811,2.483432384058001
38_13_4,38,13,4,48.64193,-102.4018,6.434903,0.7144881441200029,AGRICULTURAL,RURAL,0.401526710425557,0.56028480968439,0,0,0,0,0,0,0,1,0.676571130752563,-2.2737647892199493,2.2022964320213725
38_15_3,38,15,3,46.825425,-100.76821,8.106105,0.47876941991351174,RESIDENTIAL,SUBURBAN,0.426032756475411,0.51467723693806,0,1,0,0,0,0,1,0,1456.57531738281,0.630213965628272,2.354578406041209
38_17_1004,38,17,1004,46.933754,-96.85535,7.580223,-0.14100826011217615,AGRICULTURAL,SUBURBAN,0.491944630458747,0.515364317573484,0,0,0,0,0,0,1,0,0,-2.49549678170811,1.768878505964895
38_25_4,38,25,4,47.342423,-102.645864,5.757182,0.6894125488035536,AGRICULTURAL,RURAL,0.395335510085404,0.529122682558638,0,0,0,0,0,0,0,1,1.67107021808624,-2.0739258584475975,2.5068603800610445
38_53_2,38,53,2,47.5812,-103.2995,5.252134,0.5681799704745946,AGRICULTURAL,RURAL,0.384884533711219,0.535708130644153,0,0,0,0,0,0,0,1,0.023548997938633,-2.485509309509609,2.296008416033573
38_57_4,38,57,4,47.298611,-101.766944,5.51708,0.5803723182783787,AGRICULTURAL,RURAL,0.409930768999786,0.527100844161569,0,0,0,0,0,0,0,1,5.92848920822144,-1.6649343900058828,2.389720400045787
38_65_2,38,65,2,47.185833,-101.428056,7.538202,0.7165202020873003,AGRICULTURAL,RURAL,0.41543272898619,0.524029376924822,0,0,0,0,0,0,0,1,0.947518587112427,-2.209484986408433,2.460004388054944
38_101_3,38,101,3,47.940861,-101.571583,5.881356,0.5986608399840546,AGRICULTURAL,RURAL,0.414106469533171,0.54247547742388,0,0,0,0,0,0,0,1,0.342997878789902,-2.368956605398497,2.2725804200305304
39_3_9,39,3,9,40.770944,-84.0539,6.988796,-0.15523266588325751,RESIDENTIAL,RURAL,0.725673696422884,0.378022054156868,0,1,0,0,0,0,0,1,280.14501953125,-0.07592002311240126,0.7497606798321187
39_17_20,39,17,20,39.472436,-84.394952,10.747075,-0.2974767235940711,INDUSTRIAL,SUBURBAN,0.72334035737295,0.345491656351651,0,0,1,0,0,0,1,0,17.6458740234375,-1.2401436331064386,-0.011649190267073483
39_23_5,39,23,5,39.92882,-83.80949,8.811728,-0.09630298483163473,COMMERCIAL,URBAN AND CENTER CITY,0.732790834033003,0.358016471543029,1,0,0,0,0,0,0,0,1125.54895019531,0.5196740669572023,0.4569107297939686
39_35_38,39,35,38,41.477011,-81.682383,10.279063,-0.28934849172488175,RESIDENTIAL,URBAN AND CENTER CITY,0.766305568439766,0.401222908502955,0,1,0,0,0,0,0,0,1704.26843261719,0.6975587051550375,1.1128946178794394
39_35_60,39,35,60,41.492117,-81.678449,9.966852,-0.28122025985569243,COMMERCIAL,URBAN AND CENTER CITY,0.766320639255053,0.401601266583683,1,0,0,0,0,0,0,0,802.810363769531,0.3748347516414017,1.1128946178794394
39_35_73,39,35,73,41.44013,-81.494833,8.820556,0.005299913533232144,MOBILE,SUBURBAN,0.769822744535581,0.400842074887023,0,0,0,0,0,1,1,0,669.242370605469,0.2968590094823117,1.1246086158809612
39_49_38,39,49,38,40.11107,-83.065415,9.025205,-0.15116854994866283,MOBILE,SUBURBAN,0.745921012443411,0.364292445311982,0,0,0,0,0,1,1,0,3521.84985351562,1.0088831837241101,0.222630769763441
39_61_6,39,61,6,39.2787,-84.36625,8.624118,-0.17352118758893353,COMMERCIAL,SUBURBAN,0.724457452981696,0.340818210707334,1,0,0,0,0,0,1,0,146.602767944336,-0.35240171637432743,-0.058505182273187364
39_61_14,39,61,14,39.19433,-84.478974,9.989256,-0.36859875244947793,INDUSTRIAL,SUBURBAN,0.722605834489999,0.338496538263964,0,0,1,0,0,0,1,0,2008.20861816406,0.7679371727704059,-0.2576431482991228
39_61_40,39,61,40,39.12886,-84.50404,8.956044,-0.17961736149082555,COMMERCIAL,URBAN AND CENTER CITY,0.722332315547125,0.336837694462655,1,0,0,0,0,0,0,0,3272.830078125,0.9774268046291216,-0.19907315829150155
39_61_42,39,61,42,39.10492,-84.55117,9.353973,-0.36047052058028856,RESIDENTIAL,URBAN AND CENTER CITY,0.721521986236809,0.336145008220036,0,1,0,0,0,0,0,0,59.834415435791,-0.7327328073161178,-0.1756451622884443
39_61_48,39,61,48,39.146025,-84.538375,9.706268,-0.37063081041677526,MOBILE,URBAN AND CENTER CITY,0.721639418757485,0.337179768591782,0,0,0,0,0,1,0,0,805.143005371094,0.37607815573602454,-0.19907315829150155
39_81_17,39,81,17,40.3663,-80.6158,10.809444,-0.24870733237893503,RESIDENTIAL,URBAN AND CENTER CITY,0.78991710357544,0.377254568297681,0,1,0,0,0,0,0,0,1462.63854980469,0.6319951905226078,-0.38649712631591526
39_87_12,39,87,12,38.508075,-82.659241,8.355989,-0.36859875244947793,RESIDENTIAL,SUBURBAN,0.758923670826014,0.326214424131391,0,1,0,0,0,0,1,0,536.739135742188,0.2023453883358382,-1.3119029684364782
39_99_15,39,99,15,41.106182,-80.640576,8.548094,-0.1560454890701764,COMMERCIAL,URBAN AND CENTER CITY,0.78653203373252,0.395165715641452,1,0,0,0,0,0,0,0,220.737930297852,-0.1777747545942247,0.222630769763441
39_103_4,39,103,4,41.0604,-81.9239,5.967742,-0.04550153564920129,AGRICULTURAL,RURAL,0.763466165087705,0.390423784808086,0,0,0,0,0,0,0,1,35.135627746582,-0.9562350752015295,1.0308966318687471
39_135_1001,39,135,1001,39.83562,-84.720524,8.434384,0.02562049320620552,AGRICULTURAL,RURAL,0.716221533617985,0.353645804511985,0,0,0,0,0,0,0,1,43.2178726196289,-0.8696235812847817,0.6794766918229613
39_151_20,39,151,20,40.800717,-81.373,9.269589,-0.05362976751839064,COMMERCIAL,URBAN AND CENTER CITY,0.774432020260458,0.385624107577792,1,0,0,0,0,0,0,0,1523.15185546875,0.6493786981785591,0.2929147577725978
39_153_17,39,153,17,41.063526,-81.468956,8.021569,-0.069886231256769335,INDUSTRIAL,SUBURBAN,0.771701283904222,0.391750559434133,0,0,1,0,0,0,1,0,284.822998046875,-0.06883915040964077,0.6677626938214402
39_155_14,39,155,14,41.23172,-80.80116,7,-0.13694414417758147,RESIDENTIAL,URBAN AND CENTER CITY,0.783135449553171,0.397746066402944,0,1,0,0,0,0,0,0,2004.33715820312,0.7671095817646442,0.3280567517771762
40_19_297,40,19,297,34.244189,-97.462931,7.74898,-0.11121829031159713,AGRICULTURAL,RURAL,0.476925678719186,0.203675008960802,0,0,0,0,0,0,0,1,17.0110969543457,-1.2550059097096735,0.9840406398626463
40_27_49,40,27,49,35.320105,-97.484099,9.854027,0.05683290358389265,RESIDENTIAL,SUBURBAN,0.476913525285668,0.230144635109795,0,1,0,0,0,0,1,0,1434.81140136719,0.6237586717490515,1.4760285559267463
40_31_651,40,31,651,34.63298,-98.42879,7.997771,0.035835648607809203,RESIDENTIAL,SUBURBAN,0.457759237523723,0.21362964660696,0,1,0,0,0,0,1,0,1946.32592773438,0.7545136373801753,1.874304487978631
40_43_860,40,43,860,36.158414,-98.931973,7.656774,0.3830594896538071,AGRICULTURAL,RURAL,0.448857489359755,0.251441556653477,0,0,0,0,0,0,0,1,30.579402923584,-1.0140651854877998,2.4717183860564655
40_71_604,40,71,604,36.697186,-97.08135,8.602216,-0.09020681092974271,INDUSTRIAL,URBAN AND CENTER CITY,0.485282217034908,0.263946263201079,0,0,1,0,0,0,0,0,753.940246582031,0.3479202482089844,1.7103085159572737
40_105_207,40,105,207,36.91841,-95.632286,11.967816,-0.24142443662414137,AGRICULTURAL,RURAL,0.513467905975178,0.269290912291595,0,0,0,0,0,0,0,1,8.44655990600586,-1.5319130301649067,1.148036611884017
40_109_97,40,109,97,35.50307,-97.577981,9.396307,-0.6977921431516466,COMMERCIAL,URBAN AND CENTER CITY,0.47512754981651,0.234677548410158,1,0,0,0,0,0,0,0,465.139953613281,0.14103388628673336,1.5580265419374248
40_109_1037,40,109,1037,35.614131,-97.475083,9.503922,0.01919919002954588,RESIDENTIAL,SUBURBAN,0.477204560635912,0.23737857436334,0,1,0,0,0,0,1,0,1198.22424316406,0.5464989669912437,1.5228845479328457
40_121_415,40,121,415,34.885608,-95.78441,9.05,-0.23014041873173927,INDUSTRIAL,RURAL,0.510628974410484,0.219228077327344,0,0,1,0,0,0,0,1,37.1223182678223,-0.9332699822380133,0.44519673179244745
40_143_174,40,143,174,35.953708,-96.004975,8.536056,-0.24665495383196473,AGRICULTURAL,RURAL,0.506233349969798,0.245513588240861,0,0,0,0,0,0,0,1,1031.90356445312,0.4824355433604782,1.0074686358657035
40_143_1127,40,143,1127,36.204902,-95.976537,9.761345,-0.2972328766379954,RESIDENTIAL,URBAN AND CENTER CITY,0.506790872248323,0.251699916015765,0,1,0,0,0,0,0,0,967.801147460938,0.4549439323621358,1.0191826338672254
42_3_8,42,3,8,40.46542,-79.960757,8.854094,-0.17961736149082555,RESIDENTIAL,SUBURBAN,0.801469245357303,0.381657570248383,0,1,0,0,0,0,1,0,2952.77514648438,0.9332836348650422,-0.18735916028996605
42_3_1301,42,3,1301,40.402328,-79.860973,9.564242,-0.14304031807947348,RESIDENTIAL,SUBURBAN,0.803550418939022,0.380436556825091,0,1,0,0,0,0,1,0,2294.9921875,0.8251879952746372,-0.23421515229607995
44_3_2,44,3,2,41.615237,-71.72,3.729944,-0.5636763173100223,NA,NA,0.94321284608854,0.441118966437563,0,0,0,0,0,0,0,0,2.07868409156799,-2.012985349334343,0.4920527237985476
44_7_22,44,7,22,41.807469,-71.412968,5.572012,-0.6815356794132679,RESIDENTIAL,URBAN AND CENTER CITY,0.947404165763102,0.447112089372826,0,1,0,0,0,0,0,0,6674.65087890625,1.2831552730026294,1.5814545379404807
44_7_1010,44,7,1010,41.841039,-71.36097,6.414244,-0.6693433316094839,RESIDENTIAL,SUBURBAN,0.948104241418716,0.448152043383589,0,1,0,0,0,0,1,0,1098.82360839844,0.5093720191990502,1.5463125439359031
45_79_7,45,79,7,34.093959,-80.962304,7.341667,-0.4823939986181288,COMMERCIAL,SUBURBAN,0.807928596952628,0.223667476684863,1,0,0,0,0,0,1,0,115.387878417969,-0.45435163816614743,-1.042481014401386
45_91_8801,45,91,8801,34.9127,-80.8745,7.044186,-0.6795036214459705,RESIDENTIAL,SUBURBAN,0.806483735085145,0.243826443053166,0,1,0,0,0,0,1,0,11.5451536178589,-1.4101874702992296,-1.4407569464532708
46_11_3,46,11,3,44.348604,-96.807299,3.72069,0.3243330143989141,AGRICULTURAL,RURAL,0.492216328231802,0.452206421317458,0,0,0,0,0,0,0,1,0.506369173526764,-2.319698102981967,2.249152424027473
46_13_4,46,13,4,45.468596,-98.494061,4.192754,0.10344831335369356,COMMERCIAL,URBAN AND CENTER CITY,0.463448785422142,0.480121867878786,1,0,0,0,0,0,0,0,217.915283203125,-0.18327197122246164,2.31943641203663
46_27_1,46,27,1,42.78943,-96.90383,6.037719,0.06422959458485493,AGRICULTURAL,RURAL,0.490164702709681,0.413957896508869,0,0,0,0,0,0,0,1,252.977355957031,-0.11952639939182974,2.0383004600000016
46_29_2,46,29,2,44.89965,-97.128802,6.874022,0.36497417374486085,COMMERCIAL,URBAN AND CENTER CITY,0.486755696558097,0.465758861544348,1,0,0,0,0,0,0,0,1245.45959472656,0.5630756685008682,2.2725804200305304
46_33_132,46,33,132,43.55764,-103.48386,4.334758,1.9174664607600267,FOREST,RURAL,0.374090830366888,0.437957340763685,0,0,0,0,1,0,0,1,6.0310378074646,-1.6586299849118875,1.6751665219526948
46_65_3,46,65,3,44.373786,-100.287269,1.918232,0.36497417374486085,COMMERCIAL,SUBURBAN,0.431424853944064,0.454453497078654,1,0,0,0,0,0,1,0,7.33007001876831,-1.5858833087966944,2.378006402044265
46_71_1,46,71,1,43.74561,-101.941218,3.355801,0.8079628106156804,AGRICULTURAL,RURAL,0.401597461065238,0.440635272848007,0,0,0,0,0,0,0,1,0.863495349884033,-2.2284087069714773,1.9797304699923668
46_99_9,46,99,9,43.59901,-96.78331,4.724722,0.21866600009945256,COMMERCIAL,URBAN AND CENTER CITY,0.492484218840294,0.433820086763219,1,0,0,0,0,0,0,0,203.429153442383,-0.21264883125873918,2.2022964320213725
46_103_20,46,103,20,44.087397,-103.273777,6.984314,1.4175802008048817,COMMERCIAL,URBAN AND CENTER CITY,0.378789376125798,0.450626888715321,1,0,0,0,0,0,0,0,717.007385253906,0.32639768664647084,1.8274484959725315
47_9_11,47,9,11,35.768847,-83.942152,7.011111,-0.049565651583795965,RESIDENTIAL,SUBURBAN,0.743311378450231,0.256015930825254,0,1,0,0,0,0,1,0,967.422058105469,0.45477599814171765,-1.9796008545234702
47_37_40,47,37,40,36.1424,-86.7341,9.092717,-0.3848552161878566,INDUSTRIAL,URBAN AND CENTER CITY,0.687744402196843,0.259011555321371,0,0,1,0,0,0,0,0,123.655731201172,-0.42490438527017405,-0.6324910843479652
47_45_4,47,45,4,36.05266,-89.382157,7.501404,-0.4966184043892102,RESIDENTIAL,SUBURBAN,0.636153621352295,0.252472453533314,0,1,0,0,0,0,1,0,941.731018066406,0.44323908444503085,0.07034879574360506
47_93_1013,47,93,1013,35.980675,-83.925773,8.701404,-0.13694414417758147,MOBILE,URBAN AND CENTER CITY,0.742970626370089,0.261230761136397,0,0,0,0,0,1,0,0,1406.46337890625,0.6152021827557458,-2.0030288505265275
47_93_1017,47,93,1017,35.978074,-83.950666,9.14953,-0.055661825485687974,RESIDENTIAL,URBAN AND CENTER CITY,0.742493474513918,0.261105302016106,0,1,0,0,0,0,0,0,2638.251953125,0.8849731440399831,-2.0030288505265275
47_93_1020,47,93,1020,36.019186,-83.87381,8.752023,-0.04550153564920129,MOBILE,SUBURBAN,0.7438628297406,0.26230109462339,0,0,0,0,0,1,1,0,516.122924804688,0.18557103638890146,-2.0030288505265275
47_99_3,47,99,3,35.116878,-87.419725,5.42963,-0.1389762021448788,AGRICULTURAL,RURAL,0.676635171112858,0.232606886946646,0,0,0,0,0,0,0,1,10.4121236801147,-1.4508042329525448,-0.38649712631591526
47_105_109,47,105,109,35.721095,-84.343035,6.275,-0.19587382522920427,RESIDENTIAL,SUBURBAN,0.735616674476241,0.253865916630594,0,1,0,0,0,0,1,0,105.217864990234,-0.4935858436170838,-1.9093168665143134
47_107_1002,47,107,1002,35.450115,-84.596195,7.673669,-0.13084797027568945,COMMERCIAL,URBAN AND CENTER CITY,0.731459946277626,0.246638704281121,1,0,0,0,0,0,0,0,811.29052734375,0.3793379078829926,-1.7687488904959991
47_113_10,47,113,10,35.705319,-88.81964,7.976045,-0.4254963755338034,RESIDENTIAL,SUBURBAN,0.647813964565821,0.244745035010299,0,1,0,0,0,0,1,0,693.727233886719,0.3122546783090331,-0.08193317827623026
47_119_2007,47,119,2007,35.65188,-87.0096,6.522674,-0.25480350628082704,COMMERCIAL,URBAN AND CENTER CITY,0.683507816731428,0.246468818700561,1,0,0,0,0,0,0,0,256.735260009766,-0.11322401859270313,-0.5387791003357512
47_125_2001,47,125,2001,36.611411,-87.384666,6.944847,-0.39704756399164065,RESIDENTIAL,SUBURBAN,0.673997574032106,0.269318517786744,0,1,0,0,0,0,1,0,392.789398193359,0.06865960211805622,-0.4216391203204943
47_141_5,47,141,5,36.185702,-85.492107,6.383862,0.027652551173502855,RESIDENTIAL,SUBURBAN,0.711849904569264,0.262600745830719,0,1,0,0,0,0,1,0,744.522216796875,0.342533608880974,-1.1479069964151212
47_145_4,47,145,4,35.939078,-84.542802,7.141765,-0.21213028896758296,INDUSTRIAL,SUBURBAN,0.731061075835304,0.258716466765669,0,0,1,0,0,0,1,0,541.99267578125,0.2065171049782493,-1.8038908845005777
47_157_75,47,157,75,35.151699,-89.850249,8.338591,-0.5230351579640756,RESIDENTIAL,SUBURBAN,0.628418654685097,0.229722020674312,0,1,0,0,0,0,1,0,709.132080078125,0.321665319361982,0.14063278375276245
47_163_1007,47,163,1007,36.538761,-82.521599,5.932123,8.098986797278526,RESIDENTIAL,SUBURBAN,0.768372553159819,0.278537226893202,0,1,0,0,0,0,1,0,1297.17895507812,0.5805203934167578,-2.0030288505265275
47_165_7,47,165,7,36.29756,-86.653137,7.17948,-0.4092399117954247,INDUSTRIAL,RURAL,0.688949191377899,0.2629698848251,0,0,1,0,0,0,0,1,43.554012298584,-0.8663740278342775,-0.609063088344908
48_355_32,48,355,32,27.804489,-97.431553,8.138596,-0.6876318533151599,RESIDENTIAL,URBAN AND CENTER CITY,0.47518492621136,0.046251726569162,0,1,0,0,0,0,0,0,1061.75891113281,0.49466219207713746,2.7879963320976726
48_439_1002,48,439,1002,32.80581,-97.356529,8.409429,-0.2873164337575844,COMMERCIAL,URBAN AND CENTER CITY,0.478559992332584,0.168319425799146,1,0,0,0,0,0,0,0,2825.8046875,0.9144307240164355,0.7029046878260186
48_453_21,48,453,21,30.263204000000002,-97.712891,8.541908,-0.39095139008974866,INDUSTRIAL,URBAN AND CENTER CITY,0.470143385880045,0.106205570577222,0,0,1,0,0,0,0,0,1897.9150390625,0.7437115727632256,0.1640607797558191
49_53_7,49,53,7,37.179125,-113.305096,5.090411,1.0192968392146036,RESIDENTIAL,RURAL,0.173481864486475,0.306090577309304,0,1,0,0,0,0,0,1,574.007934570312,0.23109875321281514,-0.22250115429454445
50_3_4,50,3,4,42.88759,-73.24984,5.513973,-0.21009823100028563,AGRICULTURAL,RURAL,0.908812832106977,0.464699814448442,0,0,0,0,0,0,0,1,83.4869613647461,-0.5918021871625376,-0.6910610743556008
50_7_7,50,7,7,44.52839,-72.86884,4.576243,0.09674252206161232,FOREST,RURAL,0.90571825295202,0.505398512259627,0,0,0,0,1,0,0,1,33.2016716003418,-0.9798370140373017,-0.29278514230370123
50_7_14,50,7,14,44.4762,-73.2106,6.747945,-0.5716013433824819,COMMERCIAL,URBAN AND CENTER CITY,0.900235459507565,0.502730646654625,1,0,0,0,0,0,0,0,4727.94677734375,1.1352207835048973,-0.9604830283906931
51_3_1,51,3,1,38.07657,-78.50397,7.750445,-0.3503102307438019,RESIDENTIAL,SUBURBAN,0.838762425774088,0.328507494088821,0,1,0,0,0,0,1,0,364.7763671875,0.03699536648933968,-1.5930389204731066
51_59_30,51,59,30,38.77335,-77.10468,7.492775,-0.561644259342725,RESIDENTIAL,SUBURBAN,0.861619041965187,0.350432025070422,0,1,0,0,0,0,1,0,1191.3271484375,0.544024025441354,-0.6324910843479652
51_59_31,51,59,31,38.76835,-77.18347,8.066575,-0.5504679405225896,COMMERCIAL,URBAN AND CENTER CITY,0.860181252075424,0.350017234237997,1,0,0,0,0,0,0,0,1091.70397949219,0.5065853136189412,-0.7847730583678005
51_69_10,51,69,10,39.28102,-78.08157,8.5,-0.30966907139785516,AGRICULTURAL,RURAL,0.841129514492319,0.35916424311191403,0,0,0,0,0,0,0,1,54.5009956359863,-0.7721037353088831,-1.1010510044090074
51_87_14,51,87,14,37.55652,-77.40027,7.958659,-0.5809488100320497,RESIDENTIAL,SUBURBAN,0.861965476023226,0.319915578865749,0,1,0,0,0,0,1,0,1291.32104492188,0.5785797885332338,-1.6750369064837989
51_161_1004,51,161,1004,37.28342,-79.88452,7.437569,-0.008924492237849217,RESIDENTIAL,SUBURBAN,0.816093379294631,0.304599010912255,0,1,0,0,0,0,1,0,973.242736816406,0.4573473074811818,-1.511040934462428
51_650_8,51,650,8,37.103733,-76.387017,6.997507,-0.6957600851843493,MILITARY RESERVATION,SUBURBAN,0.883357256294649,0.31288766794061,0,0,0,0,0,0,1,0,23.6819400787354,-1.1198069761926777,0.011778805735969414
51_760_25,51,760,25,37.59088,-77.46925,8.052616,-0.5880610129175904,RESIDENTIAL,URBAN AND CENTER CITY,0.860499260339139,0.32048869391274,0,1,0,0,0,0,0,0,63.9412231445312,-0.7047017474600471,-1.8156048825021132
55_3_10,55,3,10,46.60234,-90.65615,4.921884,-0.30966907139785516,RESIDENTIAL,SUBURBAN,0.596619249409211,0.509767830592651,0,1,0,0,0,0,1,0,121.218208312988,-0.4333779243752174,0.3280567517771762
55_9_5,55,9,5,44.50729,-87.99344,7.350139,-0.32592553513623385,RESIDENTIAL,URBAN AND CENTER CITY,0.645826860899134,0.461914384778577,0,1,0,0,0,0,0,0,1999.08081054688,0.7659833863386234,0.831758665842811
55_25_41,55,25,41,43.10101,-89.35768,7.59697,-0.1714891296216362,COMMERCIAL,URBAN AND CENTER CITY,0.624510163961876,0.425667721293299,1,0,0,0,0,0,0,0,1509.73095703125,0.6455836284083528,0.5623367118077044
55_25_47,55,25,47,43.0733,-89.4358,8.314958,-0.17961736149082555,RESIDENTIAL,URBAN AND CENTER CITY,0.623169466775131,0.424892130865456,0,1,0,0,0,0,0,0,2331.42456054688,0.8319432424323562,0.5740507098092261
55_27_1,55,27,1,43.46611,-88.62111,7.453444,-0.11763959348825677,AGRICULTURAL,RURAL,0.636894667660134,0.435572409860705,0,0,0,0,0,0,0,1,150.910614013672,-0.3400578513365182,0.6560486958199184
55_35_14,55,35,14,44.76249,-91.41445,7.235068,-0.1267838543410948,INDUSTRIAL,SUBURBAN,0.585985797703883,0.464206961165608,0,0,1,0,0,0,1,0,17.4467926025391,-1.2447496350344072,-0.09364717627776575
55_41_7,55,41,7,45.56498,-88.80859,5.225893,0.43609620260026766,FOREST,RURAL,0.62969687893574,0.486584688549982,0,0,0,0,1,0,0,1,1.70473647117615,-2.0685514076904195,0.17577477775734085
55_43_9,55,43,9,42.69302,-90.69813,8.129805,-0.0841106370278507,AGRICULTURAL,RURAL,0.601247954689246,0.414160047836631,0,0,0,0,0,0,0,1,234.292938232422,-0.15231472509650548,0.5389087158046472
55_59_19,55,59,19,42.50472,-87.8093,7.660734,-0.31982936123434186,RESIDENTIAL,RURAL,0.653258231112903,0.413218709758815,0,1,0,0,0,0,0,1,102.125564575195,-0.5062632731064693,1.0777526238748603
55_63_12,55,63,12,43.7775,-91.2269,7.366391,0.6555584630683801,RESIDENTIAL,SUBURBAN,0.590453043821439,0.440255761294518,0,1,0,0,0,0,1,0,809.97607421875,0.37864299139723423,-0.023363188268608975
55_79_10,55,79,10,43.01724,-87.93369,9.026301,-0.29341260765947647,COMMERCIAL,URBAN AND CENTER CITY,0.64996451266427,0.425577651821976,1,0,0,0,0,0,0,0,7314.71044921875,1.32244155476497,1.089466621876382
55_79_56,55,79,56,42.93257,-87.93434,8.861644,-0.23714492254501318,MOBILE,URBAN AND CENTER CITY,0.650129296796303,0.423504054645365,0,0,0,0,0,1,0,0,332.157531738281,-0.003084403241364068,1.0777526238748603
55_81_2001,55,81,2001,44.020855,-90.40164,6.464286,-0.12380892147697149,RESIDENTIAL,RURAL,0.604630542314435,0.447008073744495,0,1,0,0,0,0,0,1,10.5149669647217,-1.4469547076965037,-0.058505182273187364
55_87_9,55,87,9,44.30738,-88.39509,7.582192,-0.21213028896758296,RESIDENTIAL,SUBURBAN,0.639235957597396,0.456456782789235,0,1,0,0,0,0,1,0,1156.43701171875,0.5312805588279254,0.738046681830597
55_89_9,55,89,9,43.4983,-87.8102,6.734528,-0.27105997001920573,AGRICULTURAL,RURAL,0.651141283397342,0.437534806685196,0,0,0,0,0,0,0,1,7.5065655708313,-1.5768868492483255,1.194892603890118
55_111_7,55,111,7,43.4351,-89.67979,7.2725,0.09674252206161232,FOREST,RURAL,0.618242711825031,0.433462522925907,0,0,0,0,1,0,0,1,2.87912583351135,-1.9138196598737436,0.41005473778786905
55_119_8001,55,119,8001,45.2066,-90.5972,5.975278,0.3609100578102662,AGRICULTURAL,RURAL,0.599550396378259,0.475803598939797,0,0,0,0,0,0,0,1,3.15220308303833,-1.8846290731643789,-0.15221716628538767
55_125_1,55,125,1,46.0519,-89.654,4.889972,0.32230095643161677,FOREST,RURAL,0.614423754314877,0.497416271664984,0,0,0,0,1,0,0,1,0,-2.49549678170811,0.1640607797558191
55_133_27,55,133,27,43.020075,-88.21507,8.956749,-0.16945707165433888,RESIDENTIAL,URBAN AND CENTER CITY,0.644959815546257,0.425229183590932,0,1,0,0,0,0,0,0,2289.07739257812,0.8240811763853515,0.9254706498550113
56_1_11,56,1,11,41.32417,-105.61489,3.975723,3.7605430370987114,RESIDENTIAL,SUBURBAN,0.331003872941479,0.38671664996399,0,1,0,0,0,0,1,0,893.51123046875,0.42071039706823404,1.3706025739130105
56_1_12,56,1,12,41.308825,-105.54913,2.57688,3.7605430370987114,COMMERCIAL,SUBURBAN,0.332161058997461,0.386219895657753,1,0,0,0,0,0,1,0,0,-2.49549678170811,1.4408865619221671
56_5_1002,56,5,1002,44.288005,-105.517022,5.925501,2.1084799096859763,COMMERCIAL,URBAN AND CENTER CITY,0.340062960747309,0.458993674456607,1,0,0,0,0,0,0,0,1454.79541015625,0.6296896667387797,1.5931685359420025
56_13_4,56,13,4,43.02421,-108.3637,3.49914,2.348262749827062,RESIDENTIAL,SUBURBAN,0.286554896963493,0.433965998441301,0,1,0,0,0,0,1,0,744.562255859375,0.34255665293698956,-0.4450671163235509
56_13_1003,56,13,1003,42.842168,-108.736281,5.885507,2.620558517444905,RESIDENTIAL,SUBURBAN,0.279373423999229,0.430408112599746,0,1,0,0,0,0,1,0,552.206726074219,0.2145135741968137,-0.4802091103281293
56_21_100,56,21,100,41.182227,-104.778334,5.273109,-0.6693433316094839,RESIDENTIAL,SUBURBAN,0.345890634012217,0.381760659121464,0,1,0,0,0,0,1,0,222.666610717773,-0.17405866979994472,1.7923065019679523
56_23_4,56,23,4,41.783083,-110.53788,3.40195,3.5674975302054643,RESIDENTIAL,RURAL,0.243536063480852,0.40927442290573,0,1,0,0,0,0,0,1,775.192199707031,0.35983242830733536,6.480773444827735e-5
56_25_100,56,25,100,42.82231,-106.36501,3.345098,2.5331800248511196,RESIDENTIAL,SUBURBAN,0.321388837599293,0.42478457767301,0,1,0,0,0,0,1,0,1079.72277832031,0.5018544871304104,1.1714646078870605
56_29_1,56,29,1,44.524568,-109.06926,4.529794,2.413288604780577,RESIDENTIAL,SUBURBAN,0.279135991628173,0.472104870970439,0,1,0,0,0,0,1,0,440.878784179688,0.11809894837980595,-0.09364717627776575
56_33_2,56,33,2,44.815142,-106.955933,7.864495,1.7223888958994822,COMMERCIAL,URBAN AND CENTER CITY,0.316513753691136,0.474527629950325,1,0,0,0,0,0,0,0,1323.66491699219,0.5891867258327015,0.62090670181534
56_37_7,56,37,7,41.592536,-109.220852,4.349107,3.1773424004843758,RESIDENTIAL,URBAN AND CENTER CITY,0.266531671414238,0.401152530509651,0,1,0,0,0,0,0,0,744.861145019531,0.34272863631990585,-0.4216391203204943
56_39_1006,56,39,1006,43.45776,-110.79799,2.746978,3.163117994713294,COMMERCIAL,SUBURBAN,0.245255471352186,0.450663787810066,1,0,0,0,0,0,1,0,15.1458473205566,-1.30191613057925,-0.4450671163235509
80_2_12,80,2,12,32.629225,-115.447769,17.508148,-0.6977921431516466,COMMERCIAL,URBAN AND CENTER CITY,0.110071507061525,0.20447706319993,1,0,0,0,0,0,0,0,0,-2.49549678170811,-1.0776230084059644
80_2_14,80,2,14,32.633671,-115.504995,21.735531,-0.699824201118944,COMMERCIAL,URBAN AND CENTER CITY,0.108944113800387,0.204822787637637,1,0,0,0,0,0,0,0,0,-2.49549678170811,-1.0541950124029071
6_51_5,6,51,5,37.962069,-119.120278,4.638827,3.5004396172846524,NA,SUBURBAN,0.0682109060416447,0.348556270373679,0,0,0,0,0,0,1,0,109.140968322754,-0.4780233212247545,0.10549078974818345
18_97_78,18,97,78,39.810833,-86.114444,10.987042,-0.23245086864055634,RESIDENTIAL,SUBURBAN,0.690446921342825,0.350149131592763,0,1,0,0,0,0,1,0,626.251892089844,0.268414195036233,0.5623367118077044
20_209_21,20,209,21,39.117219,-94.635605,10.462581,-0.17352118758893353,RESIDENTIAL,URBAN AND CENTER CITY,0.532033059002314,0.323654727940321,0,1,0,0,0,0,0,0,898.8232421875,0.42325098459827276,1.0426106298702826
23_1_11,23,1,11,44.089406,-70.214219,4.456941,-0.5994811786938015,COMMERCIAL,URBAN AND CENTER CITY,0.953366588983716,0.506815687985625,1,0,0,0,0,0,0,0,848.654724121094,0.3986348900175961,-0.32792713630828024
29_21_5,29,21,5,39.741694,-94.858584,7.830976,-0.1755532455562309,INDUSTRIAL,URBAN AND CENTER CITY,0.527648048974453,0.338988686560368,0,0,1,0,0,0,0,0,34.5635719299316,-0.9630822368872157,1.183178605888596
29_37_3,29,37,3,38.75961,-94.57983,5.800562,-0.029245071910822592,INDUSTRIAL,RURAL,0.533215365491673,0.314856711505608,0,0,1,0,0,0,0,1,25.8300609588623,-1.0839990225989817,1.1363226138824816
29_39_1,29,39,1,37.70097,-94.03474,5.897406,-0.10239915873352674,AGRICULTURAL,RURAL,0.544072376251496,0.288952383104051,0,0,0,0,0,0,0,1,3.69394874572754,-1.8320077044961163,0.7614746778336542
29_47_5,29,47,5,39.303174,-94.377014,5.535196,-0.1166235645046081,AGRICULTURAL,RURAL,0.5368255843824,0.328313844776621,0,0,0,0,0,0,0,1,72.0615692138672,-0.6541465376870383,0.9723266418611245
29_95_34,29,95,34,39.104686,-94.57079,6.835278,-0.1166235645046081,COMMERCIAL,URBAN AND CENTER CITY,0.533258572649052,0.323363801871849,1,0,0,0,0,0,0,0,1863.70056152344,0.7359097894031863,1.0191826338672254
29_95_42,29,95,42,39.047911,-94.450513,7.565043,-0.10443121670082407,MOBILE,SUBURBAN,0.535547306572223,0.322000133113749,0,0,0,0,0,1,1,0,860.509033203125,0.40458012316891157,1.0308966318687471
29_99_19,29,99,19,38.44853,-90.3986,8.190994,-0.3035728974959631,RESIDENTIAL,SUBURBAN,0.612761462340523,0.310125553461188,0,1,0,0,0,0,1,0,1183.77355957031,0.541297029490179,-0.12878917028234416
29_510_7,29,510,7,38.542551,-90.263711,6.891304,-0.399079621958938,RESIDENTIAL,URBAN AND CENTER CITY,0.615181563451128,0.312591732780116,0,1,0,0,0,0,0,0,1886.017578125,0.7410147021749717,-0.09364717627776575
29_510_85,29,510,85,38.656429,-90.198348,8.253409,-0.3950155060243433,RESIDENTIAL,URBAN AND CENTER CITY,0.616249087995834,0.315468761989405,0,1,0,0,0,0,0,0,1385.99499511719,0.6089162324495294,-0.046791184271651874
29_510_93,29,510,93,38.656479,-90.189868,7.677745,-0.43362460740299275,INDUSTRIAL,URBAN AND CENTER CITY,0.616409474457159,0.315479807481968,0,0,1,0,0,0,0,0,21.330774307251,-1.1627613766627327,-0.046791184271651874
29_510_94,29,510,94,38.63114,-90.28115,8.264826,-0.3584384626129912,COMMERCIAL,SUBURBAN,0.614719720095162,0.314751457212691,1,0,0,0,0,0,1,0,492.532775878906,0.1655363009402527,-0.03507718627013011
36_5_110,36,5,110,40.816,-73.902,8.041433,-0.6652792156748892,RESIDENTIAL,URBAN AND CENTER CITY,0.909231586637562,0.412382627942566,0,1,0,0,0,0,0,0,20940.255859375,1.7737130685623133,1.089466621876382
36_55_1007,36,55,1007,43.14618,-77.54817,6.551099,-0.4214322595992087,RESIDENTIAL,URBAN AND CENTER CITY,0.832615825207121,0.454421355777375,0,1,0,0,0,0,0,0,1664.34069824219,0.6873923831867191,0.738046681830597
36_67_1015,36,67,1015,43.05235,-76.05921,6.091758,-0.44175283927218206,COMMERCIAL,SUBURBAN,0.859052426658528,0.457482824315501,1,0,0,0,0,0,1,0,17.1508159637451,-1.2516901463152361,0.46862472779549036
36_81_124,36,81,124,40.73614,-73.82153,8.883242,-0.6490227519365105,COMMERCIAL,URBAN AND CENTER CITY,0.91112692174995,0.410810890650039,1,0,0,0,0,0,0,0,5416.357421875,1.1935363786796138,1.0660386258733248
36_101_3,36,101,3,42.09142,-77.20978,5.893611,0.33042918830080614,FOREST,RURAL,0.843614868726189,0.430173238313198,0,0,0,0,1,0,0,1,3.57328248023987,-1.8431824511961306,0.1289187857512407
42_101_48,42,101,48,39.991389,-75.080833,8.987749,-0.6551189258384025,RESIDENTIAL,URBAN AND CENTER CITY,0.892532454916724,0.387692268749986,0,1,0,0,0,0,0,0,1534.91528320312,0.6526776983855443,-0.37478312831439414
48_113_69,48,113,69,32.820061,-96.860117,8.245246,-0.4427688682558307,COMMERCIAL,URBAN AND CENTER CITY,0.488725454526902,0.168550540070173,1,0,0,0,0,0,0,0,257.806274414062,-0.11144464166245482,0.4569107297939686
48_201_24,48,201,24,29.901036,-95.326137,10.181616,-0.6508516041070781,RESIDENTIAL,SUBURBAN,0.520630997576273,0.0970902962770191,0,1,0,0,0,0,1,0,3322.19848632812,0.9838490387985772,0.19920277376039747
48_201_1039,48,201,1039,29.670025,-95.128508,8.646547,-0.6795036214459705,RESIDENTIAL,URBAN AND CENTER CITY,0.524876391977139,0.0914898567692186,0,1,0,0,0,0,0,0,1756.60888671875,0.7105308182284262,0.960612643859589
48_245_21,48,245,21,29.922894,-93.909018,8.499135,-0.699824201118944,RESIDENTIAL,SUBURBAN,0.550688316916613,0.0980609142122596,0,1,0,0,0,0,1,0,2106.61596679688,0.7884547074164696,0.44519673179244745
50_21_2,50,21,2,43.608056,-72.982778,7.188767,-0.36453463651488327,COMMERCIAL,URBAN AND CENTER CITY,0.909202067162179,0.483012981406713,1,0,0,0,0,0,0,0,2924.50927734375,0.9291577368456352,-0.796487056369336
42_101_4,42,101,4,40.008889,-75.09778,8.823547,-0.6551189258384025,RESIDENTIAL,URBAN AND CENTER CITY,0.892130571348543,0.388044239503492,0,1,0,0,0,0,0,0,6806.09814453125,1.2915221644796426,-0.4099251223189725
53_11_24,53,11,24,45.64336,-122.58737,7.771105,-0.5900930708848877,RESIDENTIAL,SUBURBAN,0.0562610906968962,0.547201706928236,0,1,0,0,0,0,1,0,2760.30834960938,0.9043718586993743,-0.9839110243937503
53_33_30,53,33,30,47.597222,-122.319722,8.981518,-0.6693433316094839,BLIGHTED AREAS,URBAN AND CENTER CITY,0.0736900886216029,0.591727304139231,0,0,0,0,0,0,0,0,3515.99584960938,1.0081695633558794,-0.5973490903433868
53_33_57,53,33,57,47.55975,-122.338265,8.923889,-0.6977921431516466,INDUSTRIAL,SUBURBAN,0.0731441060651134,0.590936379105387,0,0,1,0,0,0,1,0,20.979076385498,-1.1695730828262116,-0.5504930983372867
53_33_69,53,33,69,47.498535,-122.278385,8.165738,-0.6896639112824572,RESIDENTIAL,SUBURBAN,0.0736977293715125,0.589233204387107,0,1,0,0,0,0,1,0,1403.36352539062,0.6142560980206706,-0.8316290503739144
53_33_80,53,33,80,47.568236,-122.308628,7.087791,-0.4864581145527235,RESIDENTIAL,URBAN AND CENTER CITY,0.0736753578260995,0.590999626129539,0,1,0,0,0,0,0,0,1800.09838867188,0.7210187791056492,-0.6324910843479652
53_33_2004,53,33,2004,47.386111,-122.230278,9.346089,-0.6591830417729971,COMMERCIAL,URBAN AND CENTER CITY,0.0737250330846909,0.586385999394861,1,0,0,0,0,0,0,0,1596.5771484375,0.6695673754190739,-0.8316290503739144
53_35_7,53,35,7,47.592675,-122.627397,6.396379,-0.5413236796697516,RESIDENTIAL,SUBURBAN,0.0687342699403359,0.593029854123298,0,1,0,0,0,0,1,0,2152.13916015625,0.7976240867604628,-0.4802091103281293
53_37_2,53,37,2,46.99364,-120.545,7.257265,0.3162047825297248,COMMERCIAL,URBAN AND CENTER CITY,0.0984389587067869,0.56972668026691,1,0,0,0,0,0,0,0,1414.95788574219,0.6177840925739511,-0.29278514230370123
53_47_13,53,47,13,48.39999,-119.51896,10.190774,-0.6896639112824572,RESIDENTIAL,SUBURBAN,0.123495734246323,0.598513728128629,0,1,0,0,0,0,1,0,811.209411621094,0.3792950567200863,-0.9839110243937503
53_53_24,53,53,24,47.22634,-122.46256,8.591395,-0.4803619406508315,RESIDENTIAL,URBAN AND CENTER CITY,0.0689255458147148,0.583713468288222,0,1,0,0,0,0,0,0,303.578308105469,-0.04156819450890656,-0.6676330783525436
53_53_29,53,53,29,47.1864,-122.4517,8.688451,-0.4905222304873182,COMMERCIAL,SUBURBAN,0.0688335214772469,0.582729593831889,1,0,0,0,0,0,1,0,2605.73461914062,0.8796536467866849,-0.7613450623647576
53_53_31,53,53,31,47.2656,-122.3858,8.672965,-0.6977921431516466,INDUSTRIAL,SUBURBAN,0.070423163944146,0.584278726450286,0,0,1,0,0,0,1,0,0,-2.49549678170811,-0.4450671163235509
53_57_11,53,57,11,48.52059,-122.61428,5.646556,-0.6855997953478625,COMMERCIAL,URBAN AND CENTER CITY,0.0751625223916297,0.614590168403831,1,0,0,0,0,0,0,0,935.915771484375,0.44058404765809345,-0.6442050823494864
53_61_20,53,61,20,48.2469,-121.6031,11.797135,-0.3299896510708285,RESIDENTIAL,URBAN AND CENTER CITY,0.0893739070907673,0.603699075868486,0,1,0,0,0,0,0,0,725.523010253906,0.3314567736051041,-1.5227549324639493
53_61_1007,53,61,1007,48.054315,-122.171529,9.135211,-0.6957600851843493,RESIDENTIAL,SUBURBAN,0.0790801305624348,0.601728318125844,0,1,0,0,0,0,1,0,2705.30908203125,0.895739078068769,-0.6324910843479652
53_63_17,53,63,17,47.663962,-117.257654,7.833983,0.5417632168997292,RESIDENTIAL,SUBURBAN,0.155696230638981,0.572431955204771,0,1,0,0,0,0,1,0,1677.50122070312,0.6907699729915993,-1.2181909844242786
53_65_5,53,65,5,48.544448,-117.903425,8.907843,-0.555548085440833,RESIDENTIAL,URBAN AND CENTER CITY,0.150106813492433,0.595629230524259,0,1,0,0,0,0,0,0,1112.62182617188,0.5147218133329521,-1.3119029684364782
53_73_19,53,73,19,48.760036,-122.456463,6.346075,-0.6510548099038078,COMMERCIAL,SUBURBAN,0.0792444156827535,0.619445415791697,1,0,0,0,0,0,1,0,3299.34594726562,0.980888143851045,-1.007339020396807
53_77_9,53,77,9,46.594952,-120.512283,9.201671,-0.03737330378001194,COMMERCIAL,URBAN AND CENTER CITY,0.0964940735449541,0.560199071212732,1,0,0,0,0,0,0,0,1350.15405273438,0.5976824913575396,-0.22250115429454445
53_77_15,53,77,15,46.38024,-120.33266,9.635345,-0.26089968018271903,RESIDENTIAL,URBAN AND CENTER CITY,0.098105756941714,0.554364431558096,0,1,0,0,0,0,0,0,296.693542480469,-0.05137873157772862,-0.1756451622884443
29_77_36,29,77,36,37.256137,-93.299894,9.130838,0.1333195654729644,RESIDENTIAL,SUBURBAN,0.558492656353791,0.278340276724554,0,1,0,0,0,0,1,0,746.143371582031,0.3434656592919182,0.3866267417848118
33_15_14,33,15,14,43.075371,-70.748017,6.369252,-0.6795036214459705,RESIDENTIAL,URBAN AND CENTER CITY,0.950868868476041,0.480316923254184,0,1,0,0,0,0,0,0,210.377563476562,-0.19830676786194024,1.5814545379404807
48_141_44,48,141,44,31.765685,-106.455227,9.101835,1.5801448381886687,COMMERCIAL,URBAN AND CENTER CITY,0.289914235621088,0.154540543487248,1,0,0,0,0,0,0,0,0,-2.49549678170811,-0.29278514230370123
39_113_38,39,113,38,39.755969,-84.198674,9.206301,-0.2527714483135297,COMMERCIAL,URBAN AND CENTER CITY,0.726126466131496,0.352877220933559,1,0,0,0,0,0,0,0,488.066314697266,0.16163537714038925,0.2694867617695549
42_1_1,42,1,1,39.92002,-77.30968,8.433151,-0.15320060791596016,RESIDENTIAL,RURAL,0.852292273565954,0.377385399686653,0,1,0,0,0,0,0,1,20.8431701660156,-1.1722345637396347,-0.6910610743556008
42_5_1,42,5,1,40.814183,-79.56475,9.335754,-0.29341260765947647,COMMERCIAL,SUBURBAN,0.807206033973668,0.391364615387607,1,0,0,0,0,0,1,0,72.3838653564453,-0.6522578626444848,0.03520680173902667
42_11_11,42,11,11,40.38335,-75.9686,8.182645,-0.5128748681275889,COMMERCIAL,SUBURBAN,0.87437132200366,0.393603145722856,1,0,0,0,0,0,1,0,188.908660888672,-0.24426335141237684,-0.6559190803510219
42_13_801,42,13,801,40.535278,-78.370833,8.335294,0.0682937105194496,INDUSTRIAL,SUBURBAN,0.830087069190388,0.388528751914318,0,0,1,0,0,0,1,0,188.64094543457,-0.24486866753066752,0.023492803737504907
42_15_11,42,15,11,41.705226,-76.512726,6.715172,-0.008924492237849217,FOREST,RURAL,0.857888991218558,0.423390173104971,0,0,0,0,1,0,0,1,42.2314529418945,-0.8793041518035838,0.04692079974054843
42_21_11,42,21,11,40.309722,-78.915,10.181894,0.033748725075394864,COMMERCIAL,URBAN AND CENTER CITY,0.821196757642029,0.381236326416358,1,0,0,0,0,0,0,0,1175.05908203125,0.5381292466936992,6.480773444827735e-5
42_27_100,42,27,100,40.811389,-77.877028,7.951397,-0.699824201118944,AGRICULTURAL,RURAL,0.837757967329448,0.396911698777691,0,0,0,0,0,0,0,1,309.925811767578,-0.032717758582203126,-0.33964113430981574
42_29_100,42,29,100,39.834461,-75.768242,8.090221,-0.699824201118944,COMMERCIAL,RURAL,0.880854451108207,0.381164338180695,1,0,0,0,0,0,0,1,36.2373161315918,-0.9433486417194514,-0.19907315829150155
42_43_401,42,43,401,40.246992,-76.846988,9.798844,-0.4458169552067768,COMMERCIAL,RURAL,0.859129246685223,0.386983577725734,1,0,0,0,0,0,0,1,398.201477050781,0.07451666570323648,-0.8199150523723789
42_45_109,42,45,109,39.818715,-75.413973,8.52429,-0.699824201118944,INDUSTRIAL,URBAN AND CENTER CITY,0.887393956427479,0.382193592860862,0,0,1,0,0,0,0,0,2503.40673828125,0.8624701560607155,-0.32792713630828024
42_49_3,42,49,3,42.14175,-80.038611,7.07726,-0.699824201118944,COMMERCIAL,SUBURBAN,0.793151938898608,0.422101192059119,1,0,0,0,0,0,1,0,2177.6513671875,0.80267840838904,0.6677626938214402
42_51_524,42,51,524,39.917663,-79.805499,7.760219,0.011396087435124156,AGRICULTURAL,RURAL,0.806587195867896,0.368842131861951,0,0,0,0,0,0,0,1,50.6438903808594,-0.8030106051230184,-0.4567811143250727
42_59_2,42,59,2,39.80933,-80.26567,6.727306,0.2146018841648579,AGRICULTURAL,RURAL,0.798574564755944,0.364775693571444,0,0,0,0,0,0,0,1,5.4521689414978,-1.6954964342964576,-0.5270651023342294
42_63_4,42,63,4,40.56333,-78.919972,7.550411,0.03171666710809753,COMMERCIAL,RURAL,0.819989323516128,0.387366632136752,1,0,0,0,0,0,0,1,78.7847671508789,-0.6163737999245624,0.24605876576649763
42_69_2006,42,69,2006,41.442778,-75.623056,7.613714,-0.18977765132731225,RESIDENTIAL,SUBURBAN,0.875072120346676,0.420444151564777,0,1,0,0,0,0,1,0,1289.95703125,0.5781266563846909,-0.08193317827623026
42_77_4,42,77,4,40.611944,-75.4325,8.573052,-0.4641054769124528,COMMERCIAL,SUBURBAN,0.882859766198737,0.401206315677177,1,0,0,0,0,0,1,0,542.285522460938,0.20674845871653105,-0.5270651023342294
42_81_419,42,81,419,41.266263,-77.231189,7.369444,-0.3137331873324498,AGRICULTURAL,RURAL,0.847219875219976,0.410186419534117,0,0,0,0,0,0,0,1,148.097183227539,-0.34807921870356634,-0.4099251223189725
42_91_13,42,91,13,40.112222,-75.309167,7.833149,-0.592125128852185,RESIDENTIAL,SUBURBAN,0.88774113360015,0.389676307522329,0,1,0,0,0,0,1,0,628.531311035156,0.2699706678225968,-0.5504930983372867
42_95_25,42,95,25,40.628056,-75.341111,8.752616,-0.699824201118944,COMMERCIAL,SUBURBAN,0.884420850610964,0.401956714447392,1,0,0,0,0,0,1,0,1786.32043457031,0.7177237366747152,-0.5739210943403296
42_115_215,42,115,215,41.867331,-75.686219,6.595341,0.1658324929497218,AGRICULTURAL,RURAL,0.871730312731228,0.430409479648677,0,0,0,0,0,0,0,1,17.9511470794678,-1.2331754131294266,0.36319874578175454
42_117_4000,42,117,4000,41.644722,-76.939167,6.23806,0.6210134776243253,FOREST,RURAL,0.850597085216242,0.420370590614415,0,0,0,0,1,0,0,1,0.373201310634613,-2.3594134972049665,0.39834073978633355
42_125_5,42,125,5,40.146667,-79.902222,9.611461,-0.22838675270596165,COMMERCIAL,SUBURBAN,0.803859889368367,0.374099268051729,1,0,0,0,0,0,1,0,1839.09704589844,0.7302105574161653,-0.4333531183220154
42_125_5001,42,125,5001,40.445278,-80.420833,7.123123,-0.019084782074335904,AGRICULTURAL,RURAL,0.793161474060668,0.379759524396388,0,0,0,0,0,0,0,1,9.85037040710449,-1.4724633756800174,-0.15221716628538767
42_129_8,42,129,8,40.304694,-79.505667,8.244245,-0.699824201118944,COMMERCIAL,SUBURBAN,0.81044405231849,0.379190785836198,1,0,0,0,0,0,1,0,280.150115966797,-0.07591224490571152,-0.1756451622884443
42_131_10,42,131,10,41.605244,-75.95774,6.628519,0.037812841009989544,AGRICULTURAL,RURAL,0.868269438225293,0.42306610951436,0,0,0,0,0,0,0,1,14.8333396911621,-1.3103026991174234,0.10549078974818345
42_133_8,42,133,8,39.965278,-76.699444,8.869296,-0.4458169552067768,RESIDENTIAL,SUBURBAN,0.863209693699255,0.380734970495687,0,1,0,0,0,0,1,0,1313.10229492188,0.5857515398790588,-0.8082010543708578
6_31_4,6,31,4,36.102244,-119.56565,14.626667,-0.5758686651138063,RESIDENTIAL,SUBURBAN,0.0486957939823389,0.306204632332524,0,1,0,0,0,0,1,0,1917.77624511719,0.74817620816425,-0.8784850423800146
