"design","gscp","whitened"
"nearby",23,7
"nearby",39,38
"nearby",21,18
"nearby",36,24
"nearby",21,12
"nearby",2,36
"nearby",30,17
"nearby",45,10
"nearby",21,1
"nearby",44,23
"nearby",49,50
"nearby",41,11
"nearby",33,44
"nearby",22,11
"nearby",20,11
"nearby",35,38
"nearby",7,12
"nearby",12,43
"nearby",39,42
"nearby",28,32
"nearby",21,19
"nearby",6,39
"nearby",25,36
"nearby",33,18
"nearby",19,9
"nearby",22,8
"nearby",12,12
"nearby",7,40
"nearby",28,19
"nearby",4,33
"nearby",13,13
"nearby",34,5
"nearby",31,2
"nearby",40,41
"nearby",39,48
"nearby",31,41
"nearby",40,4
"nearby",13,32
"nearby",9,47
"nearby",13,25
"nearby",10,42
"nearby",35,49
"nearby",32,13
"nearby",51,51
"nearby",37,45
"nearby",50,51
"nearby",20,14
"nearby",29,46
"nearby",37,25
"nearby",24,15
"nearby",45,49
"nearby",27,32
"nearby",28,48
"nearby",37,25
"nearby",40,37
"nearby",4,3
"nearby",22,14
"nearby",47,48
"nearby",28,25
"nearby",42,40
"nearby",9,30
"nearby",22,16
"nearby",37,3
"nearby",36,5
"nearby",3,21
"nearby",14,46
"nearby",9,45
"nearby",25,12
"nearby",43,21
"nearby",4,46
"nearby",49,51
"nearby",9,43
"nearby",8,4
"nearby",51,40
"nearby",46,10
"nearby",31,25
"nearby",13,35
"nearby",50,32
"nearby",3,37
"nearby",5,14
"nearby",29,1
"nearby",38,20
"nearby",16,22
"nearby",33,9
"nearby",47,43
"nearby",6,46
"nearby",12,4
"nearby",30,36
"nearby",11,11
"nearby",7,16
"nearby",17,43
"nearby",8,48
"nearby",5,27
"nearby",44,45
"nearby",34,32
"nearby",20,38
"nearby",28,29
"nearby",42,32
"nearby",18,7
"nearby",35,22
"nearby",34,13
"nearby",15,34
"nearby",44,35
"nearby",2,47
"nearby",9,20
"nearby",48,28
"nearby",47,2
"nearby",47,37
"nearby",48,2
"nearby",40,11
"nearby",10,31
"nearby",47,6
"nearby",43,16
"nearby",50,39
"nearby",42,44
"nearby",39,21
"nearby",18,22
"nearby",33,45
"nearby",20,40
"nearby",6,41
"nearby",29,27
"nearby",23,16
"nearby",9,26
"nearby",40,28
"nearby",28,35
"nearby",51,50
"nearby",32,6
"nearby",21,31
"nearby",34,29
"nearby",47,40
"nearby",39,8
"nearby",10,2
"nearby",22,5
"nearby",43,38
"nearby",18,1
"nearby",31,44
"nearby",10,7
"nearby",42,5
"nearby",8,7
"nearby",3,35
"nearby",40,27
"nearby",40,42
"nearby",26,48
"nearby",48,50
"nearby",10,14
"nearby",21,43
"nearby",49,45
"nearby",29,33
"nearby",8,1
"nearby",27,23
"nearby",41,35
"nearby",35,2
"nearby",9,41
"nearby",51,48
"nearby",37,3
"nearby",39,21
"nearby",22,14
"nearby",50,45
"nearby",3,17
"nearby",2,1
"nearby",49,49
"nearby",22,28
"nearby",49,12
"nearby",23,1
"nearby",38,47
"nearby",31,5
"nearby",22,16
"nearby",21,39
"nearby",5,28
"nearby",25,47
"nearby",15,50
"nearby",41,19
"nearby",41,30
"nearby",4,7
"nearby",23,44
"nearby",47,47
"nearby",22,26
"nearby",9,12
"nearby",14,38
"nearby",29,8
"nearby",21,49
"nearby",6,10
"nearby",8,25
"nearby",46,47
"nearby",30,8
"nearby",3,25
"nearby",19,45
"nearby",46,42
"nearby",30,35
"nearby",46,24
"nearby",3,26
"nearby",44,40
"nearby",33,24
"nearby",41,47
"nearby",39,39
"nearby",8,35
"nearby",29,40
"nearby",6,43
"nearby",31,21
"nearby",46,15
"nearby",48,44
"nearby",17,26
"nearby",22,15
"nearby",34,6
"nearby",9,42
"nearby",14,6
"nearby",25,44
"nearby",22,19
"nearby",45,24
"nearby",51,48
"nearby",46,47
"nearby",49,36
"nearby",11,35
"nearby",32,1
"nearby",5,48
"nearby",9,19
"nearby",27,13
"nearby",17,36
"nearby",44,38
"nearby",2,26
"nearby",42,41
"nearby",51,47
"nearby",8,16
"nearby",37,38
"nearby",4,17
"nearby",38,49
"nearby",1,44
"nearby",31,3
"nearby",5,42
"nearby",43,32
"nearby",6,18
"nearby",40,34
"nearby",16,44
"nearby",46,50
"nearby",33,23
"nearby",47,41
"nearby",16,16
"nearby",19,33
"nearby",5,48
"nearby",38,48
"nearby",14,36
"nearby",49,37
"nearby",9,37
"nearby",47,46
"nearby",38,21
"nearby",37,3
"nearby",28,38
"nearby",12,9
"nearby",22,39
"nearby",3,32
"nearby",18,33
"nearby",4,22
"nearby",48,41
"nearby",15,10
"nearby",35,4
"nearby",44,20
"nearby",5,47
"nearby",26,36
"nearby",2,24
"nearby",45,17
"nearby",20,36
"nearby",33,43
"nearby",35,2
"nearby",27,3
"nearby",33,5
"nearby",28,40
"nearby",41,6
"nearby",45,45
"nearby",24,25
"nearby",45,47
"nearby",4,2
"nearby",41,38
"nearby",11,21
"nearby",12,35
"nearby",42,4
"nearby",17,40
"nearby",13,9
"nearby",34,7
"nearby",15,7
"nearby",5,28
"nearby",8,29
"nearby",32,36
"nearby",2,11
"nearby",27,28
"nearby",50,40
"nearby",5,42
"nearby",14,8
"nearby",50,16
"nearby",24,3
"nearby",42,31
"nearby",31,22
"nearby",6,17
"nearby",47,19
"nearby",10,32
"nearby",21,1
"nearby",5,8
"nearby",51,50
"nearby",47,37
"nearby",8,9
"nearby",13,44
"nearby",24,33
"nearby",38,22
"nearby",30,15
"nearby",33,25
"nearby",30,8
"nearby",1,31
"nearby",39,40
"nearby",42,7
"nearby",38,2
"nearby",9,42
"nearby",5,43
"nearby",40,40
"nearby",24,32
"nearby",21,27
"nearby",34,44
"nearby",25,27
"nearby",20,4
"nearby",3,34
"nearby",2,31
"nearby",27,7
"nearby",21,13
"nearby",47,40
"nearby",25,8
"nearby",13,23
"nearby",7,13
"nearby",36,48
"nearby",34,39
"nearby",31,14
"nearby",10,31
"nearby",36,30
"nearby",31,4
"nearby",32,19
"nearby",51,43
"nearby",3,29
"nearby",27,10
"nearby",26,18
"nearby",46,42
"nearby",25,32
"nearby",12,34
"nearby",34,15
"nearby",21,29
"nearby",51,51
"nearby",44,42
"nearby",46,48
"nearby",13,33
"nearby",46,51
"nearby",13,14
"nearby",26,6
"nearby",13,10
"nearby",27,19
"nearby",32,51
"nearby",3,35
"nearby",44,43
"nearby",19,10
"nearby",39,43
"nearby",14,39
"nearby",30,12
"nearby",9,26
"nearby",1,12
"nearby",45,43
"nearby",31,21
"nearby",32,24
"nearby",30,44
"nearby",40,32
"nearby",8,33
"nearby",10,28
"nearby",20,24
"nearby",47,27
"nearby",51,38
"nearby",45,48
"nearby",45,33
"nearby",24,10
"nearby",43,19
"nearby",41,46
"nearby",39,19
"nearby",2,41
"nearby",21,12
"nearby",33,23
"nearby",23,40
"nearby",3,18
"nearby",17,31
"nearby",41,19
"nearby",9,28
"nearby",5,45
"nearby",37,3
"nearby",27,43
"nearby",20,31
"nearby",17,7
"nearby",46,39
"nearby",41,26
"nearby",40,3
"nearby",22,8
"nearby",4,23
"nearby",44,35
"nearby",35,14
"nearby",23,13
"nearby",2,36
"nearby",15,4
"nearby",8,29
"nearby",6,23
"nearby",14,36
"nearby",9,31
"nearby",44,23
"nearby",11,17
"nearby",30,48
"nearby",44,34
"nearby",14,1
"nearby",31,43
"nearby",4,48
"nearby",10,39
"nearby",11,1
"nearby",6,45
"nearby",8,2
"nearby",33,19
"nearby",34,23
"nearby",49,49
"nearby",19,13
"nearby",25,15
"nearby",19,14
"nearby",6,17
"nearby",18,39
"nearby",25,3
"nearby",39,48
"nearby",34,11
"nearby",29,48
"nearby",12,24
"nearby",2,4
"nearby",34,38
"nearby",33,27
"nearby",19,22
"nearby",24,37
"nearby",33,7
"nearby",19,36
"nearby",32,24
"nearby",37,31
"nearby",48,39
"nearby",15,24
"nearby",25,25
"nearby",11,47
"nearby",39,8
"nearby",31,40
"nearby",22,33
"nearby",49,17
"nearby",18,50
"nearby",42,51
"nearby",47,47
"nearby",35,28
"nearby",4,3
"nearby",42,38
"nearby",31,45
"nearby",10,40
"nearby",35,51
"nearby",45,48
"nearby",31,38
"nearby",9,4
"nearby",41,12
"nearby",23,33
"nearby",14,47
"nearby",8,12
"nearby",19,49
"nearby",37,2
"nearby",22,49
"nearby",45,3
"nearby",4,37
"nearby",39,12
"nearby",2,18
"nearby",9,10
"nearby",38,10
"nearby",20,15
"nearby",28,1
"nearby",4,5
"nearby",51,51
"nearby",6,29
"nearby",31,19
"nearby",27,27
"nearby",42,12
"nearby",23,26
"nearby",28,16
"nearby",6,14
"nearby",3,46
"nearby",38,28
"nearby",9,5
"nearby",11,5
"nearby",51,48
"nearby",48,49
"nearby",38,16
"nearby",7,2
"nearby",5,37
"nearby",16,27
"nearby",27,27
"nearby",13,17
"nearby",5,8
"nearby",50,51
"nearby",37,3
"nearby",3,3
"nearby",46,39
"nearby",1,20
"nearby",1,5
"nearby",23,43
"nearby",15,18
"nearby",51,42
"nearby",6,32
"nearby",36,50
"nearby",36,13
"nearby",32,32
"nearby",32,4
"nearby",17,42
"nearby",42,21
"nearby",34,22
"nearby",4,18
"nearby",23,21
"nearby",2,24
"nearby",44,16
"nearby",50,47
"nearby",36,33
"nearby",38,24
"nearby",30,18
"nearby",26,16
"nearby",36,24
"nearby",39,43
"nearby",3,7
"nearby",11,48
"nearby",16,35
"nearby",33,5
"nearby",14,40
"nearby",39,49
"nearby",31,2
"nearby",23,33
"nearby",26,9
"nearby",2,17
"nearby",35,46
"nearby",49,29
"nearby",18,12
"nearby",28,1
"nearby",44,37
"nearby",25,40
"nearby",29,35
"nearby",38,9
"nearby",26,2
"nearby",51,45
"nearby",47,20
"nearby",32,18
"nearby",14,30
"nearby",50,35
"nearby",44,12
"nearby",31,18
"nearby",15,19
"nearby",7,36
"nearby",29,11
"nearby",44,30
"nearby",46,25
"nearby",45,43
"nearby",19,28
"nearby",31,9
"nearby",26,38
"nearby",31,31
"nearby",29,48
"nearby",14,14
"nearby",27,23
"nearby",9,27
"nearby",39,13
"nearby",1,9
"nearby",31,3
"nearby",25,37
"nearby",11,35
"nearby",23,7
"nearby",41,14
"nearby",26,16
"nearby",31,11
"nearby",40,27
"nearby",20,45
"nearby",32,14
"nearby",14,27
"nearby",4,43
"nearby",46,37
"nearby",13,16
"nearby",32,38
"nearby",42,34
"nearby",32,2
"nearby",34,24
"nearby",4,33
"nearby",42,34
"nearby",30,21
"nearby",41,5
"nearby",17,2
"nearby",42,3
"nearby",17,37
"nearby",43,29
"nearby",33,17
"nearby",15,16
"nearby",42,48
"nearby",15,46
"nearby",46,47
"nearby",50,36
"nearby",9,22
"nearby",19,34
"nearby",19,30
"nearby",50,46
"nearby",9,17
"nearby",3,37
"nearby",50,35
"nearby",43,18
"nearby",2,39
"nearby",16,40
"nearby",16,31
"nearby",9,46
"nearby",2,6
"nearby",20,39
"nearby",37,51
"nearby",23,4
"nearby",51,47
"nearby",18,19
"nearby",32,40
"nearby",2,4
"nearby",40,39
"nearby",45,48
"nearby",11,38
"nearby",19,2
"nearby",34,50
"nearby",25,13
"nearby",26,36
"nearby",42,10
"nearby",33,28
"nearby",49,41
"nearby",20,3
"nearby",5,51
"nearby",50,42
"nearby",41,45
"nearby",5,49
"nearby",10,15
"nearby",21,14
"nearby",45,48
"nearby",34,34
"nearby",43,26
"nearby",40,17
"nearby",36,15
"nearby",31,46
"nearby",42,4
"nearby",34,40
"nearby",30,31
"nearby",28,24
"nearby",42,37
"nearby",11,18
"nearby",20,10
"nearby",30,14
"nearby",31,24
"nearby",9,40
"nearby",31,3
"nearby",6,27
"nearby",37,4
"nearby",3,15
"nearby",46,42
"nearby",50,47
"nearby",29,33
"nearby",7,2
"nearby",15,32
"nearby",45,26
"nearby",22,19
"nearby",45,25
"nearby",10,32
"nearby",37,3
"nearby",13,28
"nearby",3,48
"nearby",46,18
"nearby",2,16
"nearby",9,43
"nearby",39,42
"nearby",35,8
"nearby",23,27
"nearby",22,3
"nearby",35,11
"nearby",46,40
"nearby",50,43
"nearby",3,34
"nearby",46,36
"nearby",17,14
"nearby",29,28
"nearby",28,20
"nearby",49,44
"nearby",30,20
"nearby",13,44
"nearby",32,37
"nearby",38,19
"nearby",1,19
"nearby",15,23
"nearby",28,7
"nearby",36,8
"nearby",12,14
"nearby",38,40
"nearby",12,48
"nearby",11,14
"nearby",12,35
"nearby",24,21
"nearby",33,39
"nearby",22,1
"nearby",3,11
"nearby",28,8
"nearby",50,46
"nearby",22,37
"nearby",33,9
"nearby",8,5
"nearby",6,34
"nearby",40,32
"nearby",23,30
"nearby",48,33
"nearby",13,49
"nearby",35,19
"nearby",33,22
"nearby",14,25
"nearby",13,39
"nearby",41,39
"nearby",47,4
"nearby",36,32
"nearby",43,31
"nearby",10,30
"nearby",34,49
"nearby",41,41
"nearby",50,49
"nearby",37,9
"nearby",32,48
"nearby",15,1
"nearby",20,40
"nearby",30,11
"nearby",7,2
"nearby",51,51
"nearby",20,34
"nearby",5,5
"nearby",35,13
"nearby",3,22
"nearby",41,6
"nearby",45,19
"nearby",12,22
"nearby",16,19
"nearby",36,49
"nearby",44,42
"nearby",27,17
"nearby",18,30
"nearby",9,14
"nearby",22,25
"nearby",32,39
"nearby",27,12
"nearby",12,8
"nearby",46,50
"nearby",49,50
"nearby",21,49
"nearby",33,10
"nearby",40,40
"nearby",42,45
"nearby",46,33
"nearby",46,44
"nearby",33,30
"nearby",44,43
"nearby",45,14
"nearby",29,14
"nearby",13,23
"nearby",1,25
"nearby",39,17
"nearby",24,2
"nearby",7,29
"nearby",22,46
"nearby",5,1
"nearby",44,19
"nearby",50,45
"nearby",42,48
"nearby",36,11
"nearby",38,29
"nearby",39,40
"nearby",1,12
"nearby",14,4
"nearby",1,2
"nearby",15,6
"nearby",2,24
"nearby",51,51
"nearby",17,41
"nearby",47,42
"nearby",34,43
"nearby",22,3
"nearby",51,49
"nearby",29,18
"nearby",21,15
"nearby",44,25
"nearby",39,19
"nearby",32,15
"nearby",14,44
"nearby",5,11
"nearby",19,8
"nearby",19,14
"nearby",34,32
"nearby",22,13
"nearby",40,11
"nearby",42,37
"nearby",27,24
"nearby",21,7
"nearby",6,45
"nearby",12,26
"nearby",49,45
"nearby",44,10
"nearby",13,21
"nearby",6,14
"nearby",10,16
"nearby",25,14
"nearby",42,35
"nearby",6,4
"nearby",1,16
"nearby",15,41
"nearby",50,48
"nearby",19,2
"nearby",20,38
"nearby",10,24
"nearby",25,34
"nearby",16,35
"nearby",25,16
"nearby",27,27
"nearby",49,33
"nearby",51,50
"nearby",32,12
"nearby",50,37
"nearby",45,26
"nearby",3,18
"nearby",25,34
"nearby",23,37
"nearby",41,10
"nearby",18,39
"nearby",42,37
"nearby",17,1
"nearby",14,32
"nearby",18,27
"nearby",48,7
"nearby",48,21
"nearby",2,11
"nearby",22,30
"nearby",17,25
"nearby",23,24
"nearby",44,47
"nearby",35,14
"nearby",29,5
"nearby",50,40
"nearby",25,17
"nearby",32,19
"nearby",29,38
"nearby",9,2
"nearby",17,6
"nearby",22,21
"nearby",30,25
"nearby",28,38
"nearby",15,44
"nearby",45,31
"nearby",26,8
"nearby",35,9
"nearby",35,23
"nearby",34,18
"nearby",37,24
"nearby",27,46
"nearby",42,12
"nearby",9,15
"nearby",2,25
"nearby",7,31
"nearby",36,41
"nearby",34,50
"nearby",29,10
"nearby",33,1
"nearby",49,50
"nearby",45,39
"nearby",41,37
"nearby",51,41
"nearby",36,34
"nearby",25,6
"nearby",30,5
"nearby",1,15
"nearby",24,45
"nearby",14,12
"nearby",6,12
"nearby",5,21
"nearby",27,47
"nearby",43,29
"nearby",47,47
"nearby",34,42
"nearby",15,42
"nearby",33,20
"nearby",34,2
"nearby",31,22
"nearby",29,3
"nearby",14,42
"nearby",28,40
"nearby",41,42
"nearby",20,24
"nearby",46,29
"nearby",44,48
"nearby",49,32
"nearby",9,23
"nearby",26,16
"nearby",42,15
"nearby",12,29
"nearby",19,21
"nearby",17,14
"nearby",8,30
"nearby",10,36
"nearby",11,39
"nearby",19,12
"nearby",30,17
"nearby",50,37
"nearby",12,1
"nearby",3,13
"nearby",36,50
"nearby",49,49
"nearby",16,42
"nearby",11,8
"nearby",39,30
"nearby",51,50
"nearby",49,43
"nearby",29,33
"nearby",7,36
"nearby",39,20
"nearby",14,25
"nearby",21,24
"nearby",25,8
"nearby",44,50
"nearby",33,49
"nearby",10,35
"nearby",4,11
"nearby",33,9
"nearby",26,26
"nearby",42,25
"nearby",19,30
"nearby",26,30
"nearby",8,32
"nearby",46,10
"nearby",41,47
"nearby",31,3
"nearby",24,3
"nearby",49,15
"nearby",27,14
"nearby",43,31
"nearby",5,46
"nearby",25,15
"nearby",16,10
"nearby",40,8
"nearby",14,30
"nearby",14,6
"nearby",49,50
"nearby",38,43
"nearby",45,25
"nearby",28,13
"nearby",25,27
"nearby",8,42
"nearby",6,22
"nearby",18,20
"nearby",43,7
"nearby",20,39
"nearby",30,42
"nearby",12,23
"nearby",50,50
"nearby",7,48
"nearby",1,44
"nearby",9,8
"nearby",47,40
"nearby",27,1
"nearby",27,34
"nearby",14,35
"nearby",36,35
"nearby",30,25
"nearby",20,6
"nearby",27,26
"nearby",40,25
"nearby",10,7
"nearby",8,37
"nearby",29,27
"nearby",7,33
"nearby",39,34
"nearby",15,17
"nearby",47,45
"nearby",17,19
"nearby",48,34
"nearby",43,51
"nearby",15,4
"nearby",1,37
"nearby",45,28
"nearby",41,19
"nearby",23,34
"nearby",11,5
"nearby",9,37
"nearby",42,45
"nearby",43,1
"nearby",33,28
"nearby",46,8
"nearby",32,6
"nearby",24,13
"nearby",15,12
"nearby",44,23
"nearby",3,4
"nearby",26,10
"nearby",41,17
"nearby",43,43
"nearby",7,24
"nearby",3,11
"nearby",39,12
"nearby",9,38
"nearby",10,46
"nearby",29,12
"nearby",32,29
"nearby",38,29
"nearby",3,10
"nearby",38,18
"nearby",51,51
"nearby",40,51
"nearby",22,48
"nearby",24,33
"nearby",15,7
"nearby",23,15
"nearby",24,36
"nearby",44,45
"nearby",43,9
"nearby",14,28
"nearby",41,36
"nearby",11,2
"nearby",10,48
"nearby",26,33
"nearby",31,34
"nearby",16,2
"nearby",32,43
"nearby",38,32
"nearby",36,19
"nearby",5,11
"nearby",40,17
"nearby",32,10
"nearby",34,39
"nearby",40,15
"nearby",18,36
"nearby",13,50
"nearby",46,45
"nearby",21,14
"nearby",6,28
"nearby",29,21
"nearby",12,26
"nearby",27,27
"nearby",23,14
"nearby",30,48
"nearby",43,28
"nearby",15,10
"nearby",38,47
"nearby",4,44
"nearby",6,27
"nearby",35,20
"nearby",32,41
"nearby",8,49
"nearby",29,33
"nearby",40,24
"nearby",41,42
"nearby",8,2
"nearby",11,2
"nearby",27,16
"nearby",32,33
"nearby",5,37
"nearby",6,43
"nearby",31,19
"nearby",35,35
"nearby",51,35
"nearby",32,46
"nearby",29,28
"nearby",31,46
"nearby",36,19
"nearby",23,27
"nearby",32,48
"nearby",9,7
"nearby",13,6
"nearby",21,26
"nearby",30,7
"nearby",49,47
"nearby",28,46
"nearby",46,5
"nearby",4,23
"nearby",37,37
"nearby",24,48
"nearby",39,6
"nearby",38,8
"nearby",27,1
"nearby",36,34
"nearby",2,27
"nearby",2,26
"nearby",25,30
"nearby",46,50
"nearby",5,9
"nearby",46,24
"nearby",37,46
"nearby",7,11
"nearby",7,35
"nearby",24,24
"nearby",27,37
"nearby",30,34
"nearby",17,44
"nearby",26,42
"nearby",42,28
"nearby",22,26
"nearby",48,36
"nearby",22,47
"nearby",41,27
"nearby",14,42
"nearby",10,27
"nearby",31,47
"nearby",32,28
"nearby",7,31
"nearby",26,51
"nearby",32,51
"nearby",14,11
"nearby",1,39
"nearby",35,33
"nearby",19,27
"nearby",42,46
"nearby",23,3
"nearby",27,41
"nearby",30,26
"nearby",28,3
"nearby",11,14
"nearby",49,47
"nearby",51,51
"nearby",16,12
"nearby",47,2
"nearby",12,5
"nearby",44,29
"nearby",13,15
"nearby",4,35
"nearby",11,46
"nearby",10,15
"nearby",41,14
"nearby",22,27
"nearby",21,13
"nearby",12,1
"nearby",23,3
"nearby",25,14
"nearby",23,21
"nearby",26,22
"nearby",2,12
"nearby",51,45
"nearby",42,39
"nearby",40,49
"nearby",31,45
"nearby",9,11
"nearby",21,11
"nearby",25,4
"nearby",7,28
"nearby",21,9
"nearby",40,24
"nearby",24,24
"nearby",43,49
"nearby",34,11
"nearby",40,17
"nearby",33,41
"nearby",34,33
"nearby",14,10
"nearby",10,32
"nearby",5,12
"nearby",31,32
"nearby",6,1
"nearby",35,35
"nearby",34,10
"nearby",49,36
"nearby",11,30
"nearby",51,46
"nearby",2,49
"nearby",43,10
"nearby",13,5
"nearby",10,32
"nearby",49,39
"nearby",41,24
"nearby",12,26
"nearby",27,1
"nearby",34,14
"nearby",40,10
"nearby",31,43
"nearby",35,4
"nearby",46,47
"nearby",24,48
"nearby",18,35
"nearby",10,45
"nearby",7,24
"nearby",26,41
"nearby",2,30
"nearby",33,30
"nearby",50,51
"nearby",9,35
"nearby",31,13
"nearby",1,46
"nearby",18,41
"nearby",30,27
"nearby",33,37
"nearby",29,34
"nearby",9,36
"nearby",45,27
"nearby",27,7
"nearby",30,39
"nearby",31,11
"nearby",13,1
"nearby",12,7
"nearby",47,42
"nearby",41,42
"nearby",22,34
"nearby",44,35
"nearby",20,40
"nearby",34,19
"nearby",38,38
"nearby",26,41
"nearby",34,22
"nearby",26,10
"nearby",5,35
"nearby",45,51
"nearby",42,49
"nearby",23,27
"nearby",18,18
"nearby",32,24
"nearby",7,37
"nearby",14,10
"nearby",45,17
"nearby",30,49
"nearby",47,43
"nearby",28,22
"nearby",29,32
"nearby",43,17
"nearby",2,15
"nearby",44,21
"nearby",29,31
"nearby",42,47
"nearby",37,19
"nearby",1,9
"nearby",45,28
"nearby",14,5
"nearby",12,6
"nearby",47,24
"nearby",31,14
"nearby",32,33
"nearby",6,13
"nearby",29,37
"nearby",13,12
"nearby",39,6
"nearby",10,15
"nearby",45,22
"nearby",40,41
"nearby",42,29
"nearby",4,48
"nearby",39,39
"nearby",13,23
"nearby",31,4
"nearby",12,37
"nearby",35,1
"nearby",38,27
"nearby",38,29
"nearby",6,26
"nearby",35,18
"nearby",48,45
"nearby",41,45
"nearby",37,30
"nearby",44,47
"nearby",17,25
"nearby",38,10
"nearby",2,28
"nearby",24,6
"nearby",48,38
"nearby",23,47
"nearby",18,4
"nearby",16,22
"nearby",15,10
"nearby",25,29
"nearby",2,51
"nearby",26,4
"nearby",19,24
"nearby",27,45
"nearby",51,50
"nearby",41,51
"nearby",43,20
"nearby",8,35
"nearby",21,34
"nearby",33,21
"nearby",11,20
"nearby",51,51
"nearby",20,16
"nearby",8,49
"nearby",25,34
"nearby",7,18
"nearby",34,28
"nearby",11,35
"nearby",1,32
"nearby",41,6
"nearby",4,44
"nearby",28,44
"nearby",36,6
"nearby",33,5
"nearby",44,10
"nearby",37,48
"nearby",42,40
"nearby",21,6
"nearby",14,3
"nearby",23,27
"nearby",41,21
"nearby",7,38
"nearby",30,13
"nearby",18,1
"nearby",27,7
"nearby",10,7
"nearby",22,26
"nearby",13,6
"nearby",29,41
"nearby",2,9
"nearby",24,23
"nearby",48,43
"nearby",7,47
"nearby",5,4
"nearby",43,43
"nearby",4,14
"nearby",15,3
"nearby",38,43
"nearby",12,48
"nearby",36,20
"nearby",35,8
"nearby",20,28
"nearby",29,6
"nearby",19,23
"nearby",17,6
"nearby",17,37
"nearby",48,50
"nearby",7,25
"nearby",41,36
"nearby",43,14
"nearby",49,50
"nearby",42,34
"nearby",24,6
"nearby",5,15
"nearby",24,38
"nearby",31,6
"nearby",22,44
"nearby",16,49
"nearby",27,31
"nearby",3,17
"nearby",17,21
"nearby",30,7
"nearby",20,19
"nearby",36,38
"nearby",33,41
"nearby",36,35
"nearby",27,3
"nearby",6,22
"nearby",15,7
"nearby",23,37
"nearby",8,46
"nearby",25,30
"nearby",44,47
"nearby",48,41
"nearby",46,3
"nearby",19,29
"nearby",19,31
"nearby",15,43
"nearby",46,37
"nearby",34,44
"nearby",48,20
"nearby",20,7
"nearby",34,27
"nearby",16,31
"nearby",5,50
"nearby",1,6
"nearby",8,25
"nearby",1,31
"nearby",7,25
"nearby",30,13
"nearby",26,31
"nearby",9,36
"nearby",6,42
"nearby",12,41
"nearby",2,28
"nearby",16,5
"nearby",47,46
"nearby",21,24
"nearby",33,35
"nearby",32,4
"nearby",27,11
"nearby",13,51
"nearby",14,11
"nearby",40,27
"nearby",9,8
"nearby",37,2
"nearby",38,48
"nearby",25,33
"nearby",22,24
"nearby",11,17
"nearby",23,25
"nearby",40,48
"nearby",24,20
"nearby",51,48
"nearby",29,21
"nearby",32,4
"nearby",6,10
"nearby",51,51
"nearby",29,47
"nearby",31,4
"nearby",10,2
"nearby",47,49
"nearby",25,32
"nearby",45,36
"nearby",28,4
"nearby",16,34
"nearby",48,46
"nearby",46,9
"nearby",37,24
"nearby",10,24
"nearby",38,9
"nearby",44,27
"nearby",39,20
"nearby",31,24
"nearby",51,39
"nearby",32,26
"nearby",36,42
"nearby",37,7
"nearby",36,6
"nearby",27,3
"nearby",49,38
"nearby",29,44
"nearby",20,22
"nearby",24,9
"nearby",9,27
"nearby",20,21
"nearby",45,42
"nearby",22,38
"nearby",32,15
"nearby",8,26
"nearby",3,11
"nearby",49,41
"nearby",3,9
"nearby",37,20
"nearby",41,29
"nearby",37,37
"nearby",20,22
"nearby",18,10
"nearby",20,35
"nearby",28,22
"nearby",37,29
"nearby",44,42
"nearby",27,26
"nearby",7,4
"nearby",10,32
"nearby",41,9
"nearby",19,44
"nearby",44,46
"nearby",33,6
"nearby",31,31
"nearby",18,15
"nearby",20,11
"nearby",34,40
"nearby",36,29
"nearby",50,48
"nearby",42,42
"nearby",44,27
"nearby",20,38
"nearby",3,9
"nearby",14,3
"nearby",11,21
"nearby",21,23
"nearby",24,50
"nearby",8,34
"nearby",3,3
"nearby",44,43
"nearby",49,44
"nearby",20,5
"nearby",46,33
"nearby",5,19
"nearby",33,10
"nearby",8,36
"nearby",50,48
"nearby",11,32
"nearby",41,16
"nearby",14,38
"nearby",48,21
"nearby",47,50
"nearby",8,45
"nearby",17,28
"nearby",43,5
"nearby",7,19
"nearby",38,19
"nearby",46,43
"nearby",35,34
"nearby",45,9
"nearby",24,19
"nearby",14,36
"nearby",27,38
"nearby",15,8
"nearby",44,24
"nearby",46,30
"nearby",17,28
"nearby",21,48
"nearby",37,18
"nearby",36,26
"nearby",7,35
"nearby",11,5
"nearby",20,36
"nearby",5,29
"nearby",48,43
"nearby",5,49
"nearby",32,48
"nearby",11,19
"nearby",40,18
"nearby",31,34
"nearby",49,27
"nearby",2,8
"nearby",1,49
"nearby",22,2
"nearby",11,6
"nearby",13,37
"nearby",47,39
"nearby",9,35
"nearby",18,40
"nearby",50,46
"nearby",44,16
"nearby",24,40
"nearby",11,41
"nearby",26,23
"nearby",39,36
"nearby",46,18
"nearby",19,10
"nearby",24,2
"nearby",3,16
"nearby",43,51
"nearby",50,43
"nearby",7,14
"nearby",26,31
"nearby",11,25
"nearby",47,45
"nearby",2,3
"nearby",36,15
"nearby",38,39
"nearby",24,2
"nearby",41,6
"nearby",30,7
"nearby",19,40
"nearby",35,35
"nearby",15,17
"nearby",25,34
"nearby",51,42
"nearby",47,44
"nearby",19,16
"nearby",30,38
"nearby",44,51
"nearby",14,19
"nearby",37,45
"nearby",38,15
"nearby",9,21
"nearby",34,9
"nearby",5,42
"nearby",5,32
"nearby",12,29
"nearby",25,12
"nearby",38,25
"nearby",40,43
"nearby",30,5
"nearby",32,26
"nearby",12,36
"nearby",40,40
"nearby",10,3
"nearby",19,6
"nearby",29,20
"nearby",13,21
"nearby",25,28
"nearby",45,47
"nearby",48,47
"nearby",39,17
"nearby",46,38
"nearby",51,50
"nearby",47,44
"nearby",40,42
"nearby",41,45
"nearby",8,16
"nearby",5,27
"nearby",45,45
"nearby",9,16
"nearby",48,49
"nearby",32,30
"nearby",17,31
"nearby",14,10
"nearby",31,1
"nearby",12,25
"nearby",37,10
"nearby",6,21
"nearby",29,39
"nearby",3,6
"nearby",2,2
"nearby",9,37
"nearby",9,1
"nearby",21,29
"nearby",48,38
"nearby",35,35
"nearby",19,34
"nearby",33,51
"nearby",38,12
"nearby",7,14
"nearby",27,47
"nearby",43,18
"nearby",8,3
"nearby",7,33
"nearby",45,10
"nearby",14,44
"nearby",20,32
"nearby",46,27
"nearby",47,42
"nearby",5,34
"nearby",47,45
"nearby",1,13
"nearby",17,40
"nearby",25,40
"nearby",10,35
"nearby",33,18
"nearby",37,31
"nearby",20,20
"nearby",8,31
"nearby",17,29
"nearby",29,24
"nearby",27,26
"nearby",31,10
"nearby",25,30
"nearby",35,47
"nearby",23,45
"nearby",31,50
"nearby",23,20
"nearby",5,30
"nearby",20,32
"nearby",16,16
"nearby",40,50
"nearby",14,14
"nearby",13,41
"nearby",24,14
"nearby",11,39
"nearby",19,6
"nearby",10,44
"nearby",8,6
"nearby",43,32
"nearby",25,18
"nearby",3,30
"nearby",24,25
"nearby",22,3
"nearby",50,40
"nearby",7,30
"nearby",32,42
"nearby",37,18
"nearby",23,38
"nearby",20,8
"nearby",15,24
"nearby",30,7
"nearby",25,2
"nearby",19,44
"nearby",1,24
"nearby",44,43
"nearby",29,5
"nearby",27,1
"nearby",43,51
"nearby",50,50
"nearby",45,45
"nearby",3,21
"nearby",19,20
"nearby",49,21
"nearby",9,35
"nearby",43,42
"nearby",27,23
"nearby",3,28
"nearby",18,26
"nearby",42,19
"nearby",10,41
"nearby",10,30
"nearby",1,40
"nearby",26,32
"nearby",21,8
"nearby",51,48
"nearby",1,10
"nearby",27,19
"nearby",49,49
"nearby",28,23
"nearby",19,15
"nearby",17,43
"nearby",26,33
"nearby",33,32
"nearby",28,14
"nearby",22,17
"nearby",2,40
"nearby",14,38
"nearby",14,20
"nearby",8,23
"nearby",32,48
"nearby",27,31
"nearby",15,41
"nearby",44,15
"nearby",49,38
"nearby",32,39
"nearby",19,10
"nearby",12,1
"nearby",36,31
"nearby",6,22
"nearby",1,7
"nearby",34,31
"nearby",46,43
"nearby",19,29
"nearby",39,34
"nearby",36,14
"nearby",17,10
"nearby",37,14
"nearby",10,38
"nearby",8,3
"nearby",40,41
"nearby",2,5
"nearby",24,29
"nearby",38,47
"nearby",6,11
"nearby",46,15
"nearby",39,37
"nearby",18,14
"nearby",13,39
"nearby",7,45
"nearby",13,41
"nearby",51,51
"nearby",6,31
"nearby",32,12
"nearby",12,15
"nearby",19,9
"nearby",21,37
"nearby",28,10
"nearby",38,22
"nearby",18,23
"nearby",46,33
"nearby",29,24
"nearby",45,46
"nearby",4,10
"nearby",49,47
"nearby",40,35
"nearby",28,20
"nearby",15,11
"nearby",17,41
"nearby",5,24
"nearby",43,7
"nearby",12,50
"nearby",35,6
"nearby",14,13
"nearby",35,17
"nearby",9,2
"nearby",9,20
"nearby",33,24
"nearby",35,14
"nearby",8,13
"nearby",10,3
"nearby",21,6
"nearby",46,24
"nearby",27,30
"nearby",6,19
"nearby",49,47
"nearby",34,17
"nearby",44,44
"nearby",49,48
"nearby",21,45
"nearby",12,37
"nearby",18,21
"nearby",1,13
"nearby",9,24
"nearby",10,42
"nearby",11,17
"nearby",8,43
"nearby",27,37
"nearby",45,49
"nearby",47,23
"nearby",17,37
"nearby",17,44
"nearby",15,49
"nearby",22,20
"nearby",45,17
"nearby",39,32
"nearby",3,3
"nearby",24,33
"nearby",5,20
"nearby",30,7
"nearby",43,28
"nearby",12,30
"nearby",26,15
"nearby",34,45
"nearby",42,44
"nearby",19,26
"nearby",7,10
"nearby",8,22
"nearby",28,20
"nearby",8,26
"nearby",23,44
"nearby",46,33
"nearby",18,16
"nearby",19,13
"nearby",11,11
"nearby",22,29
"nearby",23,14
"nearby",8,30
"nearby",35,40
"nearby",42,22
"nearby",49,40
"nearby",39,43
"nearby",35,7
"nearby",45,30
"nearby",18,11
"nearby",19,28
"nearby",13,5
"nearby",11,26
"nearby",5,5
"nearby",15,19
"nearby",31,20
"nearby",28,2
"nearby",44,43
"nearby",11,17
"nearby",29,4
"nearby",36,15
"nearby",4,17
"nearby",36,30
"nearby",1,25
"nearby",22,12
"nearby",4,4
"nearby",50,51
"nearby",2,40
"nearby",27,2
"nearby",45,42
"nearby",44,7
"nearby",7,17
"nearby",38,50
"nearby",2,44
"nearby",47,47
"nearby",2,25
"nearby",47,46
"nearby",24,46
"nearby",33,25
"nearby",24,2
"nearby",39,41
"nearby",17,22
"nearby",29,39
"nearby",7,15
"nearby",15,17
"nearby",33,40
"nearby",37,9
"nearby",36,40
"nearby",38,8
"nearby",16,45
"nearby",38,34
"nearby",20,4
"nearby",40,23
"nearby",24,23
"nearby",29,16
"nearby",46,42
"nearby",28,13
"nearby",49,43
"nearby",4,22
"nearby",17,30
"nearby",17,28
"nearby",38,36
"nearby",32,28
"nearby",19,11
"nearby",18,12
"nearby",5,38
"nearby",38,45
"nearby",34,18
"nearby",31,16
"nearby",24,21
"nearby",25,1
"nearby",11,9
"nearby",28,44
"nearby",29,31
"nearby",9,40
"nearby",38,8
"nearby",13,1
"nearby",35,38
"nearby",18,21
"nearby",17,33
"nearby",6,2
"nearby",7,26
"nearby",37,43
"nearby",8,35
"nearby",22,3
"nearby",25,10
"nearby",27,14
"nearby",14,43
"nearby",34,26
"nearby",48,36
"nearby",29,20
"nearby",44,21
"nearby",8,11
"nearby",13,28
"nearby",19,51
"nearby",38,14
"nearby",45,23
"nearby",38,17
"nearby",32,21
"nearby",18,25
"nearby",41,35
"nearby",19,2
"nearby",46,29
"nearby",33,44
"nearby",8,23
"nearby",31,2
"nearby",16,12
"nearby",31,22
"nearby",24,44
"nearby",37,35
"nearby",15,15
"nearby",1,41
"nearby",31,12
"nearby",32,25
"nearby",20,15
"nearby",30,16
"nearby",4,12
"nearby",11,2
"nearby",7,35
"nearby",50,51
"nearby",47,41
"nearby",7,42
"nearby",37,3
"nearby",45,39
"nearby",2,32
"nearby",6,9
"nearby",33,36
"nearby",31,27
"nearby",20,13
"nearby",28,39
"nearby",24,15
"nearby",19,1
"nearby",7,1
"nearby",34,1
"nearby",14,5
"nearby",27,12
"nearby",43,38
"nearby",20,34
"nearby",16,18
"nearby",44,17
"nearby",31,12
"nearby",33,14
"nearby",30,43
"nearby",41,35
"nearby",47,49
"nearby",48,50
"nearby",42,27
"nearby",39,2
"nearby",45,19
"nearby",4,25
"nearby",50,31
"nearby",15,17
"nearby",21,48
"nearby",20,27
"nearby",26,38
"nearby",50,46
"nearby",26,9
"nearby",45,13
"nearby",46,48
"nearby",39,15
"nearby",27,5
"nearby",4,47
"nearby",8,40
"nearby",26,17
"nearby",11,26
"nearby",28,18
"nearby",6,43
"nearby",35,35
"nearby",26,4
"nearby",7,18
"nearby",51,48
"nearby",19,16
"nearby",16,37
"nearby",25,17
"nearby",14,12
"nearby",29,31
"nearby",30,48
"nearby",41,6
"nearby",43,21
"nearby",25,29
"nearby",18,12
"nearby",29,48
"nearby",3,21
"nearby",27,23
"nearby",8,41
"nearby",50,46
"nearby",17,43
"nearby",5,17
"nearby",18,3
"nearby",30,17
"nearby",15,19
"nearby",35,8
"nearby",1,9
"nearby",44,2
"nearby",34,7
"nearby",8,36
"nearby",18,48
"nearby",49,45
"nearby",33,7
"nearby",47,42
"nearby",28,10
"nearby",21,48
"nearby",19,43
"nearby",17,48
"nearby",39,44
"nearby",36,6
"nearby",5,43
"nearby",22,13
"nearby",28,43
"nearby",14,26
"nearby",15,22
"nearby",50,47
"nearby",19,29
"nearby",25,17
"nearby",37,5
"nearby",49,48
"nearby",15,15
"nearby",10,3
"nearby",18,4
"nearby",6,51
"nearby",24,36
"nearby",18,1
"nearby",46,3
"nearby",43,1
"nearby",26,10
"nearby",21,32
"nearby",31,15
"nearby",42,30
"nearby",29,13
"nearby",7,26
"nearby",37,20
"nearby",17,5
"nearby",23,24
"nearby",34,8
"nearby",23,31
"nearby",23,2
"nearby",8,49
"nearby",17,33
"nearby",17,40
"nearby",27,21
"nearby",40,26
"nearby",41,33
"nearby",35,4
"nearby",14,22
"nearby",44,1
"nearby",18,15
"nearby",5,50
"nearby",49,33
"nearby",6,6
"nearby",49,36
"nearby",27,25
"nearby",20,25
"nearby",22,3
"nearby",10,17
"nearby",36,13
"nearby",17,25
"nearby",49,43
"nearby",38,4
"nearby",8,23
"nearby",39,33
"nearby",1,20
"nearby",8,2
"nearby",21,13
"nearby",1,1
"nearby",33,6
"nearby",17,13
"nearby",39,45
"nearby",35,26
"nearby",30,35
"nearby",30,30
"nearby",24,3
"nearby",34,4
"nearby",23,19
"nearby",41,8
"nearby",37,29
"nearby",17,12
"nearby",38,10
"nearby",42,3
"nearby",32,31
"nearby",24,19
"nearby",19,7
"nearby",42,48
"nearby",48,34
"nearby",17,25
"nearby",19,39
"nearby",17,43
"nearby",37,33
"nearby",39,11
"nearby",5,6
"nearby",34,41
"nearby",46,31
"nearby",30,21
"nearby",5,33
"nearby",24,5
"nearby",43,37
"nearby",26,15
"nearby",8,43
"nearby",27,33
"nearby",24,2
"nearby",38,2
"nearby",24,7
"nearby",6,34
"nearby",46,1
"nearby",14,42
"nearby",36,1
"nearby",39,31
"nearby",17,30
"nearby",18,30
"nearby",36,49
"nearby",20,49
"nearby",32,44
"nearby",33,24
"nearby",33,44
"nearby",12,28
"nearby",26,21
"nearby",19,10
"nearby",9,47
"nearby",30,1
"nearby",21,10
"nearby",49,38
"nearby",11,1
"nearby",32,29
"nearby",40,21
"nearby",29,15
"nearby",37,37
"nearby",30,23
"nearby",14,45
"nearby",24,7
"nearby",21,15
"nearby",48,39
"nearby",19,12
"nearby",41,8
"nearby",10,25
"nearby",37,15
"nearby",37,17
"nearby",10,22
"nearby",4,37
"nearby",4,16
"nearby",20,31
"nearby",34,1
"nearby",47,16
"nearby",41,26
"nearby",7,21
"nearby",48,32
"nearby",36,27
"nearby",9,18
"nearby",20,20
"nearby",11,14
"nearby",16,25
"nearby",38,33
"nearby",20,44
"nearby",2,24
"nearby",9,18
"nearby",18,2
"nearby",41,50
"nearby",32,18
"nearby",39,39
"nearby",25,17
"nearby",22,10
"nearby",7,30
"nearby",22,41
"nearby",38,31
"nearby",32,27
"nearby",23,31
"nearby",31,12
"nearby",33,5
"nearby",10,27
"nearby",33,6
"nearby",49,43
"nearby",6,50
"nearby",19,10
"nearby",37,33
"nearby",4,2
"nearby",35,2
"nearby",12,7
"nearby",9,5
"nearby",48,38
"nearby",24,48
"nearby",36,12
"nearby",25,16
"nearby",20,25
"nearby",5,21
"nearby",17,22
"nearby",46,13
"nearby",28,25
"nearby",11,46
"nearby",17,2
"nearby",39,21
"nearby",36,37
"nearby",46,20
"nearby",48,40
"nearby",42,41
"nearby",39,24
"nearby",4,26
"nearby",40,42
"nearby",12,41
"nearby",48,49
"nearby",29,13
"nearby",27,39
"nearby",49,51
"nearby",26,6
"nearby",45,30
"nearby",46,24
"nearby",34,1
"nearby",47,25
"nearby",17,13
"nearby",11,6
"nearby",46,46
"nearby",49,32
"nearby",35,7
"nearby",9,11
"nearby",6,51
"nearby",36,4
"nearby",11,13
"nearby",9,27
"nearby",9,39
"nearby",2,35
"nearby",32,49
"nearby",15,36
"nearby",28,19
"nearby",23,13
"nearby",16,45
"nearby",49,34
"nearby",48,23
"nearby",20,43
"nearby",45,3
"nearby",43,13
"nearby",24,50
"nearby",50,18
"nearby",14,51
"nearby",37,27
"nearby",19,8
"nearby",8,5
"nearby",35,6
"nearby",27,45
"nearby",10,22
"nearby",18,18
"nearby",19,25
"nearby",25,24
"nearby",31,24
"nearby",47,34
"nearby",9,40
"nearby",17,32
"nearby",2,31
"nearby",42,3
"nearby",14,47
"nearby",4,4
"nearby",50,48
"nearby",49,34
"nearby",40,49
"nearby",13,36
"nearby",48,48
"nearby",34,11
"nearby",12,25
"nearby",42,37
"nearby",32,23
"nearby",11,37
"nearby",24,33
"nearby",50,45
"nearby",17,5
"nearby",47,26
"nearby",50,36
"nearby",48,23
"nearby",31,8
"nearby",35,22
"nearby",1,9
"nearby",12,2
"nearby",18,3
"nearby",17,17
"nearby",15,29
"nearby",41,31
"nearby",10,30
"nearby",46,48
"nearby",23,22
"nearby",25,11
"nearby",38,34
"nearby",1,7
"nearby",40,34
"nearby",26,1
"nearby",47,28
"nearby",2,2
"nearby",8,33
"nearby",26,21
"nearby",39,51
"nearby",32,42
"nearby",44,1
"nearby",41,47
"nearby",3,28
"nearby",41,21
"nearby",35,17
"nearby",23,48
"nearby",39,3
"nearby",6,30
"nearby",12,43
"nearby",42,28
"nearby",31,4
"nearby",32,22
"nearby",24,7
"nearby",19,1
"nearby",28,19
"nearby",9,9
"nearby",39,31
"nearby",50,49
"nearby",37,5
"nearby",14,17
"nearby",23,34
"nearby",46,39
"nearby",13,30
"nearby",33,45
"nearby",37,3
"nearby",32,26
"nearby",36,13
"nearby",41,14
"nearby",21,48
"nearby",40,45
"nearby",28,21
"nearby",7,42
"nearby",47,29
"nearby",49,42
"nearby",8,50
"nearby",12,47
"nearby",7,39
"nearby",25,15
"nearby",42,6
"nearby",32,43
"nearby",13,14
"nearby",4,9
"nearby",43,21
"nearby",17,15
"nearby",22,37
"nearby",21,18
"nearby",12,19
"nearby",39,1
"nearby",48,42
"nearby",8,16
"nearby",21,46
"nearby",10,13
"nearby",27,11
"nearby",33,8
"nearby",44,28
"nearby",21,40
"nearby",25,13
"nearby",42,41
"nearby",31,3
"nearby",9,21
"nearby",42,48
"nearby",46,1
"nearby",36,37
"nearby",36,14
"nearby",51,40
"nearby",50,47
"nearby",12,7
"nearby",26,27
"nearby",17,18
"nearby",18,30
"nearby",38,4
"nearby",47,46
"nearby",21,47
"nearby",43,14
"nearby",2,4
"nearby",32,49
"nearby",25,7
"nearby",30,42
"nearby",43,29
"nearby",14,14
"nearby",51,40
"nearby",42,51
"nearby",41,8
"nearby",10,37
"nearby",49,19
"nearby",22,37
"nearby",18,35
"nearby",15,1
"nearby",37,7
"nearby",42,1
"nearby",36,17
"nearby",37,12
"nearby",46,45
"nearby",22,10
"nearby",7,22
"nearby",9,22
"nearby",37,7
"nearby",23,11
"nearby",17,3
"nearby",51,46
"nearby",23,6
"nearby",38,15
"nearby",30,6
"nearby",22,48
"nearby",33,49
"nearby",12,13
"nearby",14,28
"nearby",22,3
"nearby",10,28
"nearby",36,37
"nearby",31,17
"nearby",46,48
"nearby",11,10
"nearby",6,46
"nearby",33,6
"nearby",40,36
"nearby",27,34
"nearby",37,27
"nearby",14,1
"nearby",11,18
"nearby",32,11
"nearby",28,45
"nearby",44,11
"nearby",3,6
"nearby",48,49
"nearby",3,27
"nearby",34,35
"nearby",17,29
"nearby",8,26
"nearby",27,22
"nearby",18,2
"nearby",17,19
"nearby",2,18
"nearby",40,17
"nearby",40,20
"nearby",3,9
"nearby",11,46
"nearby",9,21
"nearby",48,30
"nearby",24,28
"nearby",3,10
"nearby",36,4
"nearby",30,20
"nearby",9,35
"nearby",34,30
"nearby",31,33
"nearby",22,40
"nearby",47,8
"nearby",12,41
"nearby",9,17
"nearby",19,14
"nearby",21,21
"nearby",41,4
"nearby",5,24
"nearby",23,17
"nearby",31,22
"nearby",34,2
"nearby",32,29
"nearby",37,43
"nearby",27,32
"nearby",43,12
"nearby",41,43
"nearby",42,43
"nearby",16,29
"nearby",11,24
"nearby",17,4
"nearby",14,10
"nearby",16,10
"nearby",15,15
"nearby",10,13
"nearby",5,36
"nearby",31,2
"nearby",50,40
"nearby",32,20
"nearby",34,15
"nearby",39,27
"nearby",35,17
"nearby",3,30
"nearby",40,15
"nearby",11,4
"nearby",11,18
"nearby",10,45
"nearby",31,42
"nearby",26,10
"nearby",49,47
"nearby",29,45
"nearby",21,31
"nearby",14,1
"nearby",44,12
"nearby",27,27
"nearby",20,39
"nearby",33,29
"nearby",29,35
"nearby",2,9
"nearby",14,15
"nearby",25,15
"nearby",19,24
"nearby",32,48
"nearby",50,41
"nearby",39,11
"nearby",12,46
"nearby",26,32
"nearby",40,30
"nearby",44,16
"nearby",16,13
"nearby",28,33
"nearby",6,21
"nearby",27,9
"nearby",15,4
"nearby",50,27
"nearby",33,24
"nearby",21,40
"nearby",20,39
"nearby",29,38
"nearby",22,23
"nearby",33,16
"nearby",6,29
"nearby",33,14
"nearby",46,48
"nearby",25,10
"nearby",47,50
"nearby",23,30
"nearby",51,49
"nearby",17,21
"nearby",40,31
"nearby",10,46
"nearby",30,24
"nearby",38,1
"nearby",36,12
"nearby",5,41
"nearby",1,46
"nearby",32,23
"nearby",34,19
"nearby",51,49
"nearby",33,24
"nearby",28,46
"nearby",41,8
"nearby",10,18
"nearby",39,27
"nearby",30,18
"nearby",24,30
"nearby",37,11
"nearby",7,8
"nearby",45,48
"nearby",42,35
"nearby",8,39
"nearby",4,3
"nearby",39,13
"nearby",4,26
"nearby",14,12
"nearby",11,28
"nearby",51,33
"nearby",9,38
"nearby",11,38
"nearby",16,12
"nearby",30,51
"nearby",43,36
"nearby",41,4
"nearby",50,45
"nearby",28,11
"nearby",46,44
"nearby",43,10
"nearby",46,9
"nearby",2,19
"nearby",37,44
"nearby",37,14
"nearby",26,5
"nearby",47,24
"nearby",7,16
"nearby",8,38
"nearby",32,27
"nearby",44,24
"nearby",5,34
"nearby",11,31
"nearby",23,10
"nearby",39,37
"nearby",14,24
"nearby",42,29
"nearby",16,47
"nearby",20,5
"nearby",25,27
"nearby",2,50
"nearby",40,13
"nearby",43,4
"nearby",21,42
"nearby",36,17
"nearby",26,25
"nearby",25,36
"nearby",21,2
"nearby",47,36
"nearby",40,27
"nearby",11,20
"nearby",32,44
"nearby",7,29
"nearby",49,43
"nearby",12,37
"nearby",44,19
"nearby",37,2
"nearby",27,22
"nearby",51,43
"nearby",4,37
"nearby",17,33
"nearby",2,39
"nearby",28,17
"nearby",17,3
"nearby",44,47
"nearby",40,21
"nearby",32,30
"nearby",42,23
"nearby",1,29
"nearby",42,48
"nearby",32,1
"nearby",34,9
"nearby",30,1
"nearby",8,28
"nearby",34,15
"nearby",8,13
"nearby",40,40
"nearby",10,43
"nearby",1,45
"nearby",29,44
"nearby",31,3
"nearby",16,23
"nearby",30,39
"nearby",45,35
"nearby",39,6
"nearby",35,3
"nearby",32,41
"nearby",44,39
"nearby",45,4
"nearby",32,8
"nearby",51,50
"nearby",43,24
"nearby",3,17
"nearby",29,12
"nearby",47,37
"nearby",15,40
"nearby",10,17
"nearby",31,12
"nearby",46,27
"nearby",17,34
"nearby",32,16
"nearby",31,44
"nearby",16,5
"nearby",2,20
"nearby",16,11
"nearby",3,49
"nearby",37,25
"nearby",28,3
"nearby",34,41
"nearby",3,8
"nearby",44,31
"nearby",37,34
"nearby",6,38
"nearby",47,16
"nearby",16,4
"nearby",8,14
"nearby",15,29
"nearby",46,47
"nearby",13,33
"nearby",5,32
"nearby",33,19
"nearby",14,26
"nearby",37,12
"nearby",22,32
"nearby",1,14
"nearby",2,51
"nearby",41,10
"nearby",39,48
"nearby",34,3
"nearby",16,3
"nearby",16,16
"nearby",2,39
"nearby",37,44
"nearby",1,38
"nearby",34,7
"nearby",49,43
"nearby",11,13
"nearby",31,24
"nearby",1,15
"nearby",17,10
"nearby",19,25
"nearby",5,9
"nearby",42,31
"nearby",6,23
"nearby",22,5
"nearby",33,34
"nearby",48,46
"nearby",49,51
"nearby",35,3
"nearby",12,6
"nearby",13,27
"nearby",28,4
"nearby",48,49
"nearby",27,9
"nearby",43,20
"nearby",36,39
"nearby",9,41
"nearby",18,9
"nearby",22,10
"nearby",3,43
"nearby",16,10
"nearby",8,23
"nearby",31,24
"nearby",22,42
"nearby",23,37
"nearby",42,44
"nearby",42,38
"nearby",41,35
"nearby",10,50
"nearby",34,7
"nearby",20,1
"nearby",38,15
"nearby",19,21
"nearby",1,40
"nearby",51,51
"nearby",42,21
"nearby",46,23
"nearby",33,45
"nearby",21,2
"nearby",12,30
"nearby",15,18
"nearby",22,34
"nearby",31,20
"nearby",31,28
"nearby",51,51
"nearby",34,29
"nearby",3,43
"nearby",39,29
"nearby",33,36
"nearby",8,22
"nearby",29,39
"nearby",51,49
"nearby",25,23
"nearby",45,50
"nearby",8,46
"nearby",24,35
"nearby",5,36
"nearby",19,48
"nearby",36,39
"nearby",18,12
"nearby",13,42
"nearby",5,30
"nearby",2,35
"nearby",19,35
"nearby",25,37
"nearby",51,50
"nearby",30,13
"nearby",38,1
"nearby",21,25
"nearby",29,4
"nearby",10,13
"nearby",40,14
"nearby",43,26
"nearby",45,19
"nearby",35,28
"nearby",30,11
"nearby",8,28
"nearby",43,35
"nearby",36,26
"nearby",14,30
"nearby",19,31
"nearby",20,25
"nearby",6,15
"nearby",16,27
"nearby",30,3
"nearby",32,1
"nearby",11,1
"nearby",33,5
"nearby",39,33
"nearby",12,29
"nearby",27,21
"nearby",18,13
"nearby",3,6
"nearby",28,26
"nearby",22,50
"nearby",31,51
"nearby",21,40
"nearby",38,6
"nearby",4,1
"nearby",27,32
"nearby",2,8
"nearby",7,39
"nearby",44,46
"nearby",44,1
"nearby",1,42
"nearby",4,23
"nearby",25,2
"nearby",39,12
"nearby",10,32
"nearby",13,39
"nearby",27,15
"nearby",43,38
"nearby",13,33
"nearby",23,2
"nearby",29,14
"nearby",28,13
"nearby",14,31
"nearby",18,18
"nearby",33,14
"nearby",18,11
"nearby",12,18
"nearby",7,14
"nearby",12,21
"nearby",6,32
"nearby",1,50
"nearby",12,24
"nearby",25,39
"nearby",43,29
"nearby",25,6
"nearby",2,5
"nearby",21,15
"nearby",9,23
"nearby",43,35
"nearby",26,50
"nearby",12,24
"nearby",41,51
"nearby",16,6
"nearby",32,4
"nearby",34,21
"nearby",34,47
"nearby",27,12
"nearby",3,13
"nearby",36,27
"nearby",3,39
"nearby",11,28
"nearby",9,34
"nearby",2,21
"nearby",14,38
"nearby",9,36
"nearby",21,14
"nearby",45,3
"nearby",49,49
"nearby",21,10
"nearby",46,32
"nearby",48,42
"nearby",23,24
"nearby",50,40
"nearby",38,9
"nearby",44,2
"nearby",32,44
"nearby",9,43
"nearby",37,4
"nearby",30,41
"nearby",19,49
"nearby",8,6
"nearby",6,29
"nearby",4,3
"nearby",11,30
"nearby",7,33
"nearby",29,37
"nearby",36,7
"nearby",29,27
"nearby",2,34
"nearby",10,16
"nearby",29,30
"nearby",28,13
"nearby",2,4
"nearby",21,32
"nearby",41,37
"nearby",23,12
"nearby",40,42
"nearby",15,30
"nearby",24,49
"nearby",27,11
"nearby",1,7
"nearby",49,19
"nearby",28,26
"nearby",25,3
"nearby",16,26
"nearby",19,38
"nearby",46,43
"nearby",4,43
"nearby",24,39
"nearby",23,23
"nearby",16,42
"nearby",30,25
"nearby",22,38
"nearby",16,46
"nearby",13,38
"nearby",20,22
"nearby",39,6
"nearby",45,18
"nearby",2,36
"nearby",50,51
"nearby",36,35
"nearby",35,13
"nearby",16,1
"nearby",44,15
"nearby",51,50
"nearby",51,48
"nearby",51,49
"nearby",42,25
"nearby",7,6
"nearby",1,2
"nearby",40,48
"nearby",1,26
"nearby",33,50
"nearby",28,20
"nearby",40,49
"nearby",2,9
"nearby",48,40
"nearby",19,15
"nearby",23,6
"nearby",11,17
"nearby",49,51
"nearby",16,11
"nearby",2,25
"nearby",20,13
"nearby",40,34
"nearby",29,27
"nearby",24,4
"nearby",19,14
"nearby",44,36
"nearby",17,44
"nearby",27,25
"nearby",28,21
"nearby",38,45
"nearby",19,10
"nearby",25,18
"nearby",7,37
"nearby",39,23
"nearby",9,10
"nearby",20,19
"nearby",30,16
"nearby",43,43
"nearby",22,32
"nearby",38,42
"nearby",43,25
"nearby",47,39
"nearby",37,8
"nearby",7,30
"nearby",13,17
"nearby",26,25
"nearby",27,21
"nearby",22,8
"nearby",47,21
"nearby",46,42
"nearby",28,6
"nearby",2,2
"nearby",10,13
"nearby",17,33
"nearby",18,19
"nearby",10,37
"nearby",38,9
"nearby",51,31
"nearby",45,1
"nearby",34,16
"nearby",42,38
"nearby",36,25
"nearby",13,8
"nearby",27,25
"nearby",1,6
"nearby",34,22
"nearby",42,46
"nearby",47,49
"nearby",41,10
"nearby",17,1
"nearby",22,23
"nearby",1,12
"nearby",46,28
"nearby",30,14
"nearby",7,21
"nearby",25,2
"nearby",15,1
"nearby",44,20
"nearby",51,49
"nearby",1,47
"nearby",10,10
"nearby",34,28
"nearby",32,2
"nearby",45,15
"nearby",35,39
"nearby",41,30
"nearby",32,4
"nearby",42,35
"nearby",24,2
"nearby",36,19
"nearby",24,1
"nearby",34,33
"nearby",22,29
"nearby",32,10
"nearby",51,51
"nearby",24,2
"nearby",40,34
"nearby",22,7
"nearby",38,38
"nearby",20,44
"nearby",12,18
"nearby",4,3
"nearby",8,45
"nearby",40,27
"nearby",13,36
"nearby",41,46
"nearby",24,29
"nearby",25,35
"nearby",40,47
"nearby",45,48
"nearby",16,27
"nearby",26,37
"nearby",30,27
"nearby",40,4
"nearby",10,4
"nearby",40,3
"nearby",17,21
"nearby",5,38
"nearby",44,31
"nearby",4,32
"nearby",15,32
"nearby",22,14
"nearby",29,32
"nearby",44,4
"nearby",34,8
"nearby",24,1
"nearby",27,44
"nearby",40,46
"nearby",44,16
"nearby",46,25
"nearby",46,50
"nearby",16,32
"nearby",50,48
"nearby",25,24
"nearby",17,29
"nearby",45,28
"nearby",41,23
"nearby",9,21
"nearby",25,2
"nearby",24,17
"nearby",1,20
"nearby",46,12
"nearby",47,46
"nearby",42,23
"nearby",41,10
"nearby",27,46
"nearby",11,43
"nearby",29,17
"nearby",9,22
"nearby",40,34
"nearby",27,9
"nearby",22,5
"nearby",4,12
"nearby",39,35
"nearby",27,35
"nearby",38,26
"nearby",35,44
"nearby",5,40
"nearby",20,6
"nearby",38,4
"nearby",28,28
"nearby",7,28
"nearby",6,23
"nearby",46,50
"nearby",4,7
"nearby",24,45
"nearby",20,17
"nearby",45,8
"nearby",44,34
"nearby",8,30
"nearby",40,13
"nearby",45,46
"nearby",8,6
"nearby",42,50
"nearby",23,12
"nearby",20,7
"nearby",7,40
"nearby",9,51
"nearby",1,13
"nearby",35,50
"nearby",41,48
"nearby",27,3
"nearby",32,51
"nearby",50,21
"nearby",17,2
"nearby",28,40
"nearby",4,25
"nearby",45,47
"nearby",33,32
"nearby",7,17
"nearby",13,30
"nearby",13,28
"nearby",47,9
"nearby",23,34
"nearby",24,22
"nearby",33,4
"nearby",26,20
"nearby",5,29
"nearby",36,3
"nearby",50,51
"nearby",49,42
"nearby",29,1
"nearby",35,36
"nearby",8,11
"nearby",3,20
"nearby",27,44
"nearby",38,48
"nearby",47,26
"nearby",41,9
"nearby",18,29
"nearby",39,43
"nearby",4,7
"nearby",42,14
"nearby",27,13
"nearby",19,34
"nearby",40,3
"nearby",50,41
"nearby",34,41
"nearby",18,34
"nearby",26,24
"nearby",28,28
"nearby",39,48
"nearby",2,28
"nearby",41,34
"nearby",16,31
"nearby",13,36
"nearby",14,33
"nearby",46,37
"nearby",5,23
"nearby",18,18
"nearby",27,14
"nearby",10,25
"nearby",28,48
"nearby",2,5
"nearby",17,16
"nearby",32,1
"nearby",9,30
"nearby",36,51
"nearby",35,12
"nearby",49,51
"nearby",15,32
"nearby",44,19
"nearby",34,12
"nearby",26,44
"nearby",1,19
"nearby",26,41
"nearby",28,27
"nearby",21,2
"nearby",45,43
"nearby",22,17
"nearby",37,43
"nearby",8,26
"nearby",20,7
"nearby",16,48
"nearby",49,41
"nearby",41,1
"nearby",10,6
"nearby",12,31
"nearby",35,38
"nearby",4,10
"nearby",2,31
"nearby",50,49
"nearby",6,17
"nearby",31,10
"nearby",6,23
"nearby",23,41
"nearby",38,1
"nearby",4,34
"nearby",2,19
"nearby",35,34
"nearby",23,48
"nearby",4,26
"nearby",23,8
"nearby",36,35
"nearby",49,35
"nearby",35,19
"nearby",23,24
"nearby",17,38
"nearby",4,9
"nearby",35,2
"nearby",35,22
"nearby",11,16
"nearby",23,42
"nearby",10,13
"nearby",27,1
"nearby",25,27
"nearby",35,16
"nearby",34,24
"nearby",49,46
"nearby",9,29
"nearby",29,28
"nearby",41,37
"nearby",41,39
"nearby",4,7
"nearby",16,29
"nearby",27,5
"nearby",29,28
"nearby",49,35
"nearby",17,14
"nearby",48,48
"nearby",49,39
"nearby",50,49
"nearby",5,45
"nearby",32,3
"nearby",6,4
"nearby",51,40
"nearby",51,46
"nearby",36,50
"nearby",47,10
"nearby",44,42
"nearby",19,48
"nearby",15,30
"nearby",30,5
"nearby",36,39
"nearby",7,30
"nearby",26,28
"nearby",17,9
"nearby",26,46
"nearby",41,22
"nearby",51,51
"nearby",17,38
"nearby",14,47
"nearby",13,25
"nearby",9,45
"nearby",22,37
"nearby",26,5
"nearby",33,20
"nearby",49,43
"nearby",33,41
"nearby",44,31
"nearby",6,39
"nearby",4,33
"nearby",4,48
"nearby",31,44
"nearby",45,45
"nearby",43,37
"nearby",35,23
"nearby",18,29
"nearby",51,49
"nearby",8,29
"nearby",49,34
"nearby",18,40
"nearby",2,13
"nearby",36,17
"nearby",17,21
"nearby",29,13
"nearby",32,18
"nearby",42,20
"nearby",41,2
"nearby",43,39
"nearby",5,12
"nearby",1,50
"nearby",1,19
"nearby",21,21
"nearby",40,6
"nearby",48,40
"nearby",9,38
"nearby",49,40
"nearby",17,18
"nearby",9,23
"nearby",30,43
"nearby",31,3
"nearby",2,35
"nearby",49,50
"nearby",28,12
"nearby",28,12
"nearby",43,49
"nearby",48,43
"nearby",27,41
"nearby",35,18
"nearby",43,26
"nearby",51,49
"nearby",43,3
"nearby",34,46
"nearby",51,48
"nearby",16,23
"nearby",19,11
"nearby",16,5
"nearby",40,20
"nearby",42,24
"nearby",36,5
"nearby",16,36
"nearby",22,14
"nearby",19,38
"nearby",17,3
"nearby",3,25
"nearby",6,21
"nearby",19,24
"nearby",43,32
"nearby",12,19
"nearby",26,28
"nearby",50,44
"nearby",28,17
"nearby",12,34
"nearby",43,42
"nearby",49,48
"nearby",14,19
"nearby",17,21
"nearby",9,31
"nearby",6,38
"nearby",23,2
"nearby",40,33
"nearby",9,34
"nearby",23,14
"nearby",21,48
"nearby",26,7
"nearby",28,14
"nearby",9,44
"nearby",30,10
"nearby",48,27
"nearby",39,32
"nearby",4,30
"nearby",26,13
"nearby",13,37
"nearby",15,16
"nearby",29,43
"nearby",38,1
"nearby",1,51
"nearby",1,5
"nearby",40,31
"nearby",36,34
"nearby",10,31
"nearby",16,28
"nearby",46,35
"nearby",38,41
"nearby",37,3
"nearby",12,24
"nearby",25,3
"nearby",27,15
"nearby",16,4
"nearby",20,42
"nearby",39,32
"nearby",34,23
"nearby",14,20
"nearby",49,29
"nearby",38,20
"nearby",20,20
"nearby",44,16
"nearby",34,7
"nearby",48,49
"nearby",49,50
"nearby",15,10
"nearby",28,22
"nearby",17,15
"nearby",4,12
"nearby",44,15
"nearby",27,16
"nearby",38,27
"nearby",31,27
"nearby",30,29
"nearby",40,29
"nearby",20,32
"nearby",48,51
"nearby",6,20
"nearby",43,44
"nearby",11,1
"nearby",42,9
"nearby",40,27
"nearby",1,20
"nearby",20,32
"nearby",5,6
"nearby",38,36
"nearby",48,40
"nearby",34,8
"nearby",40,27
"nearby",39,38
"nearby",21,12
"nearby",16,39
"nearby",18,7
"nearby",14,46
"nearby",50,42
"nearby",43,21
"nearby",4,6
"nearby",29,19
"nearby",10,13
"nearby",18,6
"nearby",22,22
"nearby",6,16
"nearby",32,16
"nearby",2,51
"nearby",12,4
"nearby",19,22
"nearby",9,22
"nearby",14,37
"nearby",43,47
"nearby",14,16
"nearby",37,11
"nearby",51,51
"nearby",24,39
"nearby",2,32
"nearby",41,28
"nearby",39,34
"nearby",38,41
"nearby",47,38
"nearby",31,10
"nearby",15,34
"nearby",28,33
"nearby",45,15
"nearby",9,22
"nearby",32,4
"nearby",9,12
"nearby",10,34
"nearby",35,34
"nearby",19,10
"nearby",29,41
"nearby",12,36
"nearby",25,39
"nearby",3,21
"nearby",25,27
"nearby",14,21
"nearby",11,32
"nearby",5,35
"nearby",12,12
"nearby",31,28
"nearby",22,4
"nearby",15,14
"nearby",35,2
"nearby",10,37
"nearby",41,35
"nearby",46,43
"nearby",33,23
"nearby",5,27
"nearby",32,12
"nearby",48,48
"nearby",2,27
"nearby",43,32
"nearby",8,13
"nearby",5,50
"nearby",27,37
"nearby",16,30
"nearby",8,10
"nearby",15,9
"nearby",46,9
"nearby",7,14
"nearby",51,49
"nearby",51,51
"nearby",13,26
"nearby",51,50
"nearby",30,13
"nearby",9,2
"nearby",19,16
"nearby",32,11
"nearby",37,21
"nearby",49,44
"nearby",46,25
"nearby",16,15
"nearby",18,42
"nearby",9,9
"nearby",31,9
"nearby",28,8
"nearby",46,51
"nearby",27,4
"nearby",21,30
"nearby",22,7
"nearby",48,40
"nearby",46,36
"nearby",36,23
"nearby",9,14
"nearby",15,8
"nearby",48,48
"nearby",23,11
"nearby",32,48
"nearby",41,38
"nearby",4,23
"nearby",31,5
"nearby",1,29
"nearby",5,7
"nearby",32,49
"nearby",21,44
"nearby",7,13
"nearby",38,27
"nearby",2,27
"nearby",33,26
"nearby",39,22
"nearby",40,41
"nearby",32,16
"nearby",25,45
"nearby",16,20
"nearby",36,10
"nearby",41,4
"nearby",44,47
"nearby",4,12
"nearby",49,41
"nearby",24,9
"nearby",23,2
"nearby",30,30
"nearby",1,17
"nearby",16,16
"nearby",16,1
"nearby",12,25
"nearby",6,35
"nearby",26,21
"nearby",5,6
"nearby",11,37
"nearby",12,38
"nearby",32,39
"nearby",43,44
"nearby",16,42
"nearby",4,18
"nearby",9,7
"nearby",39,8
"nearby",18,28
"nearby",36,32
"nearby",24,42
"nearby",1,29
"nearby",40,26
"nearby",39,36
"nearby",8,40
"nearby",4,7
"nearby",38,48
"nearby",32,29
"nearby",6,5
"nearby",17,42
"nearby",36,20
"nearby",46,45
"nearby",19,6
"nearby",26,1
"nearby",34,29
"nearby",16,11
"nearby",44,49
"nearby",37,20
"nearby",29,29
"nearby",41,44
"nearby",28,25
"nearby",42,33
"nearby",20,26
"nearby",6,33
"nearby",1,27
"nearby",35,15
"nearby",1,18
"nearby",6,40
"nearby",37,34
"nearby",20,7
"nearby",43,26
"nearby",35,22
"nearby",49,50
"nearby",37,36
"nearby",26,35
"nearby",23,17
"nearby",15,10
"nearby",45,42
"nearby",22,11
"nearby",26,15
"nearby",45,31
"nearby",41,38
"nearby",25,36
"nearby",13,37
"nearby",3,16
"nearby",50,48
"nearby",31,18
"nearby",45,34
"nearby",37,44
"nearby",18,24
"nearby",21,9
"nearby",1,32
"nearby",45,5
"nearby",41,30
"nearby",35,12
"nearby",2,4
"nearby",49,40
"nearby",3,36
"nearby",24,23
"nearby",16,17
"nearby",17,1
"nearby",35,36
"nearby",39,7
"nearby",2,50
"nearby",34,47
"nearby",8,10
"nearby",9,47
"nearby",18,47
"nearby",7,3
"nearby",4,22
"nearby",47,39
"nearby",35,8
"nearby",35,11
"nearby",34,33
"nearby",31,26
"nearby",14,37
"nearby",24,23
"nearby",27,18
"nearby",23,6
"nearby",41,7
"nearby",24,16
"nearby",39,47
"nearby",36,18
"nearby",37,2
"nearby",6,30
"nearby",19,12
"nearby",12,47
"nearby",1,21
"nearby",5,15
"nearby",19,10
"nearby",26,28
"nearby",48,6
"nearby",24,50
"nearby",23,20
"nearby",27,29
"nearby",2,47
"nearby",15,24
"nearby",40,13
"nearby",27,29
"nearby",14,27
"nearby",16,4
"nearby",45,43
"nearby",18,17
"nearby",46,46
"nearby",36,35
"nearby",50,51
"nearby",8,31
"nearby",50,47
"nearby",12,8
"nearby",29,29
"nearby",15,9
"nearby",40,4
"nearby",25,24
"nearby",6,24
"nearby",13,25
"nearby",22,5
"nearby",23,34
"nearby",39,37
"nearby",49,31
"nearby",36,10
"nearby",38,28
"nearby",38,13
"nearby",24,17
"nearby",25,51
"nearby",42,28
"nearby",50,51
"nearby",17,15
"nearby",40,27
"nearby",10,32
"nearby",22,34
"nearby",41,2
"nearby",8,21
"nearby",26,38
"nearby",23,25
"nearby",44,31
"nearby",48,51
"nearby",21,25
"nearby",45,16
"nearby",24,43
"nearby",25,12
"nearby",18,10
"nearby",15,9
"nearby",40,42
"nearby",3,38
"nearby",38,41
"nearby",38,48
"nearby",31,24
"nearby",16,46
"nearby",15,6
"nearby",45,35
"nearby",50,39
"nearby",38,4
"nearby",45,41
"nearby",37,2
"nearby",26,29
"nearby",22,29
"nearby",8,38
"nearby",2,37
"nearby",37,21
"nearby",13,23
"nearby",8,39
"nearby",6,15
"nearby",1,26
"nearby",43,46
"nearby",19,42
"nearby",48,44
"nearby",46,29
"nearby",36,37
"nearby",13,39
"nearby",39,29
"nearby",3,20
"nearby",21,13
"nearby",11,36
"nearby",27,22
"nearby",22,18
"nearby",42,19
"nearby",39,13
"nearby",5,28
"nearby",5,9
"nearby",24,5
"nearby",34,16
"nearby",16,14
"nearby",19,30
"nearby",26,11
"nearby",30,1
"nearby",29,26
"nearby",26,18
"nearby",28,45
"nearby",9,25
"nearby",14,19
"nearby",14,43
"nearby",13,48
"nearby",34,20
"nearby",40,36
"nearby",21,49
"nearby",14,17
"nearby",50,51
"nearby",50,37
"nearby",51,44
"nearby",43,31
"nearby",46,49
"nearby",38,35
"nearby",14,13
"nearby",43,18
"nearby",15,11
"nearby",31,28
"nearby",46,45
"nearby",47,39
"nearby",13,24
"nearby",29,2
"nearby",4,41
"nearby",17,33
"nearby",37,22
"nearby",21,45
"nearby",15,34
"nearby",18,51
"nearby",13,21
"nearby",15,28
"nearby",47,49
"nearby",1,33
"nearby",29,29
"nearby",25,7
"nearby",14,15
"nearby",10,34
"nearby",4,47
"nearby",45,51
"nearby",7,16
"nearby",48,43
"nearby",25,12
"nearby",6,41
"nearby",42,39
"nearby",31,2
"nearby",50,49
"nearby",18,21
"nearby",32,36
"nearby",19,28
"nearby",20,21
"nearby",9,28
"nearby",42,47
"nearby",26,22
"nearby",51,46
"nearby",21,7
"nearby",18,21
"nearby",18,24
"nearby",8,25
"nearby",3,41
"nearby",23,22
"nearby",7,17
"nearby",23,12
"nearby",41,4
"nearby",48,29
"nearby",48,13
"nearby",45,49
"nearby",10,19
"nearby",48,35
"nearby",29,30
"nearby",20,35
"nearby",15,10
"nearby",21,24
"nearby",30,2
"nearby",4,25
"nearby",18,5
"nearby",21,7
"nearby",31,21
"nearby",48,35
"nearby",51,48
"nearby",29,45
"nearby",22,7
"nearby",49,11
"nearby",3,41
"nearby",46,35
"nearby",28,37
"nearby",36,13
"nearby",37,10
"nearby",37,22
"nearby",13,15
"nearby",22,51
"nearby",26,8
"nearby",41,49
"nearby",12,48
"nearby",51,49
"nearby",15,25
"nearby",26,15
"nearby",26,12
"nearby",3,20
"nearby",29,10
"nearby",32,34
"nearby",43,19
"nearby",16,39
"nearby",29,13
"nearby",13,10
"nearby",12,8
"nearby",17,25
"nearby",40,1
"nearby",5,42
"nearby",34,20
"nearby",40,18
"nearby",3,36
"nearby",43,45
"nearby",28,12
"nearby",44,10
"nearby",7,14
"nearby",18,14
"nearby",23,22
"nearby",14,40
"nearby",26,30
"nearby",36,51
"nearby",47,37
"nearby",24,8
"nearby",24,37
"nearby",24,15
"nearby",48,51
"nearby",23,19
"nearby",16,21
"nearby",35,29
"nearby",5,31
"nearby",7,8
"nearby",17,43
"nearby",32,9
"nearby",27,20
"nearby",29,3
"nearby",51,47
"nearby",19,23
"nearby",42,13
"nearby",22,21
"nearby",45,38
"nearby",45,1
"nearby",31,7
"nearby",13,27
"nearby",26,50
"nearby",46,38
"nearby",9,35
"nearby",45,18
"nearby",35,46
"nearby",34,27
"nearby",13,31
"nearby",29,34
"nearby",25,39
"nearby",19,22
"nearby",17,35
"nearby",37,4
"nearby",46,8
"nearby",51,46
"nearby",42,15
"nearby",26,10
"nearby",40,23
"nearby",25,22
"nearby",10,6
"nearby",36,24
"nearby",31,10
"nearby",7,12
"nearby",35,25
"nearby",11,39
"nearby",18,10
"nearby",41,31
"nearby",47,22
"nearby",3,15
"nearby",29,5
"nearby",34,37
"nearby",20,13
"nearby",20,8
"nearby",24,22
"nearby",41,38
"nearby",42,11
"nearby",25,38
"nearby",1,45
"nearby",23,37
"nearby",48,33
"nearby",6,44
"nearby",41,25
"nearby",50,30
"nearby",9,17
"nearby",47,37
"nearby",19,15
"nearby",21,29
"nearby",49,15
"nearby",26,42
"nearby",23,51
"nearby",2,5
"nearby",38,36
"nearby",1,39
"nearby",1,46
"nearby",43,34
"nearby",17,1
"nearby",21,29
"nearby",21,29
"nearby",51,49
"nearby",46,3
"nearby",28,22
"nearby",3,43
"nearby",26,43
"nearby",40,46
"nearby",42,27
"nearby",21,30
"nearby",7,26
"nearby",12,13
"nearby",4,14
"nearby",14,20
"nearby",35,40
"nearby",33,25
"nearby",40,14
"nearby",29,17
"nearby",31,24
"nearby",35,33
"nearby",48,30
"nearby",40,40
"nearby",7,18
"nearby",26,48
"nearby",21,8
"nearby",26,48
"nearby",10,23
"nearby",46,51
"nearby",41,2
"nearby",17,40
"nearby",6,11
"nearby",36,9
"nearby",13,51
"nearby",19,16
"nearby",49,31
"nearby",26,39
"nearby",15,5
"nearby",19,6
"nearby",12,31
"nearby",47,32
"nearby",38,20
"nearby",42,21
"nearby",23,30
"nearby",31,21
"nearby",28,14
"nearby",48,47
"nearby",3,47
"nearby",11,40
"nearby",37,15
"nearby",4,22
"nearby",18,6
"nearby",44,46
"nearby",3,25
"nearby",35,26
"nearby",3,47
"nearby",20,37
"nearby",51,51
"nearby",11,34
"nearby",45,46
"nearby",18,20
"nearby",34,20
"nearby",32,48
"nearby",20,18
"nearby",33,36
"nearby",5,48
"nearby",38,25
"nearby",35,45
"nearby",18,39
"nearby",50,41
"nearby",47,51
"nearby",26,35
"nearby",46,51
"nearby",31,14
"nearby",48,23
"nearby",4,31
"nearby",7,31
"nearby",30,19
"nearby",13,12
"nearby",27,5
"nearby",24,15
"nearby",14,17
"nearby",27,48
"nearby",39,4
"nearby",5,30
"nearby",33,25
"nearby",24,17
"nearby",7,33
"nearby",40,37
"nearby",40,31
"nearby",15,35
"nearby",4,18
"nearby",18,15
"nearby",41,45
"nearby",13,18
"nearby",30,36
"nearby",27,13
"nearby",18,22
"nearby",48,35
"nearby",37,21
"nearby",29,9
"nearby",34,7
"nearby",6,35
"nearby",12,28
"nearby",26,4
"nearby",49,50
"nearby",37,33
"nearby",16,13
"nearby",51,39
"nearby",11,17
"nearby",35,27
"nearby",18,49
"nearby",27,21
"nearby",16,48
"nearby",33,12
"nearby",35,38
"nearby",9,45
"nearby",36,46
"nearby",20,28
"nearby",21,9
"nearby",42,43
"nearby",31,28
"nearby",26,49
"nearby",2,26
"nearby",25,1
"nearby",27,16
"nearby",46,42
"nearby",40,43
"nearby",8,24
"nearby",35,26
"nearby",9,1
"nearby",21,14
"nearby",49,19
"nearby",8,13
"nearby",7,17
"nearby",27,6
"nearby",46,45
"nearby",34,40
"nearby",30,30
"nearby",35,14
"nearby",34,34
"nearby",25,47
"nearby",33,34
"nearby",23,10
"nearby",28,12
"nearby",35,35
"nearby",45,33
"nearby",5,5
"nearby",24,14
"nearby",45,51
"nearby",44,35
"nearby",37,9
"nearby",34,46
"nearby",12,27
"nearby",49,6
"nearby",1,35
"nearby",26,45
"nearby",31,9
"nearby",18,34
"nearby",39,5
"nearby",46,4
"nearby",18,19
"nearby",51,49
"nearby",45,36
"nearby",51,34
"nearby",33,41
"nearby",50,23
"nearby",19,18
"nearby",14,10
"nearby",28,10
"nearby",40,32
"nearby",23,29
"nearby",39,33
"nearby",16,20
"nearby",21,21
"nearby",23,41
"nearby",40,44
"nearby",43,45
"nearby",48,39
"nearby",4,30
"nearby",5,35
"nearby",12,3
"nearby",30,4
"nearby",18,43
"nearby",7,23
"nearby",24,17
"nearby",44,46
"nearby",13,8
"nearby",23,11
"nearby",34,34
"nearby",11,42
"nearby",13,39
"nearby",23,18
"nearby",47,48
"nearby",38,39
"nearby",45,23
"nearby",5,21
"nearby",31,33
"nearby",31,47
"nearby",28,7
"nearby",45,26
"nearby",33,12
"nearby",21,1
"nearby",47,21
"nearby",37,15
"nearby",13,10
"nearby",49,49
"nearby",45,21
"nearby",5,14
"nearby",44,44
"nearby",4,40
"nearby",18,40
"nearby",20,18
"nearby",24,8
"nearby",40,27
"nearby",11,6
"nearby",9,10
"nearby",4,7
"nearby",26,11
"nearby",42,25
"nearby",51,46
"nearby",10,11
"nearby",17,25
"nearby",16,44
"nearby",34,1
"nearby",9,30
"nearby",7,11
"nearby",49,32
"nearby",12,18
"nearby",27,2
"nearby",47,31
"nearby",13,20
"nearby",24,36
"nearby",5,8
"nearby",12,41
"nearby",11,37
"nearby",16,24
"nearby",42,14
"nearby",29,10
"nearby",10,8
"nearby",17,38
"nearby",17,21
"nearby",49,48
"nearby",3,40
"nearby",4,8
"nearby",29,17
"nearby",12,8
"nearby",18,1
"nearby",24,14
"nearby",14,11
"nearby",12,35
"nearby",39,19
"nearby",13,41
"nearby",32,51
"nearby",44,8
"nearby",8,9
"nearby",4,33
"nearby",18,41
"nearby",2,46
"nearby",38,9
"nearby",24,25
"nearby",41,16
"nearby",51,46
"nearby",2,7
"nearby",36,6
"nearby",17,6
"nearby",21,36
"nearby",9,45
"nearby",50,47
"nearby",23,17
"nearby",43,40
"nearby",4,23
"nearby",16,18
"nearby",13,42
"nearby",12,40
"nearby",51,50
"nearby",43,44
"nearby",28,9
"nearby",21,23
"nearby",9,6
"nearby",3,8
"nearby",51,50
"nearby",22,37
"nearby",6,26
"nearby",24,46
"nearby",51,47
"nearby",33,47
"nearby",30,14
"nearby",26,35
"nearby",15,46
"nearby",13,24
"nearby",14,3
"nearby",46,39
"nearby",5,36
"nearby",1,39
"nearby",31,9
"nearby",45,44
"nearby",50,51
"nearby",28,3
"nearby",14,3
"nearby",4,17
"nearby",8,10
"nearby",14,11
"nearby",32,5
"nearby",41,40
"nearby",38,25
"nearby",6,29
"nearby",20,38
"nearby",51,51
"nearby",47,30
"nearby",8,41
"nearby",32,8
"nearby",20,20
"nearby",30,37
"nearby",19,5
"nearby",45,45
"nearby",41,19
"nearby",16,21
"nearby",34,21
"nearby",36,21
"nearby",33,4
"nearby",34,36
"nearby",38,19
"nearby",14,31
"nearby",30,41
"nearby",29,43
"nearby",14,16
"nearby",12,26
"nearby",5,19
"nearby",20,19
"nearby",38,30
"nearby",46,6
"nearby",45,43
"nearby",32,14
"nearby",29,48
"nearby",41,47
"nearby",42,26
"nearby",31,26
"nearby",15,12
"nearby",8,15
"nearby",14,28
"nearby",13,30
"nearby",47,45
"nearby",44,49
"nearby",30,51
"nearby",16,8
"nearby",50,44
"nearby",38,12
"nearby",43,16
"nearby",2,11
"nearby",40,46
"nearby",23,35
"nearby",5,8
"nearby",32,14
"nearby",9,27
"nearby",9,12
"nearby",24,41
"nearby",38,10
"nearby",7,17
"nearby",40,40
"nearby",4,4
"nearby",25,24
"nearby",16,3
"nearby",25,9
"nearby",35,16
"nearby",45,50
"nearby",14,20
"nearby",35,28
"nearby",49,51
"nearby",34,6
"nearby",23,51
"nearby",15,35
"nearby",45,41
"nearby",1,15
"nearby",9,6
"nearby",10,18
"nearby",22,42
"nearby",7,36
"nearby",14,23
"nearby",47,51
"nearby",5,36
"nearby",29,30
"nearby",15,13
"nearby",14,3
"nearby",32,18
"nearby",29,14
"nearby",23,16
"nearby",3,37
"nearby",8,26
"nearby",22,8
"nearby",8,8
"nearby",27,45
"nearby",42,45
"nearby",30,47
"nearby",47,50
"nearby",9,39
"nearby",49,49
"nearby",14,15
"nearby",41,15
"nearby",26,1
"nearby",33,18
"nearby",9,11
"nearby",48,40
"nearby",18,1
"nearby",24,45
"nearby",2,25
"nearby",32,34
"nearby",1,18
"nearby",51,48
"nearby",20,11
"nearby",23,8
"nearby",20,11
"nearby",11,14
"nearby",39,47
"nearby",32,19
"nearby",19,10
"nearby",1,11
"nearby",26,7
"nearby",22,15
"nearby",22,36
"nearby",21,24
"nearby",1,34
"nearby",12,24
"nearby",19,8
"nearby",2,12
"nearby",25,33
"nearby",46,37
"nearby",30,49
"nearby",9,17
"nearby",25,47
"nearby",20,22
"nearby",17,16
"nearby",26,39
"nearby",8,4
"nearby",15,19
"nearby",48,7
"nearby",14,35
"nearby",17,7
"nearby",43,44
"nearby",38,44
"nearby",20,9
"nearby",51,50
"nearby",24,19
"nearby",9,5
"nearby",1,4
"nearby",5,1
"nearby",45,29
"nearby",6,40
"nearby",31,25
"nearby",35,17
"nearby",32,12
"nearby",38,19
"nearby",35,46
"nearby",15,48
"nearby",10,10
"nearby",12,41
"nearby",51,39
"nearby",30,42
"nearby",26,10
"nearby",16,1
"nearby",21,35
"nearby",4,11
"nearby",50,37
"nearby",2,27
"nearby",34,39
"nearby",10,28
"nearby",42,8
"nearby",41,22
"nearby",7,16
"nearby",37,32
"nearby",3,37
"nearby",41,19
"nearby",30,5
"nearby",18,33
"nearby",25,26
"nearby",20,10
"nearby",27,37
"nearby",33,35
"nearby",29,8
"nearby",7,30
"nearby",20,38
"nearby",50,35
"nearby",35,13
"nearby",48,19
"nearby",44,42
"nearby",27,5
"nearby",11,44
"nearby",20,20
"nearby",34,29
"nearby",26,35
"nearby",1,25
"nearby",50,40
"nearby",19,14
"nearby",14,23
"nearby",38,2
"nearby",39,24
"nearby",32,47
"nearby",32,4
"nearby",39,12
"nearby",42,41
"nearby",45,33
"nearby",44,37
"nearby",33,49
"nearby",45,40
"nearby",19,51
"nearby",49,47
"nearby",1,43
"nearby",26,18
"nearby",48,43
"nearby",23,11
"nearby",46,39
"nearby",7,1
"nearby",24,40
"nearby",1,14
"nearby",36,24
"nearby",39,41
"nearby",26,46
"nearby",10,43
"nearby",47,24
"nearby",47,50
"nearby",8,2
"nearby",47,42
"nearby",41,31
"nearby",50,48
"nearby",28,23
"nearby",27,21
"nearby",11,10
"nearby",45,22
"nearby",49,46
"nearby",22,23
"nearby",23,37
"nearby",34,5
"nearby",10,33
"nearby",13,17
"nearby",33,1
"nearby",30,1
"nearby",18,29
"nearby",47,31
"nearby",40,44
"nearby",36,37
"nearby",40,46
"nearby",11,45
"nearby",22,3
"nearby",40,22
"nearby",4,17
"nearby",29,34
"nearby",5,34
"nearby",24,13
"nearby",42,1
"nearby",40,33
"nearby",37,10
"nearby",42,38
"nearby",37,36
"nearby",38,29
"nearby",36,37
"nearby",37,19
"nearby",44,50
"nearby",13,28
"nearby",29,1
"nearby",2,16
"nearby",11,7
"nearby",19,22
"nearby",43,34
"nearby",50,41
"nearby",7,31
"nearby",32,21
"nearby",22,18
"nearby",18,14
"nearby",9,20
"nearby",23,21
"nearby",28,8
"nearby",7,9
"nearby",12,6
"nearby",43,14
"nearby",11,38
"nearby",38,10
"nearby",8,22
"nearby",25,5
"nearby",10,45
"nearby",35,31
"nearby",41,26
"nearby",38,19
"nearby",32,39
"nearby",12,1
"nearby",14,30
"nearby",11,15
"nearby",46,40
"nearby",50,49
"nearby",47,40
"nearby",27,42
"nearby",19,41
"nearby",16,9
"nearby",11,28
"nearby",1,37
"nearby",28,19
"nearby",46,15
"nearby",31,47
"nearby",42,32
"nearby",35,35
"nearby",30,22
"nearby",30,18
"nearby",42,41
"nearby",28,45
"nearby",16,28
"nearby",13,44
"nearby",4,46
"nearby",33,5
"nearby",5,17
"nearby",43,48
"nearby",38,17
"nearby",50,27
"nearby",24,12
"nearby",44,24
"nearby",40,26
"nearby",11,27
"nearby",26,16
"nearby",27,22
"nearby",50,46
"nearby",14,13
"nearby",3,43
"nearby",39,31
"nearby",2,37
"nearby",24,42
"nearby",38,39
"nearby",25,12
"nearby",45,24
"nearby",38,28
"nearby",45,41
"nearby",5,20
"nearby",27,24
"nearby",21,38
"nearby",23,40
"nearby",1,29
"nearby",44,31
"nearby",51,48
"nearby",19,2
"nearby",38,22
"nearby",47,51
"nearby",19,22
"nearby",43,46
"nearby",23,31
"nearby",41,49
"nearby",37,5
"nearby",21,43
"nearby",12,23
"nearby",51,49
"nearby",40,20
"nearby",3,15
"nearby",39,4
"nearby",5,12
"nearby",45,3
"nearby",15,43
"nearby",6,24
"nearby",29,31
"nearby",50,51
"nearby",41,39
"nearby",45,40
"nearby",9,33
"nearby",16,46
"nearby",8,3
"nearby",33,42
"nearby",44,17
"nearby",19,19
"nearby",15,15
"nearby",2,51
"nearby",20,27
"nearby",33,43
"nearby",34,41
"nearby",21,36
"nearby",5,3
"nearby",39,19
"nearby",36,12
"nearby",51,50
"nearby",5,18
"nearby",17,9
"nearby",11,15
"nearby",14,5
"nearby",14,32
"nearby",39,41
"nearby",24,15
"nearby",27,22
"nearby",23,14
"nearby",34,17
"nearby",27,30
"nearby",24,27
"nearby",50,28
"nearby",34,15
"nearby",34,39
"nearby",31,29
"nearby",13,39
"nearby",18,31
"nearby",11,20
"nearby",2,1
"nearby",36,4
"nearby",14,50
"nearby",46,47
"nearby",13,2
"nearby",26,38
"nearby",45,42
"nearby",23,20
"nearby",1,18
"nearby",36,1
"nearby",9,42
"nearby",10,20
"nearby",12,44
"nearby",23,33
"nearby",25,29
"nearby",23,41
"nearby",25,33
"nearby",4,4
"nearby",27,14
"nearby",13,18
"nearby",37,20
"nearby",48,37
"nearby",22,38
"nearby",20,2
"nearby",26,14
"nearby",6,40
"nearby",25,38
"nearby",41,39
"nearby",40,8
"nearby",29,38
"nearby",19,19
"nearby",41,22
"nearby",32,38
"nearby",15,9
"nearby",8,30
"nearby",50,38
"nearby",24,36
"nearby",1,50
"nearby",29,38
"nearby",26,25
"nearby",10,11
"nearby",10,39
"nearby",40,22
"nearby",17,29
"nearby",15,3
"nearby",36,2
"nearby",39,22
"nearby",25,13
"nearby",7,6
"nearby",35,33
"nearby",39,13
"nearby",3,5
"nearby",9,14
"nearby",29,34
"nearby",21,37
"nearby",7,11
"nearby",46,43
"nearby",7,34
"nearby",42,24
"nearby",30,50
"nearby",21,10
"nearby",11,30
"nearby",10,27
"nearby",7,34
"nearby",25,34
"nearby",9,44
"nearby",6,14
"nearby",26,28
"nearby",25,5
"nearby",13,4
"nearby",42,11
"nearby",4,40
"nearby",6,40
"nearby",24,31
"nearby",37,33
"nearby",4,49
"nearby",34,1
"nearby",23,31
"nearby",1,39
"nearby",41,38
"nearby",42,48
"nearby",26,8
"nearby",16,30
"nearby",37,18
"nearby",49,38
"nearby",33,19
"nearby",32,16
"nearby",15,27
"nearby",5,37
"nearby",36,29
"nearby",1,33
"nearby",27,14
"nearby",38,43
"nearby",39,31
"nearby",22,5
"nearby",23,13
"nearby",43,35
"nearby",3,41
"nearby",2,3
"nearby",41,23
"nearby",15,34
"nearby",46,6
"nearby",26,11
"nearby",15,9
"nearby",40,46
"nearby",10,31
"nearby",48,19
"nearby",25,4
"nearby",24,31
"nearby",1,39
"nearby",26,9
"nearby",20,3
"nearby",37,21
"nearby",32,17
"nearby",8,1
"nearby",29,19
"nearby",41,27
"nearby",1,39
"nearby",23,8
"nearby",44,43
"nearby",32,19
"nearby",10,15
"nearby",17,22
"nearby",11,19
"nearby",2,17
"nearby",18,11
"nearby",34,3
"nearby",47,48
"nearby",41,15
"nearby",30,4
"nearby",40,40
"nearby",24,1
"nearby",23,48
"nearby",44,11
"nearby",40,25
"nearby",48,47
"nearby",4,37
"nearby",35,2
"nearby",26,3
"nearby",19,6
"nearby",2,32
"nearby",46,29
"nearby",36,15
"nearby",6,43
"nearby",28,1
"nearby",34,45
"nearby",40,4
"nearby",33,15
"nearby",36,5
"nearby",4,14
"nearby",30,10
"nearby",17,27
"nearby",44,51
"nearby",15,39
"nearby",3,3
"nearby",44,28
"nearby",29,2
"nearby",19,13
"nearby",26,3
"nearby",31,8
"nearby",47,49
"nearby",7,15
"nearby",13,20
"nearby",17,28
"nearby",28,44
"nearby",46,11
"nearby",8,17
"nearby",38,4
"nearby",17,16
"nearby",17,42
"nearby",45,17
"nearby",3,25
"nearby",32,50
"nearby",46,20
"nearby",45,35
"nearby",39,33
"nearby",24,2
"nearby",2,4
"nearby",18,32
"nearby",18,6
"nearby",50,47
"nearby",42,22
"nearby",42,32
"nearby",35,35
"nearby",24,5
"nearby",32,43
"nearby",44,44
"nearby",42,41
"nearby",47,48
"nearby",23,14
"nearby",4,46
"nearby",36,16
"nearby",27,51
"nearby",25,45
"nearby",43,21
"nearby",44,23
"nearby",50,19
"nearby",50,50
"nearby",25,40
"nearby",5,14
"nearby",34,15
"nearby",36,18
"nearby",2,20
"nearby",36,22
"nearby",17,23
"nearby",9,9
"nearby",18,37
"nearby",36,8
"nearby",33,28
"nearby",27,1
"nearby",17,12
"nearby",29,21
"nearby",20,25
"nearby",45,24
"nearby",18,46
"nearby",28,2
"nearby",50,41
"nearby",41,26
"nearby",20,5
"nearby",20,4
"nearby",23,16
"nearby",34,6
"nearby",45,33
"nearby",28,15
"nearby",11,28
"nearby",45,27
"nearby",51,50
"nearby",42,4
"nearby",18,27
"nearby",12,37
"nearby",32,37
"nearby",47,41
"nearby",37,30
"nearby",14,43
"nearby",16,14
"nearby",30,1
"nearby",24,14
"nearby",6,16
"nearby",22,9
"nearby",47,50
"nearby",29,25
"nearby",42,49
"nearby",23,34
"nearby",10,48
"nearby",22,15
"nearby",39,28
"nearby",33,3
"nearby",9,36
"nearby",3,10
"nearby",11,39
"nearby",48,51
"nearby",5,11
"nearby",15,46
"nearby",17,45
"nearby",7,8
"nearby",28,37
"nearby",23,14
"nearby",19,14
"nearby",3,23
"nearby",21,29
"nearby",8,8
"nearby",6,45
"nearby",48,37
"nearby",48,49
"nearby",22,20
"nearby",41,40
"nearby",38,30
"nearby",35,34
"nearby",10,5
"nearby",5,50
"nearby",11,6
"nearby",5,5
"nearby",16,20
"nearby",2,34
"nearby",43,10
"nearby",14,32
"nearby",42,29
"nearby",6,2
"nearby",5,11
"nearby",24,13
"nearby",22,22
"nearby",12,13
"nearby",37,49
"nearby",9,16
"nearby",45,45
"nearby",21,33
"nearby",31,31
"nearby",50,46
"nearby",7,23
"nearby",6,27
"nearby",35,33
"nearby",35,47
"nearby",45,8
"nearby",30,40
"nearby",34,46
"nearby",43,47
"nearby",21,24
"nearby",5,48
"nearby",15,11
"nearby",2,9
"nearby",24,9
"nearby",45,41
"nearby",31,34
"nearby",9,31
"nearby",41,27
"nearby",47,35
"nearby",22,13
"nearby",27,25
"nearby",5,2
"nearby",9,8
"nearby",36,14
"nearby",20,44
"nearby",21,30
"nearby",37,41
"nearby",5,25
"nearby",23,30
"nearby",20,6
"nearby",4,3
"nearby",20,9
"nearby",33,3
"nearby",21,38
"nearby",32,34
"nearby",8,38
"nearby",26,21
"nearby",41,2
"nearby",25,28
"nearby",40,37
"nearby",12,46
"nearby",18,2
"nearby",43,23
"nearby",25,22
"nearby",36,18
"nearby",32,10
"nearby",11,46
"nearby",41,33
"nearby",11,26
"nearby",51,51
"nearby",47,51
"nearby",42,37
"nearby",8,48
"nearby",24,30
"nearby",40,21
"nearby",9,2
"nearby",51,47
"nearby",13,9
"nearby",31,27
"nearby",37,19
"nearby",40,18
"nearby",42,5
"nearby",46,10
"nearby",49,50
"nearby",51,49
"nearby",13,32
"nearby",13,45
"nearby",23,5
"nearby",20,46
"nearby",44,37
"nearby",35,20
"nearby",34,29
"nearby",32,21
"nearby",40,15
"nearby",12,2
"nearby",47,42
"nearby",30,39
"nearby",16,22
"nearby",11,7
"nearby",43,46
"nearby",39,42
"nearby",4,11
"nearby",18,29
"nearby",20,5
"nearby",19,11
"nearby",45,50
"nearby",27,14
"nearby",23,24
"nearby",26,43
"nearby",9,37
"nearby",3,14
"nearby",10,43
"nearby",30,22
"nearby",19,22
"nearby",24,23
"nearby",21,3
"nearby",20,37
"nearby",26,5
"nearby",16,11
"nearby",6,42
"nearby",17,34
"nearby",7,37
"nearby",6,26
"nearby",20,7
"nearby",20,2
"nearby",32,34
"nearby",31,36
"nearby",19,40
"nearby",42,40
"nearby",41,42
"nearby",37,17
"nearby",12,2
"nearby",13,15
"nearby",19,20
"nearby",29,2
"nearby",45,40
"nearby",2,49
"nearby",22,36
"nearby",7,27
"nearby",1,46
"nearby",11,29
"nearby",46,25
"nearby",22,40
"nearby",27,34
"nearby",32,18
"nearby",12,11
"nearby",42,33
"nearby",34,34
"nearby",43,27
"nearby",21,15
"nearby",49,29
"nearby",27,12
"nearby",38,20
"nearby",1,33
"nearby",1,15
"nearby",37,21
"nearby",25,15
"nearby",45,44
"nearby",44,51
"nearby",38,32
"nearby",3,49
"nearby",47,45
"nearby",18,29
"nearby",6,32
"nearby",17,7
"nearby",41,32
"nearby",50,50
"nearby",36,31
"nearby",11,31
"nearby",49,40
"nearby",1,36
"nearby",39,24
"nearby",30,5
"nearby",29,30
"nearby",2,32
"nearby",12,14
"nearby",3,3
"nearby",38,22
"nearby",23,2
"nearby",14,28
"nearby",7,30
"nearby",14,3
"nearby",31,4
"nearby",26,26
"nearby",14,2
"nearby",22,9
"nearby",32,42
"nearby",23,29
"nearby",39,16
"nearby",11,21
"nearby",27,23
"nearby",44,14
"nearby",27,35
"nearby",21,44
"nearby",38,11
"nearby",8,27
"nearby",40,10
"nearby",26,17
"nearby",45,22
"nearby",39,31
"nearby",32,23
"nearby",7,38
"nearby",27,45
"nearby",43,6
"nearby",31,11
"nearby",36,15
"nearby",16,8
"nearby",17,28
"nearby",37,16
"nearby",32,15
"nearby",51,40
"nearby",38,30
"nearby",3,50
"nearby",29,16
"nearby",48,48
"nearby",26,23
"nearby",48,40
"nearby",38,4
"nearby",50,40
"nearby",17,6
"nearby",29,18
"nearby",31,13
"nearby",20,17
"nearby",25,42
"nearby",38,1
"nearby",38,47
"nearby",43,23
"nearby",45,30
"nearby",37,15
"nearby",24,5
"nearby",14,15
"nearby",35,7
"nearby",5,41
"nearby",30,11
"nearby",9,35
"nearby",38,38
"nearby",13,3
"nearby",45,8
"nearby",43,16
"nearby",40,39
"nearby",44,30
"nearby",9,25
"nearby",32,2
"nearby",47,44
"nearby",18,16
"nearby",47,34
"nearby",12,40
"nearby",2,46
"nearby",48,42
"nearby",4,35
"nearby",9,1
"nearby",20,35
"nearby",49,40
"nearby",5,14
"nearby",14,5
"nearby",32,19
"nearby",7,25
"nearby",48,33
"nearby",3,20
"nearby",36,15
"nearby",51,51
"nearby",16,33
"nearby",38,48
"nearby",24,13
"nearby",11,12
"nearby",29,27
"nearby",40,21
"nearby",49,42
"nearby",44,46
"nearby",8,6
"nearby",29,18
"nearby",4,5
"nearby",17,8
"nearby",7,30
"nearby",46,26
"nearby",8,38
"nearby",45,17
"nearby",24,41
"nearby",46,45
"nearby",44,4
"nearby",44,47
"nearby",28,24
"nearby",38,39
"nearby",12,51
"nearby",12,18
"nearby",8,6
"nearby",26,4
"nearby",21,41
"nearby",30,23
"nearby",11,10
"nearby",17,20
"nearby",3,15
"nearby",16,13
"nearby",4,14
"nearby",34,18
"nearby",22,3
"nearby",19,28
"nearby",50,50
"nearby",16,6
"nearby",45,34
"nearby",33,47
"nearby",32,27
"nearby",36,33
"nearby",14,18
"nearby",38,10
"nearby",47,46
"nearby",28,19
"nearby",31,7
"nearby",38,34
"nearby",49,49
"nearby",41,29
"nearby",34,5
"nearby",51,43
"nearby",34,23
"nearby",31,24
"nearby",10,13
"nearby",1,51
"nearby",43,8
"nearby",32,26
"nearby",6,7
"nearby",35,40
"nearby",45,10
"nearby",14,29
"nearby",26,5
"nearby",1,14
"nearby",42,32
"nearby",33,18
"nearby",48,48
"nearby",36,17
"nearby",14,21
"nearby",3,44
"nearby",16,16
"nearby",34,1
"nearby",25,23
"nearby",34,28
"nearby",18,11
"nearby",18,26
"nearby",41,3
"nearby",42,14
"nearby",34,1
"nearby",31,26
"nearby",32,6
"nearby",41,21
"nearby",36,43
"nearby",10,34
"nearby",27,44
"nearby",35,24
"nearby",16,2
"nearby",33,33
"nearby",16,30
"nearby",34,49
"nearby",5,32
"nearby",27,2
"nearby",17,20
"nearby",32,28
"nearby",11,31
"nearby",46,13
"nearby",1,23
"nearby",29,38
"nearby",10,44
"nearby",22,40
"nearby",18,27
"nearby",38,16
"nearby",3,43
"nearby",2,45
"nearby",46,43
"nearby",7,18
"nearby",36,14
"nearby",2,40
"nearby",1,8
"nearby",47,41
"nearby",15,38
"nearby",4,1
"nearby",2,35
"nearby",37,31
"nearby",9,3
"nearby",13,7
"nearby",31,9
"nearby",17,36
"nearby",9,16
"nearby",16,17
"nearby",47,39
"nearby",19,26
"nearby",35,21
"nearby",30,51
"nearby",12,9
"nearby",39,30
"nearby",5,18
"nearby",46,46
"nearby",19,1
"nearby",13,34
"nearby",18,25
"nearby",16,45
"nearby",29,1
"nearby",38,27
"nearby",32,2
"nearby",37,24
"nearby",11,48
"nearby",37,17
"nearby",22,43
"nearby",10,39
"nearby",51,48
"nearby",29,49
"nearby",11,16
"nearby",2,29
"nearby",23,20
"nearby",34,11
"nearby",8,3
"nearby",7,4
"nearby",8,42
"nearby",46,18
"nearby",20,34
"nearby",2,27
"nearby",38,46
"nearby",19,8
"nearby",6,26
"nearby",37,13
"nearby",11,26
"nearby",10,30
"nearby",40,3
"nearby",23,13
"nearby",35,36
"nearby",51,51
"nearby",32,14
"nearby",39,39
"nearby",31,4
"nearby",30,7
"nearby",48,11
"nearby",30,23
"nearby",21,3
"nearby",15,5
"nearby",44,42
"nearby",6,11
"nearby",51,33
"nearby",30,22
"nearby",32,19
"nearby",22,19
"nearby",45,45
"nearby",41,51
"nearby",40,51
"nearby",25,9
"nearby",23,8
"nearby",30,41
"nearby",21,38
"nearby",17,13
"nearby",44,40
"nearby",36,38
"nearby",28,3
"nearby",9,12
"nearby",15,28
"nearby",19,49
"nearby",49,48
"nearby",20,8
"nearby",43,35
"nearby",21,40
"nearby",20,36
"nearby",30,17
"nearby",1,8
"nearby",46,43
"nearby",20,2
"nearby",15,34
"nearby",5,19
"nearby",29,49
"nearby",26,25
"nearby",15,24
"nearby",38,37
"nearby",9,10
"nearby",39,12
"nearby",4,12
"nearby",17,36
"nearby",43,13
"nearby",28,28
"nearby",48,27
"nearby",12,18
"nearby",29,8
"nearby",8,34
"nearby",39,7
"nearby",41,44
"nearby",45,16
"nearby",37,25
"nearby",33,5
"nearby",12,45
"nearby",18,42
"nearby",49,51
"nearby",40,8
"nearby",38,1
"nearby",33,27
"nearby",33,9
"nearby",42,33
"nearby",10,2
"nearby",43,5
"nearby",44,49
"nearby",41,27
"nearby",6,11
"nearby",51,49
"nearby",7,12
"nearby",21,5
"nearby",1,12
"nearby",41,45
"nearby",25,23
"nearby",26,19
"nearby",21,9
"nearby",39,5
"nearby",1,44
"nearby",1,33
"nearby",19,21
"nearby",6,34
"nearby",46,46
"nearby",48,22
"nearby",4,2
"nearby",12,42
"nearby",16,39
"nearby",49,47
"nearby",33,10
"nearby",20,47
"nearby",37,32
"nearby",39,13
"nearby",34,16
"nearby",44,44
"nearby",25,40
"nearby",42,50
"nearby",51,48
"nearby",9,2
"nearby",34,40
"nearby",4,16
"nearby",41,2
"nearby",37,39
"nearby",48,46
"nearby",16,1
"nearby",48,14
"nearby",28,11
"nearby",43,10
"nearby",42,48
"nearby",13,41
"nearby",40,8
"nearby",1,11
"nearby",34,2
"nearby",17,34
"nearby",17,4
"nearby",10,35
"nearby",30,25
"nearby",21,27
"nearby",21,8
"nearby",27,16
"nearby",21,45
"nearby",27,4
"nearby",51,18
"nearby",35,4
"nearby",9,31
"nearby",30,45
"nearby",11,4
"nearby",45,35
"nearby",14,9
"nearby",46,21
"nearby",41,38
"nearby",14,20
"nearby",46,19
"nearby",6,23
"nearby",18,4
"nearby",45,18
"nearby",37,13
"nearby",9,34
"nearby",41,42
"nearby",14,44
"nearby",42,49
"nearby",11,20
"nearby",20,8
"nearby",28,11
"nearby",38,49
"nearby",41,32
"nearby",50,51
"nearby",20,13
"nearby",10,24
"nearby",43,9
"nearby",15,36
"nearby",22,2
"nearby",9,38
"nearby",9,24
"nearby",23,23
"nearby",18,36
"nearby",5,32
"nearby",31,41
"nearby",49,50
"nearby",43,40
"nearby",13,21
"nearby",3,2
"nearby",8,10
"nearby",40,15
"nearby",42,44
"nearby",37,36
"nearby",16,46
"nearby",1,42
"nearby",48,40
"nearby",32,19
"nearby",42,47
"nearby",17,33
"nearby",39,16
"nearby",33,22
"nearby",45,24
"nearby",12,3
"nearby",28,8
"nearby",36,8
"nearby",40,35
"nearby",32,25
"nearby",16,3
"nearby",23,7
"nearby",33,40
"nearby",13,12
"nearby",43,23
"nearby",25,30
"nearby",36,19
"nearby",5,46
"nearby",27,35
"nearby",18,38
"nearby",37,36
"nearby",27,26
"nearby",37,16
"nearby",29,4
"nearby",8,4
"nearby",50,35
"nearby",18,35
"nearby",24,12
"nearby",13,16
"nearby",33,27
"nearby",10,8
"nearby",32,22
"nearby",30,4
"nearby",38,5
"nearby",39,28
"nearby",25,24
"nearby",11,10
"nearby",24,28
"nearby",38,41
"nearby",43,42
"nearby",13,41
"nearby",28,9
"nearby",6,19
"nearby",27,23
"nearby",44,15
"nearby",17,39
"nearby",15,7
"nearby",23,11
"nearby",26,44
"nearby",17,13
"nearby",13,5
"nearby",25,51
"nearby",20,19
"nearby",11,25
"nearby",10,31
"nearby",2,38
"nearby",13,3
"nearby",37,3
"nearby",25,12
"nearby",37,3
"nearby",23,28
"nearby",33,39
"nearby",5,10
"nearby",28,8
"nearby",29,9
"nearby",18,28
"nearby",11,23
"nearby",1,43
"nearby",12,39
"nearby",35,29
"nearby",33,4
"nearby",23,11
"nearby",51,50
"nearby",35,20
"nearby",8,37
"nearby",10,18
"nearby",6,31
"nearby",8,37
"nearby",21,12
"nearby",41,46
"nearby",5,1
"nearby",24,2
"nearby",45,49
"nearby",10,17
"nearby",6,16
"nearby",24,12
"nearby",29,30
"nearby",49,43
"nearby",19,7
"nearby",13,33
"nearby",28,41
"nearby",7,19
"nearby",48,50
"nearby",35,5
"nearby",17,24
"nearby",33,44
"nearby",24,40
"nearby",24,46
"nearby",32,22
"nearby",47,10
"nearby",30,16
"nearby",4,48
"nearby",38,43
"nearby",9,8
"nearby",41,24
"nearby",10,41
"nearby",43,4
"nearby",29,35
"nearby",30,24
"nearby",34,13
"nearby",17,6
"nearby",21,43
"nearby",11,7
"nearby",27,18
"nearby",23,35
"nearby",38,13
"nearby",31,16
"nearby",47,38
"nearby",2,36
"nearby",51,48
"nearby",11,7
"nearby",23,4
"nearby",43,19
"nearby",51,46
"nearby",43,28
"nearby",46,51
"nearby",41,22
"nearby",1,4
"nearby",3,44
"nearby",7,14
"nearby",6,19
"nearby",7,16
"nearby",44,35
"nearby",23,9
"nearby",16,17
"nearby",15,34
"nearby",49,48
"nearby",6,16
"nearby",34,24
"nearby",22,13
"nearby",14,11
"nearby",41,37
"nearby",40,8
"nearby",37,1
"nearby",26,23
"nearby",39,44
"nearby",28,37
"nearby",41,46
"nearby",24,37
"nearby",30,8
"nearby",35,32
"nearby",46,47
"nearby",10,4
"nearby",37,40
"nearby",44,34
"nearby",43,37
"nearby",38,34
"nearby",40,43
"nearby",47,51
"nearby",18,15
"nearby",50,42
"nearby",14,22
"nearby",18,9
"nearby",43,14
"nearby",18,43
"nearby",29,15
"nearby",5,21
"nearby",8,2
"nearby",42,18
"nearby",3,51
"nearby",17,29
"nearby",46,4
"nearby",39,37
"nearby",39,37
"nearby",38,11
"nearby",47,39
"nearby",28,44
"nearby",24,3
"nearby",22,9
"nearby",51,50
"nearby",48,44
"nearby",19,50
"nearby",33,40
"nearby",33,4
"nearby",40,45
"nearby",39,22
"nearby",16,16
"nearby",19,28
"nearby",33,5
"nearby",12,10
"nearby",25,14
"nearby",8,2
"nearby",3,37
"nearby",30,48
"nearby",42,41
"nearby",26,20
"nearby",33,51
"nearby",6,7
"nearby",14,12
"nearby",14,2
"nearby",45,44
"nearby",36,34
"nearby",51,50
"nearby",28,14
"nearby",9,27
"nearby",34,45
"nearby",24,15
"nearby",1,2
"nearby",1,43
"nearby",24,8
"nearby",50,43
"nearby",5,21
"nearby",21,1
"nearby",14,33
"nearby",34,38
"nearby",30,43
"nearby",42,41
"nearby",30,17
"nearby",44,14
"nearby",15,22
"nearby",32,43
"nearby",18,33
"nearby",5,48
"nearby",23,27
"nearby",22,23
"nearby",17,5
"nearby",4,29
"nearby",2,7
"nearby",23,1
"nearby",40,44
"nearby",10,10
"nearby",33,19
"nearby",38,9
"nearby",23,35
"nearby",19,1
"nearby",35,13
"nearby",49,51
"nearby",5,10
"nearby",33,18
"nearby",3,28
"nearby",48,50
"nearby",37,31
"nearby",14,26
"nearby",42,7
"nearby",19,23
"nearby",31,26
"nearby",8,21
"nearby",17,4
"nearby",35,19
"nearby",13,44
"nearby",42,46
"nearby",40,9
"nearby",20,30
"nearby",4,10
"nearby",36,8
"nearby",36,15
"nearby",35,16
"nearby",49,16
"nearby",6,2
"nearby",21,48
"nearby",44,50
"nearby",35,33
"nearby",18,39
"nearby",36,32
"nearby",45,46
"nearby",20,26
"nearby",13,26
"nearby",45,51
"nearby",37,43
"nearby",39,43
"nearby",37,13
"nearby",28,45
"nearby",10,5
"nearby",30,45
"nearby",47,40
"nearby",18,36
"nearby",7,33
"nearby",22,47
"nearby",29,26
"nearby",30,29
"nearby",11,6
"nearby",48,16
"nearby",48,7
"nearby",48,36
"nearby",32,4
"nearby",28,43
"nearby",37,10
"nearby",45,31
"nearby",8,13
"nearby",18,7
"nearby",51,49
"nearby",40,35
"nearby",9,34
"nearby",23,11
"nearby",29,18
"nearby",35,2
"nearby",8,43
"nearby",51,49
"nearby",45,18
"nearby",34,5
"nearby",22,13
"nearby",42,20
"nearby",40,51
"nearby",42,18
"nearby",22,26
"nearby",3,6
"nearby",46,5
"nearby",34,33
"nearby",30,20
"nearby",27,30
"nearby",44,46
"nearby",22,28
"nearby",14,2
"nearby",48,36
"nearby",38,46
"nearby",16,11
"nearby",26,34
"nearby",36,42
"nearby",4,22
"nearby",5,20
"nearby",28,41
"nearby",37,7
"nearby",27,36
"nearby",50,13
"nearby",15,19
"nearby",34,4
"nearby",50,44
"nearby",36,21
"nearby",28,8
"nearby",1,28
"nearby",10,24
"nearby",48,47
"nearby",8,45
"nearby",12,17
"nearby",11,5
"nearby",15,27
"nearby",6,48
"nearby",45,35
"nearby",17,9
"nearby",6,50
"nearby",15,14
"nearby",10,26
"nearby",39,22
"nearby",42,19
"nearby",47,32
"nearby",35,29
"nearby",26,29
"nearby",38,43
"nearby",41,39
"nearby",23,22
"nearby",9,46
"nearby",41,41
"nearby",1,26
"nearby",34,33
"nearby",47,42
"nearby",32,46
"nearby",8,35
"nearby",39,14
"nearby",45,43
"nearby",34,2
"nearby",44,48
"nearby",34,2
"nearby",18,26
"nearby",24,33
"nearby",27,15
"nearby",16,40
"nearby",29,8
"nearby",8,26
"nearby",50,46
"nearby",5,13
"nearby",22,9
"nearby",10,8
"nearby",10,31
"nearby",32,6
"nearby",29,16
"nearby",33,12
"nearby",49,24
"nearby",38,16
"nearby",51,51
"nearby",2,9
"nearby",29,14
"nearby",21,44
"nearby",36,34
"nearby",5,44
"nearby",39,17
"nearby",43,51
"nearby",4,13
"nearby",48,28
"nearby",38,8
"nearby",6,6
"nearby",35,36
"nearby",49,50
"nearby",25,39
"nearby",30,13
"nearby",27,16
"nearby",25,8
"nearby",32,46
"nearby",6,6
"nearby",15,33
"nearby",42,46
"nearby",14,17
"nearby",12,38
"nearby",9,29
"nearby",33,33
"nearby",17,48
"nearby",39,46
"nearby",11,28
"nearby",17,9
"nearby",1,5
"nearby",37,8
"nearby",48,41
"nearby",27,41
"nearby",7,33
"nearby",44,2
"nearby",40,22
"nearby",11,47
"nearby",4,28
"nearby",20,35
"nearby",50,50
"nearby",14,11
"nearby",44,36
"nearby",3,5
"nearby",15,15
"nearby",45,38
"nearby",1,15
"nearby",19,38
"nearby",15,19
"nearby",34,33
"nearby",51,49
"nearby",2,19
"nearby",26,3
"nearby",25,14
"nearby",20,2
"nearby",48,23
"nearby",28,43
"nearby",40,9
"nearby",9,13
"nearby",28,1
"nearby",13,29
"nearby",22,18
"nearby",13,50
"nearby",34,7
"nearby",33,16
"nearby",2,7
"nearby",27,6
"nearby",51,44
"nearby",17,8
"nearby",7,37
"nearby",40,15
"nearby",17,13
"nearby",26,28
"nearby",37,14
"nearby",28,36
"nearby",27,14
"nearby",39,31
"nearby",28,27
"nearby",31,22
"nearby",42,18
"nearby",6,16
"nearby",11,5
"nearby",10,21
"nearby",6,4
"nearby",29,12
"nearby",6,35
"nearby",29,21
"nearby",13,6
"nearby",22,1
"nearby",3,34
"nearby",9,20
"nearby",43,43
"nearby",29,4
"nearby",34,28
"nearby",24,49
"nearby",36,45
"nearby",11,8
"nearby",37,19
"nearby",1,19
"nearby",10,22
"nearby",48,29
"nearby",1,17
"nearby",9,30
"nearby",36,33
"nearby",44,49
"nearby",24,15
"nearby",10,37
"nearby",18,34
"nearby",24,1
"nearby",42,32
"nearby",2,10
"nearby",25,9
"nearby",5,26
"nearby",47,29
"nearby",35,4
"nearby",43,19
"nearby",14,16
"nearby",7,36
"nearby",28,33
"nearby",14,12
"nearby",31,9
"nearby",46,12
"nearby",22,38
"nearby",8,14
"nearby",18,16
"nearby",20,12
"nearby",51,51
"nearby",22,29
"nearby",30,1
"nearby",20,30
"nearby",46,7
"nearby",14,24
"nearby",14,30
"nearby",2,34
"nearby",3,36
"nearby",29,26
"nearby",36,13
"nearby",6,47
"nearby",35,21
"nearby",44,7
"nearby",5,5
"nearby",23,38
"nearby",33,17
"nearby",17,38
"nearby",35,41
"nearby",20,11
"nearby",19,2
"nearby",20,18
"nearby",40,37
"nearby",38,20
"nearby",20,40
"nearby",28,44
"nearby",44,36
"nearby",38,19
"nearby",30,5
"nearby",49,44
"nearby",16,22
"nearby",29,5
"nearby",46,30
"nearby",41,9
"nearby",13,40
"nearby",13,27
"nearby",6,15
"nearby",32,14
"nearby",29,7
"nearby",7,39
"nearby",23,25
"nearby",26,37
"nearby",37,4
"nearby",6,35
"nearby",29,31
"nearby",51,46
"nearby",2,29
"nearby",30,35
"nearby",41,11
"nearby",11,22
"nearby",29,46
"nearby",40,12
"nearby",8,32
"nearby",41,49
"nearby",11,15
"nearby",15,32
"nearby",4,11
"nearby",9,29
"nearby",12,48
"nearby",20,13
"nearby",15,3
"nearby",44,47
"nearby",33,8
"nearby",25,13
"nearby",35,3
"nearby",47,42
"nearby",33,43
"nearby",51,45
"nearby",22,38
"nearby",35,1
"nearby",49,24
"nearby",33,19
"nearby",33,40
"nearby",42,40
"nearby",5,37
"nearby",42,30
"nearby",30,23
"nearby",12,37
"nearby",42,29
"nearby",20,51
"nearby",7,17
"nearby",7,49
"nearby",47,44
"nearby",20,38
"nearby",10,36
"nearby",14,7
"nearby",44,35
"nearby",49,49
"nearby",28,14
"nearby",49,23
"nearby",40,44
"nearby",44,17
"nearby",28,10
"nearby",25,2
"nearby",23,24
"nearby",44,49
"nearby",37,48
"nearby",1,24
"nearby",43,44
"nearby",36,22
"nearby",49,51
"nearby",21,24
"nearby",21,1
"nearby",20,16
"nearby",48,51
"nearby",39,32
"nearby",30,32
"nearby",35,3
"nearby",2,14
"nearby",5,33
"nearby",5,27
"nearby",30,14
"nearby",41,40
"nearby",46,48
"nearby",11,20
"nearby",24,1
"nearby",28,48
"nearby",23,20
"nearby",31,50
"nearby",28,22
"nearby",24,6
"nearby",18,35
"nearby",22,16
"nearby",40,35
"nearby",6,31
"nearby",44,8
"nearby",25,18
"nearby",26,39
"nearby",6,48
"nearby",17,15
"nearby",6,5
"nearby",9,45
"nearby",49,34
"nearby",48,37
"nearby",21,17
"nearby",42,4
"nearby",51,41
"nearby",41,2
"nearby",24,8
"nearby",44,11
"nearby",34,24
"nearby",13,36
"nearby",9,46
"nearby",4,33
"nearby",50,45
"nearby",20,20
"nearby",45,36
"nearby",41,34
"nearby",19,4
"nearby",8,21
"nearby",39,14
"nearby",18,21
"nearby",39,31
"nearby",19,27
"nearby",13,5
"nearby",19,13
"nearby",29,16
"nearby",50,38
"nearby",33,22
"nearby",32,9
"nearby",43,45
"nearby",6,11
"nearby",9,10
"nearby",8,23
"nearby",25,33
"nearby",16,2
"nearby",24,26
"nearby",23,30
"nearby",31,22
"nearby",47,51
"nearby",4,14
"nearby",49,49
"nearby",32,15
"nearby",45,34
"nearby",25,39
"nearby",8,23
"nearby",29,22
"nearby",14,45
"nearby",7,21
"nearby",24,3
"nearby",11,33
"nearby",35,25
"nearby",47,36
"nearby",15,8
"nearby",8,12
"nearby",37,1
"nearby",27,21
"nearby",15,6
"nearby",29,21
"nearby",51,25
"nearby",41,7
"nearby",11,32
"nearby",41,21
"nearby",16,23
"nearby",40,43
"nearby",22,51
"nearby",42,36
"nearby",5,16
"nearby",9,3
"nearby",33,11
"nearby",22,48
"nearby",5,41
"nearby",30,41
"nearby",45,37
"nearby",18,43
"nearby",7,36
"nearby",37,49
"nearby",11,24
"nearby",45,47
"nearby",28,23
"nearby",28,49
"nearby",36,31
"nearby",36,42
"nearby",25,3
"nearby",15,44
"nearby",47,40
"nearby",44,1
"nearby",12,28
"nearby",5,50
"nearby",22,39
"nearby",35,13
"nearby",26,23
"nearby",16,34
"nearby",23,45
"nearby",50,44
"nearby",2,16
"nearby",51,51
"nearby",32,49
"nearby",30,18
"nearby",13,51
"nearby",38,6
"nearby",38,24
"nearby",25,16
"nearby",18,19
"nearby",10,37
"nearby",27,32
"nearby",49,43
"nearby",2,31
"nearby",13,7
"nearby",4,46
"nearby",10,21
"nearby",43,18
"nearby",38,5
"nearby",29,40
"nearby",15,48
"nearby",43,37
"nearby",17,3
"nearby",31,9
"nearby",51,50
"nearby",7,2
"nearby",44,37
"nearby",37,33
"nearby",36,7
"nearby",20,22
"nearby",19,14
"nearby",4,14
"nearby",44,21
"nearby",43,27
"nearby",41,3
"nearby",38,23
"nearby",15,12
"nearby",41,36
"nearby",22,3
"nearby",35,4
"nearby",48,33
"nearby",31,17
"nearby",13,18
"nearby",14,16
"nearby",13,51
"nearby",29,50
"nearby",34,36
"nearby",12,17
"nearby",9,3
"nearby",29,12
"nearby",19,22
"nearby",19,3
"nearby",24,50
"nearby",43,6
"nearby",22,8
"nearby",1,31
"nearby",25,32
"nearby",43,5
"nearby",39,27
"nearby",19,13
"nearby",41,30
"nearby",22,35
"nearby",19,5
"nearby",17,24
"nearby",33,5
"nearby",14,44
"nearby",15,30
"nearby",39,37
"nearby",41,46
"nearby",20,41
"nearby",23,22
"nearby",50,28
"nearby",37,6
"nearby",39,11
"nearby",41,41
"nearby",22,40
"nearby",24,11
"nearby",41,28
"nearby",48,47
"nearby",15,31
"nearby",10,13
"nearby",29,15
"nearby",30,32
"nearby",45,34
"nearby",21,15
"nearby",3,25
"nearby",12,8
"nearby",5,37
"nearby",6,34
"nearby",31,24
"nearby",13,4
"nearby",1,42
"nearby",30,31
"nearby",42,17
"nearby",23,22
"nearby",36,19
"nearby",9,7
"nearby",5,6
"nearby",17,7
"nearby",25,27
"nearby",44,5
"nearby",38,39
"nearby",25,43
"nearby",21,12
"nearby",9,11
"nearby",47,37
"nearby",44,42
"nearby",13,7
"nearby",42,1
"nearby",24,19
"nearby",36,4
"nearby",36,7
"nearby",47,32
"nearby",36,19
"nearby",4,36
"nearby",38,27
"nearby",7,14
"nearby",18,11
"nearby",20,10
"nearby",13,37
"nearby",49,43
"nearby",12,11
"nearby",17,17
"nearby",50,49
"nearby",21,8
"nearby",7,27
"nearby",12,51
"nearby",17,12
"nearby",44,36
"nearby",23,19
"nearby",50,37
"nearby",43,31
"nearby",3,21
"nearby",14,13
"nearby",25,10
"nearby",45,37
"nearby",37,32
"nearby",46,19
"nearby",11,16
"nearby",16,30
"nearby",38,37
"nearby",48,41
"nearby",35,31
"nearby",41,34
"nearby",26,45
"nearby",18,19
"nearby",4,29
"nearby",37,14
"nearby",39,44
"nearby",29,23
"nearby",30,36
"nearby",31,39
"nearby",38,22
"nearby",51,51
"nearby",32,10
"nearby",5,51
"nearby",20,14
"nearby",38,35
"nearby",30,25
"nearby",44,36
"nearby",3,37
"nearby",46,24
"nearby",50,24
"nearby",50,42
"nearby",4,11
"nearby",19,6
"nearby",42,27
"nearby",17,36
"nearby",13,13
"nearby",31,47
"nearby",10,34
"nearby",32,1
"nearby",30,49
"nearby",3,17
"nearby",16,3
"nearby",32,27
"nearby",40,8
"nearby",39,44
"nearby",39,21
"nearby",50,44
"nearby",34,22
"nearby",34,14
"nearby",44,31
"nearby",48,30
"nearby",37,34
"nearby",15,25
"nearby",19,49
"nearby",38,18
"nearby",36,4
"nearby",39,8
"nearby",21,3
"nearby",14,34
"nearby",19,46
"nearby",47,25
"nearby",29,7
"nearby",8,27
"nearby",25,32
"nearby",40,44
"nearby",44,35
"nearby",11,23
"nearby",1,7
"nearby",29,50
"nearby",47,37
"nearby",16,11
"nearby",46,34
"nearby",27,6
"nearby",23,17
"nearby",3,19
"nearby",40,51
"nearby",19,15
"nearby",37,26
"nearby",5,21
"nearby",14,6
"nearby",1,1
"nearby",44,14
"nearby",51,51
"nearby",19,38
"nearby",22,37
"nearby",1,23
"nearby",48,41
"nearby",41,38
"nearby",30,33
"nearby",43,31
"nearby",34,29
"nearby",39,13
"nearby",47,20
"nearby",4,50
"nearby",22,29
"nearby",31,32
"nearby",27,39
"nearby",24,34
"nearby",17,9
"nearby",13,33
"nearby",25,13
"nearby",19,24
"nearby",49,45
"nearby",32,49
"nearby",48,45
"nearby",17,4
"nearby",41,45
"nearby",31,4
"nearby",20,23
"nearby",10,10
"nearby",34,44
"nearby",18,15
"nearby",41,50
"nearby",48,41
"nearby",21,25
"nearby",29,31
"nearby",6,10
"nearby",44,45
"nearby",48,17
"nearby",34,20
"nearby",46,35
"nearby",50,50
"nearby",45,2
"nearby",28,42
"nearby",38,23
"nearby",16,35
"nearby",2,32
"nearby",45,4
"nearby",1,28
"nearby",40,28
"nearby",47,37
"nearby",3,33
"nearby",6,25
"nearby",31,17
"nearby",42,27
"nearby",3,32
"nearby",19,43
"nearby",22,5
"nearby",36,23
"nearby",12,20
"nearby",33,19
"nearby",10,4
"nearby",41,10
"nearby",1,40
"nearby",32,22
"nearby",25,10
"nearby",27,48
"nearby",15,12
"nearby",39,31
"nearby",36,6
"nearby",34,13
"nearby",29,39
"nearby",26,16
"nearby",20,19
"nearby",17,44
"nearby",3,14
"nearby",7,3
"nearby",44,47
"nearby",35,13
"nearby",38,13
"nearby",39,39
"nearby",31,20
"nearby",17,41
"nearby",23,19
"nearby",47,40
"nearby",36,4
"nearby",35,7
"nearby",1,39
"nearby",25,21
"nearby",48,38
"nearby",23,36
"nearby",3,1
"nearby",28,13
"nearby",29,30
"nearby",48,51
"nearby",8,10
"nearby",5,36
"nearby",43,21
"nearby",33,16
"nearby",8,43
"nearby",40,48
"nearby",32,36
"nearby",33,37
"nearby",50,48
"nearby",31,19
"nearby",25,29
"nearby",3,43
"nearby",8,2
"nearby",10,32
"nearby",37,17
"nearby",26,8
"nearby",44,18
"nearby",17,18
"nearby",48,44
"nearby",9,29
"nearby",12,7
"nearby",22,12
"nearby",44,42
"nearby",8,15
"nearby",31,4
"nearby",2,30
"nearby",27,11
"nearby",30,27
"nearby",18,29
"nearby",7,48
"nearby",40,43
"nearby",15,10
"nearby",4,5
"nearby",37,28
"nearby",6,4
"nearby",50,47
"nearby",22,16
"nearby",39,23
"nearby",7,27
"nearby",2,46
"nearby",47,49
"nearby",4,24
"nearby",23,6
"nearby",3,29
"nearby",33,47
"nearby",14,6
"nearby",12,26
"nearby",26,32
"nearby",35,19
"nearby",19,19
"nearby",46,15
"nearby",18,15
"nearby",12,8
"nearby",16,34
"nearby",2,32
"nearby",24,18
"nearby",9,32
"nearby",41,41
"nearby",20,33
"nearby",9,35
"nearby",22,3
"nearby",22,16
"nearby",14,19
"nearby",46,8
"nearby",50,34
"nearby",41,1
"nearby",17,42
"nearby",20,5
"nearby",23,9
"nearby",33,28
"nearby",34,1
"nearby",38,29
"nearby",41,36
"nearby",47,43
"nearby",15,32
"nearby",40,45
"nearby",43,11
"nearby",30,23
"nearby",23,36
"nearby",34,51
"nearby",24,47
"nearby",9,4
"nearby",1,25
"nearby",46,25
"nearby",46,42
"nearby",45,22
"nearby",11,2
"nearby",46,23
"nearby",50,39
"nearby",1,9
"nearby",24,36
"nearby",8,11
"nearby",8,49
"nearby",33,31
"nearby",40,28
"nearby",7,23
"nearby",33,10
"nearby",32,8
"nearby",13,19
"nearby",44,37
"nearby",44,43
"nearby",30,15
"nearby",30,3
"nearby",21,43
"nearby",26,24
"nearby",13,40
"nearby",50,25
"nearby",24,6
"nearby",51,33
"nearby",40,29
"nearby",5,14
"nearby",8,3
"nearby",35,6
"nearby",41,26
"nearby",8,31
"nearby",50,22
"nearby",49,49
"nearby",41,44
"nearby",36,22
"nearby",3,38
"nearby",7,15
"nearby",45,25
"nearby",28,4
"nearby",47,48
"nearby",29,42
"nearby",50,39
"nearby",37,35
"nearby",26,46
"nearby",24,29
"nearby",21,6
"nearby",23,1
"nearby",1,7
"nearby",16,39
"nearby",36,33
"nearby",40,44
"nearby",22,31
"nearby",34,2
"nearby",38,19
"nearby",7,27
"nearby",42,8
"nearby",39,35
"nearby",18,30
"nearby",32,47
"nearby",15,23
"nearby",41,3
"nearby",1,37
"nearby",16,42
"nearby",50,43
"nearby",29,35
"nearby",23,31
"nearby",45,32
"nearby",22,33
"nearby",30,50
"nearby",21,36
"nearby",34,20
"nearby",45,3
"nearby",21,36
"nearby",29,1
"nearby",12,5
"nearby",12,42
"nearby",9,28
"nearby",8,19
"nearby",16,8
"nearby",31,17
"nearby",4,41
"nearby",51,43
"nearby",38,36
"nearby",18,27
"nearby",35,51
"nearby",11,21
"nearby",18,33
"nearby",7,5
"nearby",12,47
"nearby",37,7
"nearby",17,24
"nearby",10,7
"nearby",7,21
"nearby",27,1
"nearby",5,12
"nearby",5,12
"nearby",9,40
"nearby",3,50
"nearby",13,19
"nearby",25,29
"nearby",16,7
"nearby",28,24
"nearby",34,19
"nearby",16,37
"nearby",39,37
"nearby",27,23
"nearby",30,15
"nearby",50,34
"nearby",1,42
"nearby",48,50
"nearby",2,9
"nearby",35,10
"nearby",11,12
"nearby",47,47
"nearby",38,47
"nearby",46,16
"nearby",50,48
"nearby",48,45
"nearby",6,44
"nearby",38,37
"nearby",49,50
"nearby",20,2
"nearby",34,9
"nearby",28,27
"nearby",26,24
"nearby",34,15
"nearby",36,27
"nearby",30,19
"nearby",44,37
"nearby",39,7
"nearby",31,32
"nearby",48,18
"nearby",10,17
"nearby",45,41
"nearby",18,34
"nearby",20,20
"nearby",10,41
"nearby",25,16
"nearby",25,48
"nearby",46,38
"nearby",44,40
"nearby",7,16
"nearby",47,31
"nearby",33,17
"nearby",8,31
"nearby",25,25
"nearby",30,41
"nearby",38,51
"nearby",2,46
"nearby",5,36
"nearby",30,27
"nearby",30,13
"nearby",7,19
"nearby",16,6
"nearby",39,35
"nearby",41,36
"nearby",3,7
"nearby",51,50
"nearby",12,20
"nearby",34,8
"nearby",7,3
"nearby",2,48
"nearby",43,3
"nearby",12,38
"nearby",8,35
"nearby",15,21
"nearby",39,31
"nearby",24,11
"nearby",5,39
"nearby",3,37
"nearby",38,6
"nearby",36,40
"nearby",49,30
"nearby",32,33
"nearby",32,40
"nearby",40,48
"nearby",7,31
"nearby",11,26
"nearby",38,23
"nearby",46,43
"nearby",45,51
"nearby",30,9
"nearby",23,24
"nearby",46,36
"nearby",7,14
"nearby",51,48
"nearby",48,32
"nearby",39,4
"nearby",2,44
"nearby",43,27
"nearby",44,42
"nearby",1,33
"nearby",9,47
"nearby",1,41
"nearby",11,12
"nearby",18,14
"nearby",24,46
"nearby",47,2
"nearby",44,45
"nearby",21,16
"nearby",50,43
"nearby",21,48
"nearby",9,45
"nearby",28,21
"nearby",1,25
"nearby",38,43
"nearby",43,50
"nearby",20,21
"nearby",22,28
"nearby",32,43
"nearby",22,12
"nearby",44,44
"nearby",2,14
"nearby",21,30
"nearby",21,50
"nearby",10,6
"nearby",19,36
"nearby",42,5
"nearby",10,6
"nearby",23,49
"nearby",7,37
"nearby",50,42
"nearby",47,41
"nearby",24,50
"nearby",2,3
"nearby",47,26
"nearby",44,24
"nearby",6,44
"nearby",20,13
"nearby",37,46
"nearby",3,45
"nearby",13,30
"nearby",19,34
"nearby",32,6
"nearby",51,34
"nearby",25,18
"nearby",51,51
"nearby",14,13
"nearby",30,8
"nearby",42,27
"nearby",47,23
"nearby",3,16
"nearby",16,1
"nearby",24,37
"nearby",50,51
"nearby",15,40
"nearby",20,24
"nearby",49,49
"nearby",5,20
"nearby",32,2
"nearby",13,21
"nearby",29,50
"nearby",34,26
"nearby",46,8
"nearby",10,14
"nearby",43,20
"nearby",38,36
"nearby",45,42
"nearby",14,4
"nearby",38,42
"nearby",28,26
"nearby",12,28
"nearby",8,13
"nearby",2,45
"nearby",20,37
"nearby",19,22
"nearby",9,48
"nearby",2,26
"nearby",34,12
"nearby",8,15
"nearby",35,19
"nearby",43,2
"nearby",19,28
"nearby",13,20
"nearby",5,46
"nearby",42,23
"nearby",42,47
"nearby",21,28
"nearby",27,20
"nearby",20,24
"nearby",8,22
"nearby",21,28
"nearby",19,4
"nearby",23,33
"nearby",43,39
"nearby",16,9
"nearby",4,6
"nearby",44,28
"nearby",7,39
"nearby",48,41
"nearby",27,38
"nearby",40,9
"nearby",18,9
"nearby",38,35
"nearby",44,51
"nearby",21,42
"nearby",39,5
"nearby",50,51
"nearby",6,4
"nearby",22,12
"nearby",42,42
"nearby",33,31
"nearby",14,24
"nearby",8,36
"nearby",31,38
"nearby",40,9
"nearby",13,19
"nearby",21,48
"nearby",27,15
"nearby",38,34
"nearby",40,2
"nearby",12,1
"nearby",16,7
"nearby",27,36
"nearby",3,28
"nearby",11,45
"nearby",41,31
"nearby",10,17
"nearby",15,38
"nearby",33,39
"nearby",2,18
"nearby",31,36
"nearby",16,41
"nearby",14,6
"nearby",26,27
"nearby",31,29
"nearby",41,20
"nearby",10,38
"nearby",46,51
"nearby",50,49
"nearby",44,24
"nearby",28,33
"nearby",36,11
"nearby",25,14
"nearby",42,51
"nearby",10,6
"nearby",46,47
"nearby",31,23
"nearby",24,29
"nearby",43,43
"nearby",49,23
"nearby",9,46
"nearby",25,28
"nearby",8,29
"nearby",16,40
"nearby",23,5
"nearby",7,30
"nearby",42,41
"nearby",35,15
"nearby",36,21
"nearby",48,49
"nearby",16,21
"nearby",11,48
"nearby",13,3
"nearby",34,45
"nearby",30,23
"nearby",18,43
"nearby",36,34
"nearby",38,8
"nearby",3,50
"nearby",37,27
"nearby",34,29
"nearby",9,30
"nearby",49,47
"nearby",13,5
"nearby",36,6
"nearby",28,10
"nearby",45,46
"nearby",47,43
"nearby",26,45
"nearby",19,17
"nearby",9,36
"nearby",29,24
"nearby",22,6
"nearby",33,4
"nearby",2,38
"nearby",19,2
"nearby",44,16
"nearby",13,30
"nearby",37,33
"nearby",17,11
"nearby",48,34
"nearby",36,3
"nearby",37,1
"nearby",14,47
"nearby",39,28
"nearby",15,24
"nearby",15,4
"nearby",44,16
"nearby",25,47
"nearby",34,41
"nearby",5,26
"nearby",6,42
"nearby",2,39
"nearby",39,4
"nearby",32,2
"nearby",13,6
"nearby",15,7
"nearby",23,38
"nearby",49,11
"nearby",40,4
"nearby",37,39
"nearby",47,25
"nearby",22,28
"nearby",15,17
"nearby",5,1
"nearby",8,6
"nearby",21,15
"nearby",19,33
"nearby",9,15
"nearby",42,34
"nearby",6,28
"nearby",47,35
"nearby",36,30
"nearby",2,24
"nearby",40,10
"nearby",24,20
"nearby",17,42
"nearby",27,29
"nearby",24,18
"nearby",13,10
"nearby",42,24
"nearby",41,5
"nearby",10,18
"nearby",51,48
"nearby",29,5
"nearby",44,31
"nearby",14,31
"nearby",25,8
"nearby",43,39
"nearby",48,49
"nearby",18,5
"nearby",33,38
"nearby",7,20
"nearby",16,24
"nearby",21,12
"nearby",29,22
"nearby",44,5
"nearby",3,19
"nearby",38,17
"nearby",2,19
"nearby",3,24
"nearby",10,28
"nearby",18,38
"nearby",6,14
"nearby",13,44
"nearby",31,4
"nearby",38,2
"nearby",35,17
"nearby",44,50
"nearby",3,33
"nearby",26,46
"nearby",37,23
"nearby",28,22
"nearby",43,46
"nearby",21,20
"nearby",27,40
"nearby",13,18
"nearby",14,9
"nearby",45,4
"nearby",15,1
"nearby",17,14
"nearby",23,30
"nearby",22,24
"nearby",41,40
"nearby",21,11
"nearby",46,17
"nearby",1,28
"nearby",25,11
"nearby",9,33
"nearby",41,1
"nearby",8,7
"nearby",3,4
"nearby",51,41
"nearby",26,5
"nearby",37,25
"nearby",20,39
"nearby",50,35
"nearby",29,27
"nearby",39,36
"nearby",50,35
"nearby",18,7
"nearby",36,39
"nearby",13,6
"nearby",4,34
"nearby",11,7
"nearby",15,36
"nearby",43,38
"nearby",45,50
"nearby",7,43
"nearby",17,24
"nearby",36,41
"nearby",3,34
"nearby",42,23
"nearby",22,3
"nearby",49,40
"nearby",44,47
"nearby",29,6
"nearby",48,46
"nearby",19,28
"nearby",43,4
"nearby",12,18
"nearby",27,51
"nearby",34,7
"nearby",45,31
"nearby",3,37
"nearby",50,39
"nearby",28,4
"nearby",45,30
"nearby",26,18
"nearby",17,1
"nearby",23,27
"nearby",25,12
"nearby",12,46
"nearby",19,39
"nearby",39,32
"nearby",8,44
"nearby",10,8
"nearby",7,43
"nearby",4,9
"nearby",37,13
"nearby",5,31
"nearby",35,14
"nearby",20,40
"nearby",15,27
"nearby",44,40
"nearby",36,35
"nearby",44,32
"nearby",46,31
"nearby",17,12
"nearby",32,39
"nearby",45,22
"nearby",9,43
"nearby",8,39
"nearby",2,30
"nearby",38,20
"nearby",39,24
"nearby",41,32
"nearby",47,48
"nearby",29,34
"nearby",44,17
"nearby",18,17
"nearby",24,26
"nearby",48,34
"nearby",31,21
"nearby",17,48
"nearby",40,21
"nearby",15,9
"nearby",24,42
"nearby",6,46
"nearby",4,3
"nearby",38,46
"nearby",4,29
"nearby",9,24
"nearby",38,20
"nearby",28,16
"nearby",2,21
"nearby",18,1
"nearby",9,23
"nearby",7,14
"nearby",1,5
"nearby",30,3
"nearby",7,49
"nearby",45,37
"nearby",28,38
"nearby",11,40
"nearby",44,40
"nearby",29,5
"nearby",49,46
"nearby",48,18
"nearby",25,38
"nearby",40,25
"nearby",47,6
"nearby",23,15
"nearby",41,1
"nearby",10,22
"nearby",7,23
"nearby",26,22
"nearby",19,42
"nearby",2,35
"nearby",32,9
"nearby",16,17
"nearby",23,8
"nearby",6,4
"nearby",33,4
"nearby",22,13
"nearby",44,12
"nearby",34,28
"nearby",44,25
"nearby",32,34
"nearby",35,17
"nearby",49,41
"nearby",33,25
"nearby",21,36
"nearby",2,23
"nearby",35,33
"nearby",17,25
"nearby",7,5
"nearby",22,5
"nearby",31,42
"nearby",36,6
"nearby",42,16
"nearby",35,28
"nearby",29,13
"nearby",34,34
"nearby",5,17
"nearby",4,13
"nearby",43,51
"nearby",3,2
"nearby",44,51
"nearby",7,15
"nearby",18,36
"nearby",13,30
"nearby",22,27
"nearby",49,51
"nearby",30,37
"nearby",39,38
"nearby",8,24
"nearby",27,42
"nearby",48,40
"nearby",17,29
"nearby",41,38
"nearby",7,12
"nearby",43,13
"nearby",17,27
"nearby",30,31
"nearby",24,41
"nearby",4,17
"nearby",22,4
"nearby",6,32
"nearby",1,20
"nearby",43,29
"nearby",11,16
"nearby",13,11
"nearby",21,39
"nearby",23,36
"nearby",50,33
"nearby",6,45
"nearby",41,13
"nearby",46,41
"nearby",3,15
"nearby",13,34
"nearby",5,12
"nearby",31,37
"nearby",29,7
"nearby",40,2
"nearby",4,35
"nearby",14,10
"nearby",34,36
"nearby",28,35
"nearby",31,5
"nearby",45,40
"nearby",18,17
"nearby",19,13
"nearby",8,36
"nearby",10,16
"nearby",43,23
"nearby",13,8
"nearby",20,8
"nearby",33,34
"nearby",1,14
"nearby",51,50
"nearby",45,21
"nearby",24,22
"nearby",14,36
"nearby",38,33
"nearby",49,51
"nearby",19,11
"nearby",50,49
"nearby",10,27
"nearby",37,3
"nearby",36,23
"nearby",29,20
"nearby",3,35
"nearby",16,31
"nearby",10,12
"nearby",38,39
"nearby",49,49
"nearby",39,20
"nearby",50,37
"nearby",26,19
"nearby",3,4
"nearby",32,41
"nearby",35,21
"nearby",13,7
"nearby",13,23
"nearby",2,48
"nearby",39,31
"nearby",3,18
"nearby",40,4
"nearby",3,33
"nearby",10,41
"nearby",40,44
"nearby",30,10
"nearby",41,23
"nearby",22,13
"nearby",36,49
"nearby",32,15
"nearby",42,13
"nearby",21,9
"nearby",48,34
"nearby",2,24
"nearby",37,32
"nearby",11,36
"nearby",46,29
"nearby",26,26
"nearby",5,32
"nearby",22,33
"nearby",28,16
"nearby",32,2
"nearby",32,13
"nearby",13,38
"nearby",13,17
"nearby",17,22
"nearby",24,25
"nearby",16,25
"nearby",17,31
"nearby",50,44
"nearby",49,38
"nearby",47,48
"nearby",15,2
"nearby",38,14
"nearby",5,15
"nearby",4,11
"nearby",28,48
"nearby",35,9
"nearby",8,1
"nearby",14,1
"nearby",10,40
"nearby",2,42
"nearby",21,30
"nearby",28,35
"nearby",41,6
"nearby",34,18
"nearby",18,46
"nearby",40,9
"nearby",10,47
"nearby",26,34
"nearby",2,23
"nearby",37,30
"nearby",38,7
"nearby",43,24
"nearby",11,33
"nearby",46,32
"nearby",34,19
"nearby",9,11
"nearby",8,14
"nearby",36,47
"nearby",42,3
"nearby",20,29
"nearby",40,29
"nearby",18,35
"nearby",27,14
"nearby",12,21
"nearby",51,51
"nearby",45,24
"nearby",34,39
"nearby",7,22
"nearby",50,38
"nearby",32,21
"nearby",23,3
"nearby",47,20
"nearby",18,2
"nearby",47,50
"nearby",13,28
"nearby",33,33
"nearby",44,13
"nearby",35,3
"nearby",32,41
"nearby",5,20
"nearby",12,18
"nearby",14,35
"nearby",11,11
"nearby",8,35
"nearby",24,32
"nearby",22,18
"nearby",19,16
"nearby",26,20
"nearby",10,3
"nearby",24,17
"nearby",6,33
"nearby",31,46
"nearby",8,8
"nearby",29,17
"nearby",18,5
"nearby",21,51
"nearby",8,10
"nearby",5,44
"nearby",26,11
"nearby",38,48
"nearby",39,49
"nearby",49,24
"nearby",48,46
"nearby",39,22
"nearby",16,41
"nearby",51,44
"nearby",40,49
"nearby",2,6
"nearby",8,11
"nearby",46,9
"nearby",5,13
"nearby",39,33
"nearby",12,29
"nearby",19,12
"nearby",44,24
"nearby",50,40
"nearby",34,43
"nearby",39,7
"nearby",38,19
"nearby",15,3
"nearby",51,47
"nearby",26,4
"nearby",51,49
"nearby",1,20
"nearby",13,35
"nearby",37,11
"nearby",32,9
"nearby",22,1
"nearby",35,9
"nearby",39,20
"nearby",50,45
"nearby",25,11
"nearby",10,29
"nearby",18,7
"nearby",2,48
"nearby",8,42
"nearby",23,49
"nearby",19,46
"nearby",3,28
"nearby",28,19
"nearby",33,13
"nearby",24,10
"nearby",18,8
"nearby",30,34
"nearby",29,10
"nearby",21,7
"nearby",20,4
"nearby",16,38
"nearby",50,31
"nearby",23,37
"nearby",3,44
"nearby",11,33
"nearby",48,47
"nearby",26,31
"nearby",7,13
"nearby",45,26
"nearby",7,33
"nearby",28,46
"nearby",9,15
"nearby",5,3
"nearby",43,48
"nearby",8,22
"nearby",19,1
"nearby",19,34
"nearby",38,35
"nearby",2,17
"nearby",36,1
"nearby",23,15
"nearby",30,1
"nearby",32,1
"nearby",26,3
"nearby",44,40
"nearby",21,30
"nearby",25,42
"nearby",29,7
"nearby",16,33
"nearby",19,25
"nearby",8,7
"nearby",34,39
"nearby",40,14
"nearby",18,9
"nearby",34,25
"nearby",19,32
"nearby",27,38
"nearby",39,50
"nearby",18,23
"nearby",31,2
"nearby",42,24
"nearby",12,9
"nearby",45,34
"nearby",9,13
"nearby",17,11
"nearby",13,17
"nearby",4,7
"nearby",11,23
"nearby",40,49
"nearby",36,15
"nearby",43,45
"nearby",16,16
"nearby",29,28
"nearby",35,20
"nearby",4,12
"nearby",14,1
"nearby",45,26
"nearby",10,50
"nearby",6,2
"nearby",2,26
"nearby",36,4
"nearby",6,26
"nearby",42,13
"nearby",32,6
"nearby",18,11
"nearby",20,16
"nearby",23,32
"nearby",8,41
"nearby",49,40
"nearby",9,47
"nearby",42,19
"nearby",33,20
"nearby",47,8
"nearby",18,17
"nearby",28,44
"nearby",24,17
"nearby",35,21
"nearby",7,36
"nearby",22,35
"nearby",44,27
"nearby",42,16
"nearby",51,47
"nearby",2,43
"nearby",24,20
"nearby",23,30
"nearby",2,8
"nearby",30,44
"nearby",39,42
"nearby",36,30
"nearby",25,13
"nearby",40,10
"nearby",46,50
"nearby",33,28
"nearby",14,10
"nearby",10,22
"nearby",26,31
"nearby",9,24
"nearby",22,45
"nearby",32,37
"nearby",16,7
"nearby",1,18
"nearby",22,22
"nearby",48,49
"nearby",50,49
"nearby",1,5
"nearby",19,38
"nearby",2,33
"nearby",10,21
"nearby",8,14
"nearby",31,51
"nearby",2,13
"nearby",6,31
"nearby",1,49
"nearby",43,37
"nearby",5,38
"nearby",15,34
"nearby",49,39
"nearby",6,14
"nearby",35,14
"nearby",39,23
"nearby",45,49
"nearby",11,31
"nearby",9,26
"nearby",42,13
"nearby",48,27
"nearby",18,44
"nearby",27,29
"nearby",21,39
"nearby",20,47
"nearby",3,50
"nearby",50,30
"nearby",36,42
"nearby",32,30
"nearby",6,21
"nearby",30,19
"nearby",47,35
"nearby",44,21
"nearby",27,37
"nearby",37,3
"nearby",4,49
"nearby",5,44
"nearby",34,23
"nearby",21,44
"nearby",17,20
"nearby",43,18
"nearby",17,28
"nearby",9,30
"nearby",30,4
"nearby",34,13
"nearby",47,46
"nearby",32,33
"nearby",8,20
"nearby",46,31
"nearby",5,45
"nearby",21,38
"nearby",5,34
"nearby",23,29
"nearby",11,32
"nearby",4,35
"nearby",38,27
"nearby",22,7
"nearby",26,38
"nearby",20,39
"nearby",14,36
"nearby",5,7
"nearby",10,39
"nearby",37,13
"nearby",49,36
"nearby",9,39
"nearby",46,45
"nearby",4,15
"nearby",32,18
"nearby",18,4
"nearby",21,38
"nearby",49,39
"nearby",5,47
"nearby",50,2
"nearby",35,33
"nearby",6,19
"nearby",7,30
"nearby",50,48
"nearby",31,33
"nearby",17,50
"nearby",28,4
"nearby",37,5
"nearby",40,15
"nearby",17,3
"nearby",8,41
"nearby",30,3
"nearby",44,19
"nearby",42,39
"nearby",3,19
"nearby",4,29
"nearby",35,24
"nearby",21,31
"nearby",25,10
"nearby",28,46
"nearby",31,34
"nearby",37,41
"nearby",31,39
"nearby",22,7
"nearby",37,26
"nearby",25,19
"nearby",23,1
"nearby",3,38
"nearby",5,35
"nearby",7,14
"nearby",49,46
"nearby",19,20
"nearby",49,39
"nearby",1,23
"nearby",39,11
"nearby",36,51
"nearby",7,40
"nearby",26,10
"nearby",49,47
"nearby",18,15
"nearby",18,42
"nearby",47,48
"nearby",44,10
"nearby",50,49
"nearby",2,24
"nearby",39,31
"nearby",34,26
"nearby",11,46
"nearby",7,41
"nearby",17,27
"nearby",51,49
"nearby",25,10
"nearby",49,50
"nearby",37,47
"nearby",32,7
"nearby",44,28
"nearby",50,33
"nearby",25,20
"nearby",7,26
"nearby",20,9
"nearby",14,15
"nearby",22,34
"nearby",35,45
"nearby",22,38
"nearby",2,24
"nearby",24,3
"nearby",12,5
"nearby",21,14
"nearby",50,42
"nearby",7,20
"nearby",48,37
"nearby",8,13
"nearby",13,18
"nearby",43,4
"nearby",43,8
"nearby",42,41
"nearby",27,1
"nearby",29,20
"nearby",38,25
"nearby",44,51
"nearby",32,16
"nearby",35,33
"nearby",18,31
"nearby",15,8
"nearby",14,22
"nearby",20,11
"nearby",44,1
"nearby",36,19
"nearby",4,3
"nearby",20,10
"nearby",48,20
"nearby",22,26
"nearby",39,22
"nearby",23,25
"nearby",23,3
"nearby",20,9
"nearby",39,38
"nearby",24,17
"nearby",37,10
"nearby",27,6
"nearby",35,28
"nearby",6,32
"nearby",19,37
"nearby",31,7
"nearby",3,6
"nearby",34,16
"nearby",15,31
"nearby",17,14
"nearby",28,4
"nearby",30,40
"nearby",20,33
"nearby",15,8
"nearby",13,2
"nearby",16,37
"nearby",33,40
"nearby",4,16
"nearby",12,15
"nearby",23,19
"nearby",9,41
"nearby",51,50
"nearby",6,28
"nearby",15,33
"nearby",29,47
"nearby",42,49
"nearby",26,4
"nearby",19,5
"nearby",25,42
"nearby",36,45
"nearby",32,5
"nearby",9,45
"nearby",11,6
"nearby",7,20
"nearby",35,46
"nearby",44,6
"nearby",29,45
"nearby",34,15
"nearby",23,13
"nearby",31,15
"nearby",1,18
"nearby",26,13
"nearby",23,23
"nearby",20,50
"nearby",11,6
"nearby",26,11
"nearby",46,30
"nearby",42,39
"nearby",39,43
"nearby",44,1
"nearby",5,36
"nearby",25,1
"nearby",38,25
"nearby",16,11
"nearby",31,29
"nearby",23,27
"nearby",39,33
"nearby",50,51
"nearby",30,25
"nearby",25,40
"nearby",41,9
"nearby",13,34
"nearby",22,7
"nearby",17,19
"nearby",40,34
"nearby",16,35
"nearby",21,38
"nearby",13,40
"nearby",28,21
"nearby",33,1
"nearby",18,36
"nearby",6,43
"nearby",12,35
"nearby",36,1
"nearby",22,6
"nearby",42,5
"nearby",50,47
"nearby",31,2
"nearby",36,40
"nearby",28,22
"nearby",37,15
"nearby",47,29
"nearby",20,34
"nearby",41,44
"nearby",35,51
"nearby",46,48
"nearby",42,20
"nearby",49,47
"nearby",3,51
"nearby",24,31
"nearby",3,5
"nearby",10,26
"nearby",37,29
"nearby",27,31
"nearby",45,15
"nearby",18,25
"nearby",27,17
"nearby",11,25
"nearby",51,50
"nearby",5,37
"nearby",3,16
"nearby",10,16
"nearby",41,49
"nearby",37,25
"nearby",26,28
"nearby",11,41
"nearby",22,13
"nearby",20,4
"nearby",15,2
"nearby",39,35
"nearby",13,29
"nearby",47,30
"nearby",33,6
"nearby",8,20
"nearby",34,39
"nearby",11,18
"nearby",13,5
"nearby",49,47
"nearby",36,8
"nearby",11,41
"nearby",26,7
"nearby",31,1
"nearby",3,15
"nearby",22,5
"nearby",35,50
"nearby",3,12
"nearby",31,44
"nearby",30,28
"nearby",32,14
"nearby",13,8
"nearby",24,15
"nearby",43,19
"nearby",45,51
"nearby",33,4
"nearby",33,5
"nearby",35,1
"nearby",32,25
"nearby",4,42
"nearby",40,41
"nearby",42,17
"nearby",43,15
"nearby",10,38
"nearby",42,3
"nearby",40,17
"nearby",5,4
"nearby",48,39
"nearby",42,12
"nearby",40,8
"nearby",2,7
"nearby",9,25
"nearby",39,2
"nearby",8,40
"nearby",18,8
"nearby",36,11
"nearby",3,51
"nearby",13,13
"nearby",33,6
"nearby",32,24
"nearby",3,9
"nearby",33,35
"nearby",50,39
"nearby",32,9
"nearby",18,17
"nearby",12,15
"nearby",43,51
"nearby",21,23
"nearby",9,27
"nearby",12,30
"nearby",20,2
"nearby",30,21
"nearby",39,39
"nearby",21,16
"nearby",26,30
"nearby",6,30
"nearby",46,22
"nearby",16,8
"nearby",19,15
"nearby",50,46
"nearby",17,20
"nearby",43,3
"nearby",8,3
"nearby",9,36
"nearby",51,50
"nearby",25,35
"nearby",5,8
"nearby",21,9
"nearby",40,25
"nearby",37,31
"nearby",32,41
"nearby",29,23
"nearby",44,42
"nearby",27,41
"nearby",18,11
"nearby",51,36
"nearby",33,38
"nearby",1,5
"nearby",28,12
"nearby",18,27
"nearby",22,12
"nearby",50,47
"nearby",31,36
"nearby",48,50
"nearby",51,49
"nearby",41,34
"nearby",14,37
"nearby",27,18
"nearby",9,48
"nearby",37,13
"nearby",34,51
"nearby",35,15
"nearby",33,51
"nearby",46,26
"nearby",37,47
"nearby",40,14
"nearby",18,1
"nearby",27,34
"nearby",15,19
"nearby",5,17
"nearby",5,29
"nearby",29,40
"nearby",45,23
"nearby",43,45
"nearby",16,30
"nearby",40,47
"nearby",17,7
"nearby",34,24
"nearby",24,33
"nearby",5,45
"nearby",20,27
"nearby",15,23
"nearby",17,31
"nearby",4,32
"nearby",49,49
"nearby",16,30
"nearby",46,49
"nearby",16,43
"nearby",24,15
"nearby",16,32
"nearby",44,30
"nearby",3,8
"nearby",35,13
"nearby",34,12
"nearby",3,13
"nearby",16,21
"nearby",35,44
"nearby",17,23
"nearby",19,46
"nearby",2,17
"nearby",36,37
"nearby",6,38
"nearby",7,19
"nearby",21,25
"nearby",10,24
"nearby",42,22
"nearby",32,23
"nearby",23,7
"nearby",3,4
"nearby",5,23
"nearby",50,44
"nearby",25,44
"nearby",17,1
"nearby",39,37
"nearby",19,19
"nearby",38,4
"nearby",5,15
"nearby",12,39
"nearby",6,5
"nearby",31,29
"nearby",21,39
"nearby",28,19
"nearby",48,33
"nearby",16,10
"nearby",12,38
"nearby",48,10
"nearby",13,45
"nearby",10,7
"nearby",30,28
"nearby",45,17
"nearby",41,1
"nearby",27,6
"nearby",24,29
"nearby",27,38
"nearby",37,29
"nearby",29,28
"nearby",42,17
"nearby",10,19
"nearby",38,29
"nearby",28,43
"nearby",26,27
"nearby",3,3
"nearby",27,12
"nearby",32,5
"nearby",2,34
"nearby",32,29
"nearby",50,31
"nearby",33,21
"nearby",1,36
"nearby",49,43
"nearby",15,34
"nearby",33,19
"nearby",41,35
"nearby",31,13
"nearby",50,49
"nearby",46,48
"nearby",13,10
"nearby",23,44
"nearby",14,20
"nearby",38,27
"nearby",8,43
"nearby",40,41
"nearby",49,38
"nearby",44,39
"nearby",1,24
"nearby",26,2
"nearby",1,32
"nearby",1,9
"nearby",34,14
"nearby",36,5
"nearby",51,47
"nearby",20,28
"nearby",8,28
"nearby",34,38
"nearby",37,25
"nearby",34,45
"nearby",44,49
"nearby",19,13
"nearby",6,34
"nearby",22,18
"nearby",16,33
"nearby",15,21
"nearby",14,42
"nearby",19,26
"nearby",20,28
"nearby",31,14
"nearby",29,7
"nearby",25,5
"nearby",47,49
"nearby",35,28
"nearby",6,18
"nearby",33,4
"nearby",19,13
"nearby",8,25
"nearby",21,38
"nearby",36,28
"nearby",26,25
"nearby",21,17
"nearby",11,2
"nearby",4,25
"nearby",5,40
"nearby",27,9
"nearby",11,15
"nearby",39,30
"nearby",17,20
"nearby",26,46
"nearby",22,7
"nearby",47,48
"nearby",34,25
"nearby",27,16
"nearby",11,16
"nearby",28,23
"nearby",5,32
"nearby",36,46
"nearby",16,7
"nearby",9,20
"nearby",38,44
"nearby",6,46
"nearby",42,44
"nearby",24,31
"nearby",8,46
"nearby",4,24
"nearby",11,43
"nearby",39,10
"nearby",39,50
"nearby",36,35
"nearby",24,31
"nearby",44,36
"nearby",49,27
"nearby",29,1
"nearby",43,48
"nearby",35,16
"nearby",51,51
"nearby",25,8
"nearby",38,27
"nearby",9,3
"nearby",36,37
"nearby",17,15
"nearby",40,34
"nearby",4,9
"nearby",40,8
"nearby",22,2
"nearby",24,1
"nearby",34,36
"nearby",4,47
"nearby",32,29
"nearby",29,12
"nearby",33,38
"nearby",37,26
"nearby",22,29
"nearby",11,37
"nearby",45,42
"nearby",18,47
"nearby",37,9
"nearby",28,31
"nearby",4,19
"nearby",19,15
"nearby",9,1
"nearby",32,15
"nearby",28,26
"nearby",46,12
"nearby",35,28
"nearby",18,2
"nearby",19,3
"nearby",46,11
"nearby",41,36
"nearby",20,10
"nearby",21,30
"nearby",1,2
"nearby",36,27
"nearby",33,28
"nearby",14,38
"nearby",29,8
"nearby",44,29
"nearby",49,32
"nearby",15,6
"nearby",20,26
"nearby",39,19
"nearby",37,10
"nearby",44,50
"nearby",8,5
"nearby",11,22
"nearby",17,37
"nearby",31,7
"nearby",5,36
"nearby",4,39
"nearby",19,1
"nearby",34,33
"nearby",47,3
"nearby",18,25
"nearby",18,33
"nearby",48,44
"nearby",16,13
"nearby",50,39
"nearby",40,27
"nearby",24,22
"nearby",10,41
"nearby",34,42
"nearby",11,33
"nearby",29,24
"nearby",44,9
"nearby",39,43
"nearby",25,2
"nearby",23,48
"nearby",10,30
"nearby",8,13
"nearby",24,14
"nearby",4,48
"nearby",31,3
"nearby",51,48
"nearby",51,51
"nearby",30,41
"nearby",39,33
"nearby",27,45
"nearby",24,36
"nearby",3,45
"nearby",39,15
"nearby",49,45
"nearby",40,31
"nearby",29,10
"nearby",14,37
"nearby",42,4
"nearby",19,35
"nearby",26,26
"nearby",16,7
"nearby",15,8
"nearby",20,24
"nearby",47,43
"nearby",40,20
"nearby",27,37
"nearby",45,50
"nearby",10,43
"nearby",39,16
"nearby",20,3
"nearby",24,27
"nearby",2,2
"nearby",44,20
"nearby",35,10
"nearby",15,11
"nearby",48,40
"nearby",43,46
"nearby",1,1
"nearby",16,7
"nearby",37,34
"nearby",18,23
"nearby",14,50
"nearby",41,45
"nearby",16,39
"nearby",40,18
"nearby",45,2
"nearby",45,36
"nearby",1,21
"nearby",7,3
"nearby",19,32
"nearby",26,19
"nearby",36,15
"nearby",50,50
"nearby",30,7
"nearby",20,12
"nearby",40,38
"nearby",34,46
"nearby",41,34
"nearby",21,4
"nearby",45,34
"nearby",43,18
"nearby",14,7
"nearby",39,27
"nearby",15,47
"nearby",15,29
"nearby",32,25
"nearby",38,12
"nearby",15,42
"nearby",2,47
"nearby",4,51
"nearby",13,40
"nearby",4,34
"nearby",17,32
"nearby",17,39
"nearby",11,19
"nearby",42,27
"nearby",31,1
"nearby",23,44
"nearby",19,2
"nearby",2,12
"nearby",10,25
"nearby",20,43
"nearby",41,30
"nearby",35,51
"nearby",42,34
"nearby",47,11
"nearby",26,40
"nearby",41,19
"nearby",32,7
"nearby",6,44
"nearby",8,13
"nearby",47,20
"nearby",34,22
"nearby",24,1
"nearby",26,41
"nearby",28,6
"nearby",9,17
"nearby",2,17
"nearby",23,41
"nearby",11,31
"nearby",2,19
"nearby",38,45
"nearby",49,14
"nearby",31,26
"nearby",41,36
"nearby",41,10
"nearby",38,7
"nearby",14,12
"nearby",10,25
"nearby",38,37
"nearby",4,23
"nearby",32,6
"nearby",11,31
"nearby",1,5
"nearby",27,27
"nearby",3,8
"nearby",48,50
"nearby",31,33
"nearby",48,51
"nearby",26,35
"nearby",14,32
"nearby",6,14
"nearby",1,3
"nearby",35,2
"nearby",18,40
"nearby",39,26
"nearby",15,35
"nearby",25,47
"nearby",37,15
"nearby",7,45
"nearby",28,8
"nearby",44,41
"nearby",14,12
"nearby",25,9
"nearby",43,48
"nearby",8,13
"nearby",13,9
"nearby",32,11
"nearby",13,51
"nearby",19,1
"nearby",16,23
"nearby",32,6
"nearby",44,51
"nearby",21,16
"nearby",38,3
"nearby",45,50
"nearby",41,51
"nearby",30,1
"nearby",19,39
"nearby",45,35
"nearby",33,11
"nearby",39,15
"nearby",14,8
"nearby",14,35
"nearby",51,34
"nearby",15,25
"nearby",25,14
"nearby",50,49
"nearby",33,21
"nearby",3,32
"nearby",40,40
"nearby",26,27
"nearby",13,15
"nearby",37,50
"nearby",34,4
"nearby",7,7
"nearby",26,49
"nearby",30,7
"nearby",39,31
"nearby",19,5
"nearby",1,21
"nearby",34,15
"nearby",17,4
"nearby",21,41
"nearby",24,32
"nearby",15,20
"nearby",24,1
"nearby",6,34
"nearby",13,7
"nearby",33,14
"nearby",49,45
"nearby",35,16
"nearby",37,39
"nearby",12,3
"nearby",16,14
"nearby",6,14
"nearby",15,16
"nearby",51,48
"nearby",28,36
"nearby",19,36
"nearby",23,6
"nearby",31,49
"nearby",9,27
"nearby",14,5
"nearby",1,44
"nearby",44,31
"nearby",8,6
"nearby",10,20
"nearby",2,40
"nearby",25,5
"nearby",11,13
"nearby",17,3
"nearby",27,1
"nearby",23,20
"nearby",34,19
"nearby",36,15
"nearby",6,5
"nearby",13,1
"nearby",36,43
"nearby",18,45
"nearby",31,31
"nearby",33,14
"nearby",17,18
"nearby",31,46
"nearby",25,37
"nearby",11,35
"nearby",47,41
"nearby",23,2
"nearby",3,21
"nearby",25,6
"nearby",26,3
"nearby",19,14
"nearby",25,12
"nearby",25,8
"nearby",47,42
"nearby",40,2
"nearby",27,11
"nearby",16,9
"nearby",33,13
"nearby",51,51
"nearby",19,33
"nearby",21,6
"nearby",39,10
"nearby",11,15
"nearby",37,40
"nearby",15,8
"nearby",9,15
"nearby",20,12
"nearby",14,19
"nearby",36,19
"nearby",41,22
"nearby",35,41
"nearby",29,11
"nearby",5,24
"nearby",15,3
"nearby",38,4
"nearby",46,13
"nearby",23,19
"nearby",28,7
"nearby",48,36
"nearby",39,40
"nearby",43,18
"nearby",12,10
"nearby",50,49
"nearby",21,34
"nearby",43,39
"nearby",31,2
"nearby",12,36
"nearby",5,21
"nearby",3,27
"nearby",43,38
"nearby",15,46
"nearby",9,10
"nearby",48,48
"nearby",50,48
"nearby",28,11
"nearby",39,47
"nearby",49,39
"nearby",51,41
"nearby",10,31
"nearby",29,10
"nearby",27,13
"nearby",25,34
"nearby",40,49
"nearby",50,27
"nearby",30,42
"nearby",20,35
"nearby",14,30
"nearby",30,6
"nearby",18,6
"nearby",48,37
"nearby",36,31
"nearby",25,37
"nearby",8,27
"nearby",27,27
"nearby",40,28
"nearby",22,28
"nearby",12,8
"nearby",49,50
"nearby",29,26
"nearby",40,45
"nearby",3,41
"nearby",35,1
"nearby",9,2
"nearby",43,49
"nearby",42,9
"nearby",3,3
"nearby",51,47
"nearby",33,49
"nearby",33,46
"nearby",21,13
"nearby",34,32
"nearby",7,45
"nearby",33,15
"nearby",33,22
"nearby",47,50
"nearby",11,14
"nearby",29,17
"nearby",13,30
"nearby",21,42
"nearby",37,39
"nearby",23,1
"nearby",20,27
"nearby",25,26
"nearby",11,2
"nearby",10,27
"nearby",30,34
"nearby",44,8
"nearby",24,33
"nearby",37,6
"nearby",28,31
"nearby",29,45
"nearby",40,11
"nearby",39,18
"nearby",23,29
"nearby",47,49
"nearby",33,44
"nearby",7,40
"nearby",51,47
"nearby",1,10
"nearby",2,22
"nearby",8,20
"nearby",1,4
"nearby",25,17
"nearby",14,33
"nearby",26,39
"nearby",34,47
"nearby",20,28
"nearby",1,43
"nearby",42,6
"nearby",50,29
"nearby",9,7
"nearby",30,15
"nearby",6,24
"nearby",32,21
"nearby",29,3
"nearby",46,45
"nearby",19,13
"nearby",24,23
"nearby",33,14
"nearby",15,27
"nearby",43,9
"nearby",50,50
"nearby",43,42
"nearby",11,30
"nearby",7,38
"nearby",22,32
"nearby",16,6
"nearby",10,44
"nearby",17,45
"nearby",17,33
"nearby",17,33
"nearby",3,49
"nearby",51,51
"nearby",36,30
"nearby",3,44
"nearby",3,12
"nearby",18,32
"nearby",48,37
"nearby",13,13
"nearby",5,21
"nearby",25,49
"nearby",13,34
"nearby",12,22
"nearby",47,15
"nearby",38,36
"nearby",47,50
"nearby",49,49
"nearby",40,2
"nearby",11,38
"nearby",40,34
"nearby",7,7
"nearby",40,26
"nearby",27,37
"nearby",37,42
"nearby",41,1
"nearby",47,50
"nearby",30,20
"nearby",39,13
"nearby",11,13
"nearby",29,15
"nearby",33,38
"nearby",12,50
"nearby",43,21
"nearby",37,48
"nearby",12,37
"nearby",37,41
"nearby",33,9
"nearby",31,10
"nearby",47,48
"nearby",11,7
"nearby",49,39
"nearby",23,20
"nearby",33,18
"nearby",50,48
"nearby",22,32
"nearby",43,49
"nearby",19,9
"nearby",51,51
"nearby",35,2
"nearby",8,34
"nearby",34,7
"nearby",11,46
"nearby",1,9
"nearby",44,48
"nearby",11,8
"nearby",47,40
"nearby",42,49
"nearby",3,37
"nearby",28,25
"nearby",2,14
"nearby",12,23
"nearby",1,1
"nearby",38,34
"nearby",4,37
"nearby",7,23
"nearby",20,13
"nearby",51,43
"nearby",43,48
"nearby",48,42
"nearby",8,3
"nearby",37,23
"nearby",22,2
"nearby",50,34
"nearby",12,39
"nearby",46,21
"nearby",26,22
"nearby",34,35
"nearby",16,39
"nearby",21,22
"nearby",21,41
"nearby",32,15
"nearby",38,18
"nearby",7,17
"nearby",34,26
"nearby",10,8
"nearby",44,6
"nearby",35,27
"nearby",34,36
"nearby",17,37
"nearby",24,12
"nearby",29,45
"nearby",22,7
"nearby",47,47
"nearby",38,6
"nearby",24,12
"nearby",31,8
"nearby",20,34
"nearby",51,51
"nearby",3,33
"nearby",21,24
"nearby",20,13
"nearby",12,3
"nearby",9,43
"nearby",12,47
"nearby",22,1
"nearby",46,46
"nearby",8,48
"nearby",6,21
"nearby",30,15
"nearby",51,51
"nearby",22,34
"nearby",17,18
"nearby",40,3
"nearby",19,21
"nearby",47,46
"nearby",17,43
"nearby",44,13
"nearby",38,8
"nearby",51,51
"nearby",8,4
"nearby",3,48
"nearby",1,28
"nearby",17,21
"nearby",12,24
"nearby",1,37
"nearby",37,36
"nearby",35,6
"nearby",48,38
"nearby",9,1
"nearby",15,17
"nearby",44,43
"nearby",23,45
"nearby",8,11
"nearby",39,11
"nearby",1,31
"nearby",23,35
"nearby",1,3
"nearby",51,51
"nearby",40,51
"nearby",23,42
"nearby",47,16
"nearby",9,22
"nearby",48,41
"nearby",45,8
"nearby",22,19
"nearby",51,47
"nearby",43,40
"nearby",32,22
"nearby",38,13
"nearby",35,13
"nearby",39,29
"nearby",12,8
"nearby",37,50
"nearby",17,44
"nearby",12,32
"nearby",34,22
"nearby",2,49
"nearby",21,44
"nearby",45,41
"nearby",34,14
"nearby",15,18
"nearby",12,12
"nearby",50,49
"nearby",26,33
"nearby",21,20
"nearby",27,50
"nearby",32,30
"nearby",51,48
"nearby",37,45
"nearby",39,25
"nearby",9,29
"nearby",43,7
"nearby",33,6
"nearby",27,3
"nearby",32,12
"nearby",28,22
"nearby",43,15
"nearby",25,47
"nearby",30,30
"nearby",8,43
"nearby",33,14
"nearby",17,15
"nearby",34,49
"nearby",3,24
"nearby",49,27
"nearby",24,2
"nearby",41,49
"nearby",37,37
"nearby",2,34
"nearby",31,32
"nearby",21,38
"nearby",27,17
"nearby",29,36
"nearby",9,6
"nearby",16,1
"nearby",29,26
"nearby",31,40
"nearby",21,34
"nearby",27,10
"nearby",9,5
"nearby",50,45
"nearby",20,8
"nearby",28,11
"nearby",41,46
"nearby",6,11
"nearby",31,28
"nearby",5,4
"nearby",28,25
"nearby",25,21
"nearby",33,23
"nearby",43,48
"nearby",18,20
"nearby",23,42
"nearby",19,27
"nearby",21,11
"nearby",37,18
"nearby",47,22
"nearby",16,21
"nearby",8,49
"nearby",33,25
"nearby",36,34
"nearby",20,5
"nearby",40,31
"nearby",18,45
"nearby",16,32
"nearby",38,43
"nearby",13,6
"nearby",37,44
"nearby",46,18
"nearby",23,16
"nearby",34,45
"nearby",32,7
"nearby",47,48
"nearby",48,41
"nearby",33,35
"nearby",39,18
"nearby",38,24
"nearby",27,18
"nearby",35,18
"nearby",45,44
"nearby",1,3
"nearby",29,36
"nearby",37,5
"nearby",42,2
"nearby",23,20
"nearby",50,38
"nearby",50,48
"nearby",33,15
"nearby",24,10
"nearby",22,3
"nearby",5,14
"nearby",12,30
"nearby",10,21
"nearby",39,35
"nearby",45,51
"nearby",14,10
"nearby",15,4
"nearby",45,23
"nearby",44,50
"nearby",49,46
"nearby",24,20
"nearby",50,40
"nearby",43,5
"nearby",34,25
"nearby",35,17
"nearby",51,49
"nearby",2,10
"nearby",15,51
"nearby",13,4
"nearby",48,40
"nearby",10,15
"nearby",21,49
"nearby",7,7
"nearby",17,1
"nearby",10,16
"nearby",4,45
"nearby",18,43
"nearby",28,8
"nearby",26,19
"nearby",17,37
"nearby",2,19
"nearby",10,11
"nearby",9,21
"nearby",45,42
"nearby",23,4
"nearby",10,23
"nearby",31,19
"nearby",11,17
"nearby",25,15
"nearby",37,35
"nearby",4,34
"nearby",11,19
"nearby",37,16
"nearby",2,15
"nearby",16,14
"nearby",36,36
"nearby",8,34
"nearby",29,13
"nearby",17,8
"nearby",31,35
"nearby",40,29
"nearby",45,24
"nearby",13,36
"nearby",32,13
"nearby",6,5
"nearby",7,23
"nearby",48,50
"nearby",3,2
"nearby",30,9
"nearby",7,13
"nearby",31,2
"nearby",29,19
"nearby",20,23
"nearby",2,40
"nearby",34,13
"nearby",26,15
"nearby",37,50
"nearby",36,7
"nearby",35,32
"nearby",48,4
"nearby",31,13
"nearby",50,42
"nearby",6,10
"nearby",37,6
"nearby",6,45
"nearby",2,13
"nearby",33,2
"nearby",13,30
"nearby",1,7
"nearby",31,9
"nearby",25,29
"nearby",3,8
"nearby",46,14
"nearby",14,16
"nearby",45,39
"nearby",31,13
"nearby",37,16
"nearby",48,39
"nearby",28,13
"nearby",10,32
"nearby",48,32
"nearby",40,16
"nearby",19,49
"nearby",11,20
"nearby",38,13
"nearby",16,31
"nearby",14,8
"nearby",6,3
"nearby",42,19
"nearby",40,1
"nearby",38,5
"nearby",2,48
"nearby",25,47
"nearby",2,40
"nearby",22,16
"nearby",23,44
"nearby",14,11
"nearby",32,20
"nearby",36,35
"nearby",22,30
"nearby",28,39
"nearby",18,14
"nearby",9,50
"nearby",17,34
"nearby",13,21
"nearby",36,30
"nearby",10,34
"nearby",23,4
"nearby",17,27
"nearby",10,24
"nearby",13,25
"nearby",1,19
"nearby",21,6
"nearby",23,13
"nearby",42,14
"nearby",9,15
"nearby",29,37
"nearby",30,39
"nearby",37,6
"nearby",37,22
"nearby",26,36
"nearby",21,11
"nearby",35,36
"nearby",4,19
"nearby",33,4
"nearby",15,5
"nearby",10,11
"nearby",20,1
"nearby",51,50
"nearby",37,9
"nearby",42,31
"nearby",8,3
"nearby",38,35
"nearby",49,51
"nearby",35,1
"nearby",34,36
"nearby",45,51
"nearby",19,27
"nearby",14,25
"nearby",13,17
"nearby",35,43
"nearby",32,38
"nearby",32,40
"nearby",3,35
"nearby",39,45
"nearby",7,33
"nearby",16,30
"nearby",7,26
"nearby",35,40
"nearby",23,13
"nearby",14,16
"nearby",3,21
"nearby",51,36
"nearby",5,26
"nearby",22,1
"nearby",25,39
"nearby",34,31
"nearby",40,24
"nearby",22,49
"nearby",46,7
"nearby",27,48
"nearby",10,30
"nearby",42,1
"nearby",36,18
"nearby",6,51
"nearby",22,48
"nearby",25,48
"nearby",23,8
"nearby",9,3
"nearby",25,42
"nearby",35,33
"nearby",21,1
"nearby",29,11
"nearby",39,24
"nearby",12,32
"nearby",43,27
"nearby",3,39
"nearby",41,38
"nearby",18,9
"nearby",1,28
"nearby",9,39
"nearby",18,44
"nearby",32,9
"nearby",27,28
"nearby",32,36
"nearby",30,40
"nearby",49,39
"nearby",7,21
"nearby",28,6
"nearby",37,48
"nearby",15,1
"nearby",18,25
"nearby",46,39
"nearby",11,4
"nearby",31,12
"nearby",45,16
"nearby",6,50
"nearby",39,5
"nearby",1,10
"nearby",33,46
"nearby",48,44
"nearby",38,43
"nearby",47,43
"nearby",33,32
"nearby",16,32
"nearby",27,17
"nearby",26,25
"nearby",8,2
"nearby",32,6
"nearby",19,13
"nearby",35,30
"nearby",7,16
"nearby",8,42
"nearby",1,9
"nearby",33,16
"nearby",33,29
"nearby",12,8
"nearby",42,23
"nearby",13,25
"nearby",27,31
"nearby",21,6
"nearby",4,2
"nearby",41,39
"nearby",30,20
"nearby",14,3
"nearby",29,40
"nearby",20,27
"nearby",34,15
"nearby",46,32
"nearby",1,34
"nearby",14,14
"nearby",46,39
"nearby",23,31
"nearby",12,26
"nearby",38,1
"nearby",49,43
"nearby",8,23
"nearby",3,21
"nearby",27,29
"nearby",37,25
"nearby",10,46
"nearby",24,17
"nearby",5,18
"nearby",19,3
"nearby",18,37
"nearby",17,21
"nearby",31,3
"nearby",44,49
"nearby",35,35
"nearby",5,18
"nearby",29,12
"nearby",49,34
"nearby",11,22
"nearby",40,43
"nearby",39,6
"nearby",28,14
"nearby",14,46
"nearby",3,17
"nearby",1,12
"nearby",25,11
"nearby",9,42
"nearby",10,39
"nearby",51,51
"nearby",46,14
"nearby",2,24
"nearby",16,27
"nearby",48,14
"nearby",37,21
"nearby",33,9
"nearby",46,25
"nearby",12,16
"nearby",43,28
"nearby",19,7
"nearby",2,22
"nearby",23,6
"nearby",34,11
"nearby",8,37
"nearby",8,41
"nearby",18,29
"nearby",35,39
"nearby",17,29
"nearby",36,32
"nearby",31,15
"nearby",24,13
"nearby",48,43
"nearby",46,16
"nearby",24,45
"nearby",33,49
"nearby",45,41
"nearby",8,11
"nearby",20,26
"nearby",22,35
"nearby",33,34
"nearby",10,30
"nearby",29,29
"nearby",20,28
"nearby",15,33
"nearby",50,50
"nearby",39,20
"nearby",28,5
"nearby",8,25
"nearby",3,44
"nearby",24,1
"nearby",49,36
"nearby",46,50
"nearby",27,15
"nearby",17,40
"nearby",2,41
"nearby",39,19
"nearby",1,48
"nearby",45,17
"nearby",20,41
"nearby",37,18
"nearby",50,51
"nearby",49,46
"nearby",47,44
"nearby",17,13
"nearby",22,31
"nearby",21,30
"nearby",42,10
"nearby",29,15
"nearby",18,32
"nearby",35,51
"nearby",37,46
"nearby",23,8
"nearby",20,31
"nearby",11,50
"nearby",28,23
"nearby",49,41
"nearby",43,30
"nearby",8,41
"nearby",25,12
"nearby",10,8
"nearby",32,4
"nearby",17,40
"nearby",44,51
"nearby",13,16
"nearby",18,14
"nearby",19,42
"nearby",44,36
"nearby",45,36
"nearby",20,40
"nearby",48,40
"nearby",13,18
"nearby",48,18
"nearby",36,13
"nearby",51,49
"nearby",16,1
"nearby",11,31
"nearby",18,40
"nearby",19,43
"nearby",9,32
"nearby",29,7
"nearby",45,35
"nearby",19,21
"nearby",32,50
"nearby",29,14
"nearby",43,26
"nearby",26,7
"nearby",43,39
"nearby",37,4
"nearby",51,50
"nearby",38,20
"nearby",25,10
"nearby",15,33
"nearby",21,7
"nearby",2,24
"nearby",21,28
"nearby",28,23
"nearby",39,12
"nearby",4,12
"nearby",27,26
"nearby",46,33
"nearby",3,8
"nearby",36,48
"nearby",26,47
"nearby",27,24
"nearby",10,32
"nearby",33,33
"nearby",7,18
"nearby",22,4
"nearby",14,25
"nearby",3,49
"nearby",42,39
"nearby",16,14
"nearby",21,33
"nearby",33,1
"nearby",29,44
"nearby",2,14
"nearby",15,35
"nearby",13,29
"nearby",5,48
"nearby",16,1
"nearby",49,39
"nearby",12,5
"nearby",19,1
"nearby",36,6
"nearby",37,35
"nearby",16,37
"nearby",51,38
"nearby",8,20
"nearby",43,39
"nearby",4,18
"nearby",34,23
"nearby",47,27
"nearby",26,49
"nearby",40,37
"nearby",3,29
"nearby",29,45
"nearby",36,17
"nearby",51,51
"nearby",47,51
"nearby",48,26
"nearby",33,48
"nearby",43,19
"nearby",4,3
"nearby",47,26
"nearby",13,24
"nearby",17,41
"nearby",44,43
"nearby",25,17
"nearby",6,34
"nearby",4,35
"nearby",36,37
"nearby",22,36
"nearby",18,12
"nearby",19,46
"nearby",10,36
"nearby",49,42
"nearby",27,16
"nearby",38,17
"nearby",50,48
"nearby",12,30
"nearby",25,26
"nearby",6,12
"nearby",45,36
"nearby",42,18
"nearby",42,49
"nearby",4,2
"nearby",23,10
"nearby",10,21
"nearby",9,50
"nearby",26,35
"nearby",22,7
"nearby",25,35
"nearby",49,29
"nearby",15,32
"nearby",10,2
"nearby",3,41
"nearby",45,33
"nearby",34,47
"nearby",16,7
"nearby",50,34
"nearby",51,51
"nearby",17,39
"nearby",43,35
"nearby",44,46
"nearby",47,51
"nearby",27,13
"nearby",9,1
"nearby",25,33
"nearby",32,19
"nearby",21,12
"nearby",37,26
"nearby",28,21
"nearby",13,23
"nearby",46,37
"nearby",19,18
"nearby",40,17
"nearby",35,11
"nearby",48,44
"nearby",36,38
"nearby",19,40
"nearby",14,5
"nearby",28,45
"nearby",48,42
"nearby",15,17
"nearby",33,38
"nearby",22,45
"nearby",33,12
"nearby",47,41
"nearby",37,36
"nearby",20,29
"nearby",34,37
"nearby",14,32
"nearby",45,35
"nearby",2,17
"nearby",29,10
"nearby",33,14
"nearby",20,41
"nearby",10,15
"nearby",11,17
"nearby",16,50
"nearby",16,15
"nearby",47,25
"nearby",5,17
"nearby",20,13
"nearby",37,24
"nearby",36,41
"nearby",24,12
"nearby",27,13
"nearby",32,13
"nearby",29,46
"nearby",27,34
"nearby",10,8
"nearby",23,7
"nearby",28,29
"nearby",37,19
"nearby",33,25
"nearby",27,27
"nearby",23,26
"nearby",20,37
"nearby",10,7
"nearby",26,1
"nearby",21,9
"nearby",19,34
"nearby",41,31
"nearby",22,48
"nearby",19,14
"nearby",23,42
"nearby",16,24
"nearby",36,43
"nearby",39,30
"nearby",36,22
"nearby",48,50
"nearby",43,45
"nearby",32,12
"nearby",15,9
"nearby",24,5
"nearby",48,45
"nearby",33,23
"nearby",1,35
"nearby",43,17
"nearby",38,7
"nearby",49,47
"nearby",19,3
"nearby",42,28
"nearby",10,4
"nearby",31,23
"nearby",19,17
"nearby",35,21
"nearby",45,36
"nearby",26,39
"nearby",32,32
"nearby",32,8
"nearby",35,40
"nearby",29,29
"nearby",15,26
"nearby",49,44
"nearby",51,39
"nearby",34,26
"nearby",44,34
"nearby",11,39
"nearby",30,23
"nearby",17,40
"nearby",10,22
"nearby",25,23
"nearby",17,33
"nearby",39,33
"nearby",39,39
"nearby",29,34
"nearby",32,25
"nearby",22,15
"nearby",29,23
"nearby",20,22
"nearby",25,11
"nearby",17,24
"nearby",27,33
"nearby",28,17
"nearby",47,39
"nearby",14,41
"nearby",25,7
"nearby",11,28
"nearby",49,46
"nearby",33,49
"nearby",4,51
"nearby",13,5
"nearby",31,25
"nearby",5,43
"nearby",23,13
"nearby",39,13
"nearby",25,25
"nearby",12,49
"nearby",5,2
"nearby",2,48
"nearby",14,33
"nearby",17,12
"nearby",25,19
"nearby",45,35
"nearby",4,45
"nearby",13,17
"nearby",18,5
"nearby",47,47
"nearby",42,46
"nearby",26,49
"nearby",39,39
"nearby",18,41
"nearby",34,30
"nearby",20,36
"nearby",16,23
"nearby",51,45
"nearby",9,20
"nearby",29,39
"nearby",41,50
"nearby",5,16
"nearby",47,46
"nearby",49,51
"nearby",29,24
"nearby",1,51
"nearby",9,30
"nearby",21,38
"nearby",19,20
"nearby",40,41
"nearby",39,26
"nearby",38,44
"nearby",15,12
"nearby",15,7
"nearby",28,6
"nearby",37,39
"nearby",27,48
"nearby",43,51
"nearby",3,22
"nearby",51,48
"nearby",13,41
"nearby",47,30
"nearby",40,32
"nearby",4,43
"nearby",24,5
"nearby",5,15
"nearby",7,22
"nearby",31,46
"nearby",25,21
"nearby",43,6
"nearby",22,27
"nearby",11,46
"nearby",9,10
"nearby",50,40
"nearby",47,24
"nearby",33,17
"nearby",8,37
"nearby",27,16
"nearby",47,41
"nearby",45,45
"nearby",30,19
"nearby",37,33
"nearby",10,35
"nearby",39,4
"nearby",24,9
"nearby",15,7
"nearby",17,2
"nearby",41,3
"nearby",33,27
"nearby",39,32
"nearby",10,9
"nearby",2,40
"nearby",17,24
"nearby",13,6
"nearby",13,37
"nearby",44,42
"nearby",39,42
"nearby",50,37
"nearby",33,20
"nearby",32,34
"nearby",17,27
"nearby",25,10
"nearby",15,4
"nearby",43,36
"nearby",33,18
"nearby",25,43
"nearby",27,34
"nearby",27,12
"nearby",10,13
"nearby",46,43
"nearby",32,6
"nearby",39,47
"nearby",5,20
"nearby",46,26
"nearby",24,9
"nearby",38,47
"nearby",48,46
"nearby",33,32
"nearby",7,3
"nearby",2,15
"nearby",11,20
"nearby",4,11
"nearby",33,31
"nearby",24,39
"nearby",21,16
"nearby",37,21
"nearby",13,21
"nearby",36,18
"nearby",35,2
"nearby",47,35
"nearby",39,10
"nearby",22,11
"nearby",39,50
"nearby",14,20
"nearby",4,15
"nearby",50,49
"nearby",4,19
"nearby",33,1
"nearby",23,40
"nearby",20,15
"nearby",41,14
"nearby",32,40
"nearby",3,42
"nearby",41,46
"nearby",6,14
"nearby",8,34
"nearby",19,15
"nearby",8,39
"nearby",31,38
"nearby",51,39
"nearby",42,17
"nearby",29,31
"nearby",14,6
"nearby",28,4
"nearby",29,10
"nearby",43,40
"nearby",23,28
"nearby",41,37
"nearby",28,8
"nearby",21,39
"nearby",30,21
"nearby",22,8
"nearby",50,42
"nearby",9,36
"nearby",42,17
"nearby",38,48
"nearby",32,44
"nearby",17,5
"nearby",44,23
"nearby",35,15
"nearby",17,17
"nearby",48,46
"nearby",42,32
"nearby",15,4
"nearby",29,15
"nearby",12,25
"nearby",31,35
"nearby",29,20
"nearby",17,27
"nearby",51,44
"nearby",2,41
"nearby",41,16
"nearby",8,31
"nearby",30,33
"nearby",25,17
"nearby",14,30
"nearby",40,27
"nearby",5,1
"nearby",40,41
"nearby",50,45
"nearby",19,2
"nearby",38,51
"nearby",42,21
"nearby",30,13
"nearby",47,51
"nearby",47,43
"nearby",31,5
"nearby",45,24
"nearby",12,35
"nearby",37,49
"nearby",35,45
"nearby",30,31
"nearby",48,50
"nearby",33,29
"nearby",16,18
"nearby",2,14
"nearby",1,31
"nearby",17,30
"nearby",6,28
"nearby",49,41
"nearby",38,34
"nearby",41,2
"nearby",4,25
"nearby",38,28
"nearby",2,46
"nearby",20,49
"nearby",26,30
"nearby",8,30
"nearby",43,45
"nearby",39,44
"nearby",13,45
"nearby",43,15
"nearby",9,27
"nearby",50,48
"nearby",22,13
"nearby",44,49
"nearby",17,13
"nearby",18,33
"nearby",19,15
"nearby",19,18
"nearby",36,26
"nearby",34,25
"nearby",39,39
"nearby",28,8
"nearby",48,46
"nearby",20,33
"nearby",30,21
"nearby",11,41
"nearby",12,17
"nearby",13,10
"nearby",40,7
"nearby",42,12
"nearby",33,36
"nearby",31,12
"nearby",15,11
"nearby",47,18
"nearby",18,10
"nearby",49,51
"nearby",14,16
"nearby",30,19
"nearby",51,50
"nearby",7,46
"nearby",47,33
"nearby",42,22
"nearby",37,3
"nearby",24,37
"nearby",22,25
"nearby",15,24
"nearby",27,19
"nearby",15,39
"nearby",26,26
"nearby",24,7
"nearby",28,43
"nearby",23,8
"nearby",47,44
"nearby",30,18
"nearby",12,20
"nearby",23,26
"nearby",47,47
"nearby",36,4
"nearby",40,2
"nearby",1,38
"nearby",13,3
"nearby",47,50
"nearby",20,33
"nearby",18,42
"nearby",46,18
"nearby",39,5
"nearby",14,1
"nearby",22,11
"nearby",35,7
"nearby",48,50
"nearby",39,14
"nearby",28,28
"nearby",10,3
"nearby",44,36
"nearby",15,24
"nearby",41,7
"nearby",22,20
"nearby",42,30
"nearby",25,3
"nearby",49,35
"nearby",40,28
"nearby",32,41
"nearby",36,6
"nearby",10,49
"nearby",26,30
"nearby",41,1
"nearby",13,4
"nearby",24,5
"nearby",51,50
"nearby",23,25
"nearby",23,12
"nearby",17,25
"nearby",17,11
"nearby",9,50
"nearby",26,10
"nearby",12,6
"nearby",50,42
"nearby",8,15
"nearby",11,18
"nearby",21,17
"nearby",25,5
"nearby",35,50
"nearby",31,1
"nearby",42,44
"nearby",34,37
"nearby",50,25
"nearby",38,14
"nearby",26,17
"nearby",28,5
"nearby",14,41
"nearby",40,3
"nearby",21,30
"nearby",31,47
"nearby",38,25
"nearby",27,9
"nearby",50,47
"nearby",30,3
"nearby",42,28
"nearby",41,7
"nearby",3,14
"nearby",40,42
"nearby",3,25
"nearby",40,25
"nearby",2,34
"nearby",12,3
"nearby",7,27
"nearby",51,51
"nearby",44,40
"nearby",24,5
"nearby",38,42
"nearby",7,1
"nearby",20,34
"nearby",5,50
"nearby",7,35
"nearby",44,46
"nearby",14,18
"nearby",46,34
"nearby",11,26
"nearby",41,7
"nearby",42,19
"nearby",21,18
"nearby",26,35
"nearby",34,12
"nearby",50,47
"nearby",31,18
"nearby",21,5
"nearby",23,34
"nearby",21,2
"nearby",25,3
"nearby",39,23
"nearby",35,12
"nearby",21,11
"nearby",6,9
"nearby",15,18
"nearby",4,43
"nearby",9,33
"nearby",40,35
"nearby",2,36
"nearby",43,16
"nearby",30,3
"nearby",47,48
"nearby",10,23
"nearby",15,46
"nearby",25,42
"nearby",45,16
"nearby",51,50
"nearby",43,50
"nearby",30,4
"nearby",25,23
"nearby",24,16
"nearby",45,28
"nearby",11,9
"nearby",8,30
"nearby",37,30
"nearby",43,4
"nearby",24,26
"nearby",12,8
"nearby",13,1
"nearby",42,44
"nearby",23,8
"nearby",31,24
"nearby",10,26
"nearby",10,33
"nearby",24,41
"nearby",33,27
"nearby",43,36
"nearby",50,41
"nearby",27,44
"nearby",14,29
"nearby",3,13
"nearby",10,8
"nearby",42,41
"nearby",43,38
"nearby",46,48
"nearby",8,7
"nearby",50,51
"nearby",11,37
"nearby",11,43
"nearby",30,19
"nearby",11,41
"nearby",25,37
"nearby",34,44
"nearby",27,5
"nearby",17,21
"nearby",2,31
"nearby",41,13
"nearby",43,19
"nearby",20,8
"nearby",43,44
"nearby",13,19
"nearby",47,44
"nearby",49,28
"nearby",25,7
"nearby",27,2
"nearby",12,4
"nearby",38,7
"nearby",36,47
"nearby",38,40
"nearby",19,27
"nearby",18,49
"nearby",18,29
"nearby",21,26
"nearby",7,41
"nearby",27,39
"nearby",29,14
"nearby",34,31
"nearby",2,12
"nearby",30,4
"nearby",17,20
"nearby",22,32
"nearby",36,16
"nearby",40,14
"nearby",32,32
"nearby",36,36
"nearby",11,1
"nearby",45,12
"nearby",14,9
"nearby",39,2
"nearby",34,5
"nearby",35,39
"nearby",24,14
"nearby",9,42
"nearby",45,35
"nearby",37,14
"nearby",40,45
"nearby",33,35
"nearby",10,7
"nearby",15,37
"nearby",31,47
"nearby",30,25
"nearby",17,5
"nearby",50,47
"nearby",18,48
"nearby",14,13
"nearby",34,45
"nearby",8,30
"nearby",5,47
"nearby",29,4
"nearby",13,21
"nearby",22,27
"nearby",33,37
"nearby",4,35
"nearby",34,24
"nearby",43,42
"nearby",7,3
"nearby",18,36
"nearby",30,1
"nearby",31,8
"nearby",29,48
"nearby",10,6
"nearby",36,48
"nearby",18,20
"nearby",5,28
"nearby",39,19
"nearby",48,17
"nearby",22,41
"nearby",38,27
"nearby",4,12
"nearby",33,26
"nearby",35,34
"nearby",50,42
"nearby",26,8
"nearby",32,28
"nearby",18,33
"nearby",11,42
"nearby",42,44
"nearby",17,8
"nearby",19,25
"nearby",51,50
"nearby",9,3
"nearby",26,40
"nearby",30,11
"nearby",14,8
"nearby",17,21
"nearby",2,9
"nearby",4,7
"nearby",26,26
"nearby",9,26
"nearby",10,3
"nearby",22,48
"nearby",18,46
"nearby",11,43
"nearby",27,32
"nearby",16,12
"nearby",42,13
"nearby",32,48
"nearby",48,44
"nearby",10,47
"nearby",41,19
"nearby",17,22
"nearby",18,27
"nearby",40,12
"nearby",51,51
"nearby",22,16
"nearby",42,31
"nearby",45,31
"nearby",3,42
"nearby",8,15
"nearby",23,21
"nearby",22,14
"nearby",20,47
"nearby",1,20
"nearby",40,14
"nearby",45,47
"nearby",20,12
"nearby",45,40
"nearby",10,32
"nearby",12,23
"nearby",34,14
"nearby",42,22
"nearby",35,25
"nearby",14,20
"nearby",49,30
"nearby",47,6
"nearby",6,11
"nearby",47,51
"nearby",8,38
"nearby",33,35
"nearby",29,18
"nearby",12,31
"nearby",7,42
"nearby",9,46
"nearby",40,11
"nearby",37,27
"nearby",5,42
"nearby",30,31
"nearby",15,18
"nearby",36,14
"nearby",49,51
"nearby",15,21
"nearby",7,25
"nearby",39,48
"nearby",50,48
"nearby",33,13
"nearby",26,18
"nearby",48,47
"nearby",13,19
"nearby",44,48
"nearby",23,25
"nearby",46,33
"nearby",9,30
"nearby",12,13
"nearby",18,26
"nearby",1,2
"nearby",45,49
"nearby",45,8
"nearby",44,14
"nearby",3,28
"nearby",20,25
"nearby",40,13
"nearby",8,34
"nearby",42,37
"nearby",4,17
"nearby",24,24
"nearby",34,13
"nearby",32,1
"nearby",18,2
"nearby",47,2
"nearby",46,2
"nearby",46,39
"nearby",40,32
"nearby",6,7
"nearby",43,13
"nearby",16,40
"nearby",14,16
"nearby",22,9
"nearby",35,45
"nearby",26,21
"nearby",5,18
"nearby",14,9
"nearby",35,9
"nearby",10,2
"nearby",39,26
"nearby",7,41
"nearby",44,36
"nearby",12,19
"nearby",49,41
"nearby",34,26
"nearby",32,7
"nearby",15,49
"nearby",36,10
"nearby",29,3
"nearby",31,34
"nearby",17,17
"nearby",49,51
"nearby",23,36
"nearby",22,2
"nearby",7,40
"nearby",41,5
"nearby",1,36
"nearby",23,5
"nearby",26,13
"nearby",11,10
"nearby",26,38
"nearby",7,41
"nearby",4,19
"nearby",3,12
"nearby",42,23
"nearby",17,31
"nearby",3,8
"nearby",14,9
"nearby",18,44
"nearby",14,25
"nearby",39,25
"nearby",25,39
"nearby",2,26
"nearby",10,7
"nearby",40,33
"nearby",35,22
"nearby",13,41
"nearby",42,43
"nearby",43,22
"nearby",3,48
"nearby",8,34
"nearby",41,21
"nearby",26,42
"nearby",40,32
"nearby",34,28
"nearby",27,15
"nearby",34,8
"nearby",10,1
"nearby",25,46
"nearby",18,31
"nearby",16,21
"nearby",17,40
"nearby",11,31
"nearby",11,8
"nearby",43,39
"nearby",22,3
"nearby",44,33
"nearby",22,35
"nearby",19,18
"nearby",10,5
"nearby",40,41
"nearby",19,25
"nearby",5,34
"nearby",18,28
"nearby",45,24
"nearby",13,21
"nearby",14,19
"nearby",35,12
"nearby",20,19
"nearby",10,4
"nearby",51,51
"nearby",38,17
"nearby",1,12
"nearby",46,13
"nearby",3,19
"nearby",34,28
"nearby",17,38
"nearby",30,42
"nearby",30,32
"nearby",14,12
"nearby",25,24
"nearby",24,6
"nearby",40,33
"nearby",45,41
"nearby",9,44
"nearby",22,20
"nearby",19,46
"nearby",15,27
"nearby",49,18
"nearby",29,5
"nearby",33,5
"nearby",20,8
"nearby",34,41
"nearby",44,38
"nearby",24,1
"nearby",23,11
"nearby",9,43
"nearby",32,3
"nearby",6,8
"nearby",30,21
"nearby",3,41
"nearby",18,14
"nearby",38,36
"nearby",2,35
"nearby",50,46
"nearby",49,49
"nearby",3,8
"nearby",30,3
"nearby",20,10
"nearby",13,49
"nearby",21,18
"nearby",28,12
"nearby",18,28
"nearby",19,20
"nearby",15,28
"nearby",50,21
"nearby",4,48
"nearby",45,41
"nearby",48,46
"nearby",13,9
"nearby",14,37
"nearby",36,12
"nearby",39,51
"nearby",30,7
"nearby",24,22
"nearby",5,15
"nearby",22,16
"nearby",23,28
"nearby",23,14
"nearby",47,42
"nearby",22,8
"nearby",51,51
"nearby",21,30
"nearby",46,39
"nearby",21,21
"nearby",2,50
"nearby",43,44
"nearby",21,29
"nearby",20,17
"nearby",46,43
"nearby",42,40
"nearby",17,2
"nearby",26,1
"nearby",33,20
"nearby",25,2
"nearby",18,50
"nearby",33,25
"nearby",50,35
"nearby",48,42
"nearby",50,47
"nearby",22,3
"nearby",45,13
"nearby",6,30
"nearby",39,17
"nearby",26,3
"nearby",37,39
"nearby",3,9
"nearby",4,8
"nearby",32,1
"nearby",10,12
"nearby",28,33
"nearby",31,13
"nearby",48,42
"nearby",13,18
"nearby",25,15
"nearby",42,42
"nearby",25,5
"nearby",47,50
"nearby",13,43
"nearby",15,8
"nearby",26,6
"nearby",23,15
"nearby",47,29
"nearby",25,46
"nearby",36,40
"nearby",46,10
"nearby",6,49
"nearby",30,46
"nearby",17,46
"nearby",32,11
"nearby",31,33
"nearby",28,5
"nearby",2,21
"nearby",21,5
"nearby",43,8
"nearby",33,22
"nearby",40,29
"nearby",12,9
"nearby",27,15
"nearby",42,17
"nearby",40,4
"nearby",49,39
"nearby",18,38
"nearby",17,16
"nearby",51,51
"nearby",19,35
"nearby",36,2
"nearby",36,33
"nearby",50,42
"nearby",2,28
"nearby",21,50
"nearby",36,31
"nearby",22,42
"nearby",37,3
"nearby",27,18
"nearby",46,10
"nearby",26,15
"nearby",14,21
"nearby",22,10
"nearby",35,48
"nearby",42,28
"nearby",36,42
"nearby",15,9
"nearby",40,29
"nearby",3,12
"nearby",15,30
"nearby",32,11
"nearby",41,45
"nearby",30,7
"nearby",9,41
"nearby",46,33
"nearby",1,47
"nearby",36,25
"nearby",46,30
"nearby",29,21
"nearby",10,40
"nearby",11,8
"nearby",44,22
"nearby",15,26
"nearby",31,13
"nearby",22,38
"nearby",4,12
"nearby",10,42
"nearby",44,41
"nearby",46,33
"nearby",15,29
"nearby",36,19
"nearby",11,18
"nearby",8,24
"nearby",4,11
"nearby",44,18
"nearby",34,30
"nearby",14,38
"nearby",9,3
"nearby",46,51
"nearby",22,23
"nearby",20,6
"nearby",39,26
"nearby",7,22
"nearby",40,16
"nearby",40,37
"nearby",2,25
"nearby",25,13
"nearby",15,11
"nearby",21,22
"nearby",12,35
"nearby",17,45
"nearby",7,12
"nearby",25,6
"nearby",48,30
"nearby",16,19
"nearby",43,25
"nearby",33,36
"nearby",9,45
"nearby",27,4
"nearby",49,40
"nearby",9,39
"nearby",43,37
"nearby",19,16
"nearby",18,50
"nearby",29,12
"nearby",12,44
"nearby",35,35
"nearby",14,7
"nearby",47,44
"nearby",51,45
"nearby",19,5
"nearby",33,40
"nearby",40,7
"nearby",43,48
"nearby",22,11
"nearby",7,42
"nearby",14,5
"nearby",43,40
"nearby",51,43
"nearby",39,42
"nearby",44,26
"nearby",43,1
"nearby",9,7
"nearby",8,30
"nearby",12,31
"nearby",25,4
"nearby",32,42
"nearby",34,20
"nearby",22,11
"nearby",36,46
"nearby",36,42
"nearby",30,20
"nearby",18,51
"nearby",33,7
"nearby",32,47
"nearby",10,25
"nearby",47,18
"nearby",20,18
"nearby",30,4
"nearby",5,43
"nearby",24,7
"nearby",29,2
"nearby",11,37
"nearby",4,25
"nearby",33,15
"nearby",9,26
"nearby",43,12
"nearby",31,28
"nearby",5,41
"nearby",31,25
"nearby",11,14
"nearby",13,32
"nearby",4,14
"nearby",7,3
"nearby",38,14
"nearby",24,7
"nearby",39,19
"nearby",44,25
"nearby",14,45
"nearby",25,33
"nearby",47,31
"nearby",15,18
"nearby",13,4
"nearby",24,31
"nearby",28,5
"nearby",41,28
"nearby",19,3
"nearby",38,46
"nearby",12,8
"nearby",34,17
"nearby",43,7
"nearby",17,19
"nearby",41,31
"nearby",47,32
"nearby",3,49
"nearby",20,5
"nearby",33,19
"nearby",41,37
"nearby",36,42
"nearby",20,51
"nearby",25,9
"nearby",8,24
"nearby",7,35
"nearby",16,31
"nearby",26,47
"nearby",24,4
"nearby",27,23
"nearby",18,15
"nearby",38,33
"nearby",23,20
"nearby",30,39
"nearby",47,28
"nearby",20,27
"nearby",2,1
"nearby",38,27
"nearby",45,37
"nearby",12,10
"nearby",45,48
"nearby",28,24
"nearby",6,20
"nearby",7,42
"nearby",38,14
"nearby",17,41
"nearby",10,25
"nearby",37,32
"nearby",47,1
"nearby",32,20
"nearby",22,46
"nearby",28,39
"nearby",2,40
"nearby",25,31
"nearby",19,19
"nearby",30,18
"nearby",21,9
"nearby",46,21
"nearby",15,18
"nearby",23,38
"nearby",46,14
"nearby",37,10
"nearby",2,21
"nearby",43,32
"nearby",21,24
"nearby",17,48
"nearby",31,23
"nearby",32,32
"nearby",4,23
"nearby",51,49
"nearby",6,28
"nearby",39,28
"nearby",44,35
"nearby",20,20
"nearby",39,7
"nearby",47,50
"nearby",31,29
"nearby",1,8
"nearby",25,30
"nearby",20,19
"nearby",50,51
"nearby",20,34
"nearby",35,2
"nearby",35,48
"nearby",14,43
"nearby",22,36
"nearby",50,50
"nearby",9,27
"nearby",12,28
"nearby",1,49
"nearby",46,41
"nearby",12,16
"nearby",29,11
"nearby",13,9
"nearby",24,15
"nearby",14,11
"nearby",35,44
"nearby",32,17
"nearby",45,27
"nearby",37,37
"nearby",50,33
"nearby",50,38
"nearby",46,33
"nearby",41,6
"nearby",33,41
"nearby",19,41
"nearby",42,25
"nearby",27,21
"nearby",25,6
"nearby",19,40
"nearby",40,36
"nearby",17,1
"nearby",15,7
"nearby",18,22
"nearby",10,25
"nearby",27,12
"nearby",32,5
"nearby",35,10
"nearby",40,36
"nearby",32,50
"nearby",36,41
"nearby",23,5
"nearby",15,4
"nearby",12,35
"nearby",16,28
"nearby",51,51
"nearby",48,40
"nearby",39,41
"nearby",27,39
"nearby",48,50
"nearby",8,15
"nearby",5,12
"nearby",11,4
"nearby",3,11
"nearby",22,5
"nearby",10,25
"nearby",51,39
"nearby",35,27
"nearby",23,10
"nearby",6,38
"nearby",24,39
"nearby",13,13
"nearby",16,9
"nearby",20,19
"nearby",27,10
"nearby",9,15
"nearby",23,2
"nearby",43,50
"nearby",50,48
"nearby",13,1
"nearby",18,30
"nearby",25,31
"nearby",34,7
"nearby",49,42
"nearby",35,29
"nearby",46,11
"nearby",29,6
"nearby",18,6
"nearby",30,37
"nearby",44,31
"nearby",38,45
"nearby",22,16
"nearby",8,11
"nearby",43,22
"nearby",32,48
"nearby",9,16
"nearby",20,26
"nearby",12,32
"nearby",3,36
"nearby",22,1
"nearby",4,7
"nearby",45,12
"nearby",10,31
"nearby",46,34
"nearby",47,35
"nearby",42,51
"nearby",46,24
"nearby",49,48
"nearby",41,33
"nearby",15,20
"nearby",2,37
"nearby",2,18
"nearby",51,47
"nearby",3,51
"nearby",25,5
"nearby",11,38
"nearby",8,23
"nearby",29,2
"nearby",2,4
"nearby",28,26
"nearby",1,43
"nearby",7,8
"nearby",19,10
"nearby",29,46
"nearby",17,20
"nearby",11,3
"nearby",17,30
"nearby",50,51
"nearby",27,41
"nearby",8,48
"nearby",27,26
"nearby",37,3
"nearby",30,27
"nearby",9,22
"nearby",34,18
"nearby",27,50
"nearby",23,7
"nearby",43,33
"nearby",24,45
"nearby",33,50
"nearby",20,3
"nearby",47,38
"nearby",3,7
"nearby",25,29
"nearby",13,41
"nearby",42,39
"nearby",9,20
"nearby",44,49
"nearby",10,24
"nearby",38,11
"nearby",43,47
"nearby",36,37
"nearby",32,9
"nearby",20,38
"nearby",28,46
"nearby",12,39
"nearby",23,3
"nearby",9,33
"nearby",14,11
"nearby",39,47
"nearby",27,5
"nearby",47,46
"nearby",20,33
"nearby",32,43
"nearby",40,41
"nearby",11,32
"nearby",34,19
"nearby",47,9
"nearby",40,28
"nearby",27,26
"nearby",4,42
"nearby",39,37
"nearby",9,48
"nearby",2,17
"nearby",44,20
"nearby",42,46
"nearby",18,19
"nearby",6,31
"nearby",6,35
"nearby",16,26
"nearby",29,11
"nearby",32,37
"nearby",33,2
"nearby",34,7
"nearby",49,45
"nearby",22,1
"nearby",35,18
"nearby",31,10
"nearby",8,1
"nearby",1,1
"nearby",35,9
"nearby",5,3
"nearby",49,40
"nearby",49,50
"nearby",16,19
"nearby",12,24
"nearby",49,41
"nearby",5,24
"nearby",48,38
"nearby",10,41
"nearby",9,16
"nearby",7,39
"nearby",5,26
"nearby",17,30
"nearby",8,15
"nearby",33,35
"nearby",14,2
"nearby",34,33
"nearby",41,45
"nearby",48,49
"nearby",48,41
"nearby",23,24
"nearby",8,19
"nearby",15,24
"nearby",39,2
"nearby",48,49
"nearby",13,5
"nearby",25,28
"nearby",35,29
"nearby",16,13
"nearby",5,38
"nearby",34,32
"nearby",32,47
"nearby",16,11
"nearby",51,49
"nearby",46,46
"nearby",3,30
"nearby",13,40
"nearby",19,1
"nearby",49,15
"nearby",16,2
"nearby",30,21
"nearby",40,40
"nearby",46,38
"nearby",50,34
"nearby",26,25
"nearby",40,20
"nearby",1,12
"nearby",15,19
"nearby",25,38
"nearby",1,43
"nearby",32,13
"nearby",7,2
"nearby",14,38
"nearby",30,17
"nearby",38,3
"nearby",30,23
"nearby",49,51
"nearby",32,15
"nearby",13,1
"nearby",8,24
"nearby",39,32
"nearby",37,35
"nearby",30,2
"nearby",47,39
"nearby",4,46
"nearby",9,17
"nearby",32,44
"nearby",22,16
"nearby",36,45
"nearby",17,47
"nearby",21,37
"nearby",13,43
"nearby",32,1
"nearby",18,31
"nearby",24,41
"nearby",37,16
"nearby",41,38
"nearby",24,31
"nearby",11,26
"nearby",45,22
"nearby",9,29
"nearby",2,18
"nearby",31,13
"nearby",12,30
"nearby",11,24
"nearby",15,26
"nearby",1,40
"nearby",25,33
"nearby",38,22
"nearby",47,22
"nearby",7,21
"nearby",29,31
"nearby",5,36
"nearby",39,47
"nearby",10,29
"nearby",42,48
"nearby",43,3
"nearby",12,28
"nearby",17,37
"nearby",21,20
"nearby",32,29
"nearby",34,21
"nearby",34,19
"nearby",28,51
"nearby",4,13
"nearby",24,13
"nearby",33,39
"nearby",14,7
"nearby",47,48
"nearby",1,16
"nearby",24,6
"nearby",7,46
"nearby",27,8
"nearby",36,47
"nearby",8,11
"nearby",46,44
"nearby",41,2
"nearby",51,51
"nearby",21,12
"nearby",2,17
"nearby",16,32
"nearby",39,12
"nearby",13,4
"nearby",3,47
"nearby",15,16
"nearby",24,43
"nearby",24,39
"nearby",49,50
"nearby",23,14
"nearby",25,9
"nearby",19,29
"nearby",27,18
"nearby",30,33
"nearby",5,48
"nearby",16,11
"nearby",35,47
"nearby",4,43
"nearby",40,12
"nearby",34,19
"nearby",35,24
"nearby",13,42
"nearby",1,51
"nearby",3,42
"nearby",5,43
"nearby",14,15
"nearby",46,49
"nearby",25,22
"nearby",29,33
"nearby",46,44
"nearby",32,22
"nearby",22,22
"nearby",2,24
"nearby",38,49
"nearby",38,33
"nearby",40,15
"nearby",20,7
"nearby",9,32
"nearby",33,11
"nearby",3,17
"nearby",42,11
"nearby",26,11
"nearby",15,13
"nearby",22,25
"nearby",18,28
"nearby",41,5
"nearby",1,29
"nearby",49,20
"nearby",43,6
"nearby",11,50
"nearby",28,7
"nearby",28,23
"nearby",32,24
"nearby",23,23
"nearby",35,30
"nearby",26,17
"nearby",18,7
"nearby",23,44
"nearby",40,24
"nearby",30,42
"nearby",22,15
"nearby",21,35
"nearby",14,37
"nearby",38,1
"nearby",36,20
"nearby",48,36
"nearby",14,2
"nearby",41,17
"nearby",45,1
"nearby",19,29
"nearby",20,17
"nearby",39,11
"nearby",5,35
"nearby",37,32
"nearby",25,19
"nearby",10,13
"nearby",49,38
"nearby",25,36
"nearby",31,10
"nearby",38,11
"nearby",40,29
"nearby",16,27
"nearby",5,21
"nearby",15,31
"nearby",21,9
"nearby",28,9
"nearby",37,38
"nearby",45,2
"nearby",21,22
"nearby",13,23
"nearby",11,13
"nearby",16,49
"nearby",42,41
"nearby",43,10
"nearby",46,22
"nearby",1,16
"nearby",19,45
"nearby",12,38
"nearby",49,46
"nearby",25,19
"nearby",1,22
"nearby",8,26
"nearby",31,3
"nearby",24,7
"nearby",45,50
"nearby",22,37
"nearby",25,6
"nearby",40,32
"nearby",48,21
"nearby",8,10
"nearby",48,42
"nearby",35,7
"nearby",7,35
"nearby",42,24
"nearby",48,4
"nearby",13,31
"nearby",30,49
"nearby",51,49
"nearby",51,48
"nearby",3,31
"nearby",28,13
"nearby",3,21
"nearby",51,51
"nearby",26,31
"nearby",12,34
"nearby",41,7
"nearby",3,20
"nearby",43,8
"nearby",21,27
"nearby",36,37
"nearby",34,36
"nearby",17,1
"nearby",30,12
"nearby",16,37
"nearby",2,41
"nearby",36,44
"nearby",37,21
"nearby",27,39
"nearby",3,11
"nearby",40,48
"nearby",46,36
"nearby",9,2
"nearby",12,28
"nearby",42,38
"nearby",40,50
"nearby",10,36
"nearby",6,9
"nearby",25,11
"nearby",10,15
"nearby",49,40
"nearby",17,41
"nearby",30,18
"nearby",8,44
"nearby",3,20
"nearby",14,46
"nearby",38,48
"nearby",32,1
"nearby",39,9
"nearby",32,48
"nearby",2,13
"nearby",16,9
"nearby",17,1
"nearby",27,29
"nearby",9,19
"nearby",25,31
"nearby",16,3
"nearby",39,39
"nearby",37,13
"nearby",49,48
"nearby",51,50
"nearby",18,8
"nearby",5,6
"nearby",38,10
"nearby",21,26
"nearby",17,1
"nearby",5,29
"nearby",45,12
"nearby",11,15
"nearby",1,44
"nearby",34,6
"nearby",27,30
"nearby",20,6
"nearby",19,10
"nearby",15,11
"nearby",37,31
"nearby",20,24
"nearby",6,20
"nearby",44,48
"nearby",9,44
"nearby",13,30
"nearby",7,8
"nearby",7,29
"nearby",21,24
"nearby",45,17
"nearby",19,33
"nearby",25,12
"nearby",32,44
"nearby",3,3
"nearby",8,27
"nearby",24,17
"nearby",43,36
"nearby",50,45
"nearby",41,24
"nearby",17,3
"nearby",46,18
"nearby",26,43
"nearby",14,10
"nearby",42,38
"nearby",9,11
"nearby",40,21
"nearby",7,6
"nearby",26,13
"nearby",26,10
"nearby",51,42
"nearby",31,25
"nearby",13,10
"nearby",25,39
"nearby",17,21
"nearby",38,30
"nearby",26,26
"nearby",50,46
"nearby",40,49
"nearby",1,47
"nearby",10,19
"nearby",21,11
"nearby",25,48
"nearby",20,15
"nearby",28,44
"nearby",28,31
"nearby",50,21
"nearby",32,19
"nearby",3,26
"nearby",37,23
"nearby",19,19
"nearby",6,32
"nearby",31,29
"nearby",9,25
"nearby",43,22
"nearby",45,18
"nearby",45,15
"nearby",42,51
"nearby",47,37
"nearby",22,20
"nearby",32,18
"nearby",48,34
"nearby",23,31
"nearby",29,25
"nearby",2,3
"nearby",10,33
"nearby",14,41
"nearby",3,2
"nearby",31,27
"nearby",27,35
"nearby",41,38
"nearby",37,2
"nearby",35,20
"nearby",39,1
"nearby",47,40
"nearby",2,27
"nearby",43,42
"nearby",29,6
"nearby",43,39
"nearby",29,20
"nearby",27,31
"nearby",1,41
"nearby",10,5
"nearby",12,48
"nearby",27,28
"nearby",18,29
"nearby",38,2
"nearby",10,7
"nearby",37,18
"nearby",39,7
"nearby",25,8
"nearby",47,28
"nearby",33,15
"nearby",14,39
"nearby",31,40
"nearby",38,32
"nearby",17,32
"nearby",25,41
"nearby",8,19
"nearby",38,14
"nearby",17,46
"nearby",17,32
"nearby",16,40
"nearby",8,49
"nearby",48,39
"nearby",18,8
"nearby",30,38
"nearby",48,44
"nearby",3,9
"nearby",42,41
"nearby",37,14
"nearby",42,11
"nearby",16,21
"nearby",33,22
"nearby",47,47
"nearby",10,39
"nearby",34,10
"nearby",34,1
"nearby",28,16
"nearby",11,32
"nearby",15,5
"nearby",46,19
"nearby",1,35
"nearby",39,20
"nearby",21,7
"nearby",24,26
"nearby",45,29
"nearby",34,36
"nearby",33,5
"nearby",9,46
"nearby",51,51
"nearby",38,10
"nearby",4,22
"nearby",19,12
"nearby",17,33
"nearby",2,9
"nearby",24,17
"nearby",39,31
"nearby",48,46
"nearby",7,40
"nearby",36,50
"nearby",15,9
"nearby",2,15
"nearby",24,36
"nearby",9,10
"nearby",21,13
"nearby",18,27
"nearby",18,20
"nearby",13,50
"nearby",34,28
"nearby",4,51
"nearby",46,47
"nearby",26,19
"nearby",42,12
"nearby",49,45
"nearby",36,35
"nearby",13,33
"nearby",27,40
"nearby",8,48
"nearby",48,48
"nearby",18,44
"nearby",16,1
"nearby",22,44
"nearby",9,12
"nearby",36,9
"nearby",16,29
"nearby",2,40
"nearby",47,16
"nearby",50,48
"nearby",25,42
"nearby",13,45
"nearby",3,16
"nearby",42,31
"nearby",2,15
"nearby",28,38
"nearby",18,12
"nearby",41,44
"nearby",36,24
"nearby",17,21
"nearby",25,19
"nearby",37,18
"nearby",20,25
"nearby",42,36
"nearby",47,28
"nearby",51,46
"nearby",13,34
"nearby",10,20
"nearby",13,12
"nearby",11,15
"nearby",44,51
"nearby",5,31
"nearby",30,17
"nearby",37,2
"nearby",26,39
"nearby",31,32
"nearby",6,26
"nearby",34,43
"nearby",28,45
"nearby",39,32
"nearby",11,33
"nearby",14,39
"nearby",31,23
"nearby",14,5
"nearby",12,41
"nearby",38,30
"nearby",37,41
"nearby",27,8
"nearby",29,50
"nearby",11,40
"nearby",23,5
"nearby",45,48
"nearby",22,38
"nearby",39,1
"nearby",50,51
"nearby",25,7
"nearby",39,12
"nearby",5,13
"nearby",43,32
"nearby",4,49
"nearby",13,3
"nearby",16,3
"nearby",4,30
"nearby",23,6
"nearby",18,18
"nearby",37,50
"nearby",17,9
"nearby",17,7
"nearby",38,2
"nearby",1,6
"nearby",21,26
"nearby",7,9
"nearby",31,44
"nearby",1,18
"nearby",11,22
"nearby",13,26
"nearby",32,41
"nearby",16,45
"nearby",22,8
"nearby",24,36
"nearby",39,27
"nearby",26,40
"nearby",22,24
"nearby",22,11
"nearby",16,37
"nearby",34,26
"nearby",51,51
"nearby",40,47
"nearby",40,2
"nearby",3,51
"nearby",41,34
"nearby",40,38
"nearby",26,22
"nearby",12,3
"nearby",35,33
"nearby",12,30
"nearby",22,43
"nearby",38,23
"nearby",10,40
"nearby",49,48
"nearby",33,8
"nearby",8,18
"nearby",12,7
"nearby",14,41
"nearby",16,37
"nearby",22,26
"nearby",31,23
"nearby",37,8
"nearby",32,50
"nearby",46,22
"nearby",30,6
"nearby",46,44
"nearby",12,5
"nearby",1,39
"nearby",41,24
"nearby",2,20
"nearby",17,5
"nearby",42,40
"nearby",43,16
"nearby",11,49
"nearby",27,2
"nearby",18,6
"nearby",9,47
"nearby",15,24
"nearby",50,22
"nearby",39,51
"nearby",26,30
"nearby",14,21
"nearby",2,23
"nearby",13,17
"nearby",17,27
"nearby",41,37
"nearby",49,9
"nearby",27,43
"nearby",3,37
"nearby",28,47
"nearby",43,36
"nearby",41,2
"nearby",44,36
"nearby",20,25
"nearby",22,23
"nearby",43,13
"nearby",32,11
"nearby",49,36
"nearby",25,16
"nearby",19,8
"nearby",34,2
"nearby",45,29
"nearby",46,8
"nearby",31,29
"nearby",27,7
"nearby",39,11
"nearby",50,48
"nearby",35,43
"nearby",3,40
"nearby",36,20
"nearby",41,8
"nearby",13,20
"nearby",30,2
"nearby",16,23
"nearby",8,51
"nearby",9,8
"nearby",41,22
"nearby",47,49
"nearby",37,21
"nearby",9,33
"nearby",41,5
"nearby",26,9
"nearby",39,50
"nearby",16,26
"nearby",13,20
"nearby",20,6
"nearby",21,27
"nearby",29,45
"nearby",32,30
"nearby",23,48
"nearby",20,2
"nearby",16,23
"nearby",3,37
"nearby",24,21
"nearby",41,48
"nearby",37,3
"nearby",31,49
"nearby",43,51
"nearby",2,18
"nearby",49,29
"nearby",24,20
"nearby",31,13
"nearby",35,3
"nearby",46,46
"nearby",12,22
"nearby",34,5
"nearby",19,1
"nearby",11,24
"nearby",1,42
"nearby",27,7
"nearby",4,10
"nearby",22,15
"nearby",37,27
"nearby",7,14
"nearby",8,2
"nearby",38,20
"nearby",7,19
"nearby",16,42
"nearby",35,46
"nearby",26,25
"nearby",13,37
"nearby",7,51
"nearby",18,1
"nearby",31,10
"nearby",46,25
"nearby",5,47
"nearby",47,48
"nearby",45,42
"nearby",30,20
"nearby",11,30
"nearby",28,37
"nearby",9,30
"nearby",17,12
"nearby",20,11
"nearby",18,41
"nearby",1,3
"nearby",51,46
"nearby",14,35
"nearby",15,20
"nearby",16,9
"nearby",5,18
"nearby",20,19
"nearby",39,50
"nearby",42,27
"nearby",36,37
"nearby",33,32
"nearby",39,43
"nearby",26,18
"nearby",34,34
"nearby",16,26
"nearby",32,38
"nearby",39,9
"nearby",5,6
"nearby",24,18
"nearby",22,24
"nearby",13,16
"nearby",6,5
"nearby",32,32
"nearby",11,15
"nearby",51,50
"nearby",10,5
"nearby",20,43
"nearby",50,33
"nearby",1,47
"nearby",16,7
"nearby",43,38
"nearby",40,31
"nearby",21,17
"nearby",39,15
"nearby",31,45
"nearby",42,51
"nearby",37,50
"nearby",7,40
"nearby",47,33
"nearby",9,31
"nearby",5,26
"nearby",40,3
"nearby",31,18
"nearby",17,19
"nearby",3,45
"nearby",32,17
"nearby",43,48
"nearby",47,48
"nearby",28,5
"nearby",31,28
"nearby",17,29
"nearby",48,37
"nearby",15,33
"nearby",27,18
"nearby",25,49
"nearby",32,32
"nearby",16,46
"nearby",43,13
"nearby",30,5
"nearby",15,41
"nearby",30,15
"nearby",25,6
"nearby",36,45
"nearby",29,26
"nearby",7,14
"nearby",34,40
"nearby",15,45
"nearby",4,10
"nearby",48,43
"nearby",20,12
"nearby",44,27
"nearby",37,30
"nearby",8,23
"nearby",2,37
"nearby",31,4
"nearby",26,14
"nearby",27,21
"nearby",19,34
"nearby",49,13
"nearby",5,23
"nearby",15,13
"nearby",32,43
"nearby",7,37
"nearby",41,15
"nearby",30,24
"nearby",23,1
"nearby",9,4
"nearby",48,46
"nearby",26,28
"nearby",14,21
"nearby",5,34
"nearby",19,6
"nearby",13,30
"nearby",19,43
"nearby",37,38
"nearby",24,31
"nearby",8,20
"nearby",22,39
"nearby",9,32
"nearby",30,2
"nearby",13,5
"nearby",49,42
"nearby",42,1
"nearby",46,24
"nearby",50,28
"nearby",5,10
"nearby",50,51
"nearby",49,40
"nearby",43,40
"nearby",22,19
"nearby",2,6
"nearby",5,37
"nearby",1,34
"nearby",26,17
"nearby",7,23
"nearby",43,4
"nearby",37,12
"nearby",42,19
"nearby",43,20
"nearby",14,24
"nearby",41,9
"nearby",51,39
"nearby",50,44
"nearby",45,29
"nearby",47,35
"nearby",38,32
"nearby",38,44
"nearby",9,43
"nearby",27,50
"nearby",4,41
"nearby",43,44
"nearby",35,43
"nearby",25,33
"nearby",7,2
"nearby",22,25
"nearby",31,20
"nearby",18,30
"nearby",12,1
"nearby",22,25
"nearby",16,16
"nearby",28,11
"nearby",47,47
"nearby",4,35
"nearby",40,19
"nearby",10,44
"nearby",21,27
"nearby",25,8
"nearby",4,10
"nearby",32,7
"nearby",21,34
"nearby",48,43
"nearby",39,51
"nearby",17,17
"nearby",41,41
"nearby",17,15
"nearby",21,42
"nearby",38,28
"nearby",6,34
"nearby",24,29
"nearby",29,6
"nearby",47,43
"nearby",9,39
"nearby",12,36
"nearby",15,34
"nearby",16,11
"nearby",23,26
"nearby",48,47
"nearby",11,46
"nearby",11,18
"nearby",8,27
"nearby",37,10
"nearby",30,11
"nearby",14,17
"nearby",3,23
"nearby",45,30
"nearby",45,45
"nearby",27,9
"nearby",22,37
"nearby",28,12
"nearby",28,12
"nearby",28,2
"nearby",15,5
"nearby",47,46
"nearby",18,42
"nearby",26,24
"nearby",15,27
"nearby",14,12
"nearby",31,33
"nearby",10,41
"nearby",6,41
"nearby",37,14
"nearby",37,44
"nearby",45,10
"nearby",48,13
"nearby",51,51
"nearby",39,41
"nearby",31,44
"nearby",14,6
"nearby",6,11
"nearby",16,17
"nearby",29,43
"nearby",31,44
"nearby",24,5
"nearby",28,20
"nearby",2,45
"nearby",44,16
"nearby",8,20
"nearby",5,14
"nearby",50,37
"nearby",29,22
"nearby",19,41
"nearby",24,48
"nearby",13,34
"nearby",50,34
"nearby",9,25
"nearby",16,5
"nearby",32,6
"nearby",34,39
"nearby",37,34
"nearby",34,35
"nearby",45,33
"nearby",12,14
"nearby",14,41
"nearby",37,39
"nearby",21,46
"nearby",14,2
"nearby",7,1
"nearby",40,36
"nearby",3,21
"nearby",13,23
"nearby",13,48
"nearby",30,33
"nearby",4,7
"nearby",15,30
"nearby",16,1
"nearby",33,1
"nearby",46,49
"nearby",3,31
"nearby",2,49
"nearby",27,50
"nearby",37,36
"nearby",17,45
"nearby",8,28
"nearby",51,45
"nearby",26,17
"nearby",16,39
"nearby",33,17
"nearby",22,29
"nearby",13,43
"nearby",9,18
"nearby",12,25
"nearby",15,29
"nearby",50,7
"nearby",1,12
"nearby",39,26
"nearby",4,11
"nearby",14,7
"nearby",24,21
"nearby",16,2
"nearby",10,40
"nearby",42,12
"nearby",28,8
"nearby",3,31
"nearby",22,16
"nearby",20,9
"nearby",14,47
"nearby",41,25
"nearby",27,8
"nearby",45,49
"nearby",28,6
"nearby",17,17
"nearby",1,17
"nearby",51,51
"nearby",15,50
"nearby",21,1
"nearby",12,11
"nearby",42,30
"nearby",14,10
"nearby",38,24
"nearby",23,20
"nearby",10,5
"nearby",26,8
"nearby",40,44
"nearby",3,15
"nearby",32,3
"nearby",36,30
"nearby",23,2
"nearby",29,47
"nearby",37,5
"nearby",12,10
"nearby",23,22
"nearby",6,24
"nearby",34,11
"nearby",26,50
"nearby",7,29
"nearby",18,17
"nearby",25,32
"nearby",49,48
"nearby",19,23
"nearby",48,4
"nearby",38,50
"nearby",22,19
"nearby",3,31
"nearby",28,8
"nearby",24,10
"nearby",23,4
"nearby",29,40
"nearby",36,22
"nearby",17,31
"nearby",37,35
"nearby",11,7
"nearby",36,2
"nearby",18,32
"nearby",25,18
"nearby",39,10
"nearby",45,41
"nearby",15,50
"nearby",37,20
"nearby",4,12
"nearby",2,20
"nearby",28,13
"nearby",36,21
"nearby",13,15
"nearby",49,39
"nearby",15,17
"nearby",38,37
"nearby",31,13
"nearby",14,8
"nearby",28,1
"nearby",27,10
"nearby",44,33
"nearby",9,22
"nearby",47,48
"nearby",1,17
"nearby",21,13
"nearby",7,49
"nearby",7,7
"nearby",21,24
"nearby",23,28
"nearby",24,23
"nearby",39,41
"nearby",25,7
"nearby",15,35
"nearby",50,32
"nearby",36,8
"nearby",21,5
"nearby",2,8
"nearby",50,51
"nearby",13,6
"nearby",6,18
"nearby",10,26
"nearby",38,43
"nearby",48,48
"nearby",34,37
"nearby",38,27
"nearby",45,40
"nearby",25,38
"nearby",7,34
"nearby",1,37
"nearby",49,41
"nearby",47,11
"nearby",26,37
"nearby",17,30
"nearby",7,34
"nearby",1,39
"nearby",7,50
"nearby",32,34
"nearby",31,13
"nearby",7,11
"nearby",5,12
"nearby",15,29
"nearby",5,4
"nearby",4,42
"nearby",48,20
"nearby",16,49
"nearby",24,36
"nearby",46,25
"nearby",34,2
"nearby",12,43
"nearby",23,41
"nearby",26,47
"nearby",26,43
"nearby",11,19
"nearby",29,36
"nearby",40,17
"nearby",41,20
"nearby",31,40
"nearby",16,13
"nearby",12,1
"nearby",51,50
"nearby",6,43
"nearby",40,12
"nearby",32,13
"nearby",14,16
"nearby",23,25
"nearby",28,48
"nearby",10,41
"nearby",38,24
"nearby",17,3
"nearby",45,45
"nearby",34,3
"nearby",37,8
"nearby",10,45
"nearby",4,14
"nearby",13,35
"nearby",21,5
"nearby",8,6
"nearby",29,19
"nearby",50,48
"nearby",50,46
"nearby",28,22
"nearby",50,16
"nearby",12,32
"nearby",11,12
"nearby",49,35
"nearby",30,40
"nearby",18,27
"nearby",41,43
"nearby",7,28
"nearby",39,26
"nearby",39,45
"nearby",31,38
"nearby",45,37
"nearby",27,12
"nearby",47,37
"nearby",31,24
"nearby",50,30
"nearby",49,40
"nearby",19,13
"nearby",43,50
"nearby",47,51
"nearby",32,42
"nearby",41,16
"nearby",27,1
"nearby",6,24
"nearby",14,19
"nearby",43,9
"nearby",23,17
"nearby",7,44
"nearby",16,30
"nearby",30,14
"nearby",9,18
"nearby",28,35
"nearby",26,30
"nearby",24,49
"nearby",25,24
"nearby",3,34
"nearby",28,27
"nearby",43,23
"nearby",9,30
"nearby",5,11
"nearby",14,24
"nearby",12,27
"nearby",41,49
"nearby",8,31
"nearby",46,24
"nearby",37,51
"nearby",42,32
"nearby",35,33
"nearby",18,23
"nearby",15,13
"nearby",34,27
"nearby",4,6
"nearby",23,4
"nearby",11,23
"nearby",17,5
"nearby",6,32
"nearby",31,7
"nearby",35,49
"nearby",19,11
"nearby",46,41
"nearby",35,3
"nearby",17,26
"nearby",29,3
"nearby",12,22
"nearby",22,15
"nearby",19,6
"nearby",42,50
"nearby",42,34
"nearby",25,33
"nearby",34,46
"nearby",26,24
"nearby",27,8
"nearby",46,1
"nearby",40,50
"nearby",20,4
"nearby",48,50
"nearby",34,39
"nearby",27,9
"nearby",13,7
"nearby",9,3
"nearby",26,21
"nearby",24,10
"nearby",45,41
"nearby",29,46
"nearby",37,8
"nearby",7,34
"nearby",39,51
"nearby",43,11
"nearby",34,27
"nearby",47,18
"nearby",42,45
"nearby",40,23
"nearby",27,5
"nearby",42,40
"nearby",26,17
"nearby",38,16
"nearby",42,51
"nearby",17,22
"nearby",34,33
"nearby",8,3
"nearby",39,49
"nearby",41,41
"nearby",50,45
"nearby",16,38
"nearby",41,17
"nearby",22,16
"nearby",20,39
"nearby",17,19
"nearby",27,16
"nearby",2,26
"nearby",16,43
"nearby",32,35
"nearby",5,5
"nearby",34,37
"nearby",31,41
"nearby",40,30
"nearby",50,37
"nearby",36,28
"nearby",47,1
"nearby",2,2
"nearby",42,18
"nearby",31,14
"nearby",35,25
"nearby",16,24
"nearby",39,26
"nearby",46,47
"nearby",25,20
"nearby",32,35
"nearby",27,1
"nearby",5,13
"nearby",5,20
"nearby",13,43
"nearby",43,22
"nearby",34,39
"nearby",33,3
"nearby",3,3
"nearby",50,48
"nearby",41,36
"nearby",45,21
"nearby",11,3
"nearby",20,4
"nearby",31,4
"nearby",12,41
"nearby",23,5
"nearby",29,9
"nearby",42,11
"nearby",44,44
"nearby",39,41
"nearby",34,12
"nearby",7,18
"nearby",28,5
"nearby",38,4
"nearby",29,13
"nearby",12,7
"nearby",46,41
"nearby",31,35
"nearby",9,49
"nearby",14,2
"nearby",30,38
"nearby",51,47
"nearby",21,40
"nearby",42,48
"nearby",42,7
"nearby",23,51
"nearby",22,6
"nearby",28,27
"nearby",14,29
"nearby",16,9
"nearby",23,34
"nearby",46,9
"nearby",29,18
"nearby",23,32
"nearby",48,39
"nearby",31,42
"nearby",6,3
"nearby",22,17
"nearby",38,41
"nearby",11,48
"nearby",18,44
"nearby",34,31
"nearby",18,31
"nearby",37,38
"nearby",11,29
"nearby",14,46
"nearby",28,7
"nearby",8,30
"nearby",26,4
"nearby",17,1
"nearby",9,40
"nearby",14,34
"nearby",32,9
"nearby",8,24
"nearby",45,48
"nearby",13,41
"nearby",39,50
"nearby",27,44
"nearby",26,47
"nearby",21,43
"nearby",10,10
"nearby",48,51
"nearby",17,10
"nearby",31,39
"nearby",17,26
"nearby",31,12
"nearby",42,20
"nearby",23,26
"nearby",42,21
"nearby",17,40
"nearby",34,27
"nearby",21,9
"nearby",12,30
"nearby",1,3
"nearby",3,35
"nearby",43,25
"nearby",10,37
"nearby",48,50
"nearby",13,15
"nearby",19,1
"nearby",26,32
"nearby",15,2
"nearby",36,33
"nearby",18,10
"nearby",25,37
"nearby",39,18
"nearby",16,11
"nearby",34,38
"nearby",36,8
"nearby",4,18
"nearby",5,13
"nearby",35,29
"nearby",12,3
"nearby",45,11
"nearby",23,10
"nearby",25,6
"nearby",6,22
"nearby",47,48
"nearby",10,38
"nearby",21,1
"nearby",20,17
"nearby",23,25
"nearby",42,29
"nearby",2,40
"nearby",47,36
"nearby",45,41
"nearby",8,32
"nearby",3,17
"nearby",26,18
"nearby",30,7
"nearby",39,5
"nearby",23,15
"nearby",45,37
"nearby",16,22
"nearby",17,21
"nearby",36,3
"nearby",30,32
"nearby",42,37
"nearby",25,6
"nearby",31,39
"nearby",19,3
"nearby",30,11
"nearby",29,22
"nearby",32,36
"nearby",9,36
"nearby",19,31
"nearby",10,48
"nearby",19,36
"nearby",4,43
"nearby",22,44
"nearby",39,19
"nearby",47,49
"nearby",48,32
"nearby",38,40
"nearby",30,9
"nearby",25,25
"nearby",32,22
"nearby",7,39
"nearby",33,17
"nearby",3,34
"nearby",33,13
"nearby",32,47
"nearby",5,9
"nearby",31,8
"nearby",34,39
"nearby",26,2
"nearby",12,35
"nearby",23,37
"nearby",35,38
"nearby",26,4
"nearby",3,40
"nearby",36,12
"nearby",10,21
"nearby",30,28
"nearby",5,46
"nearby",41,8
"nearby",47,31
"nearby",5,15
"nearby",42,10
"nearby",3,32
"nearby",2,31
"nearby",24,16
"nearby",47,49
"nearby",10,27
"nearby",48,41
"nearby",31,26
"nearby",35,16
"nearby",15,25
"nearby",41,17
"nearby",22,43
"nearby",2,15
"nearby",30,29
"nearby",6,43
"nearby",32,9
"nearby",28,27
"nearby",49,50
"nearby",16,14
"nearby",28,38
"nearby",27,23
"nearby",28,11
"nearby",26,35
"nearby",22,34
"nearby",44,51
"nearby",17,29
"nearby",38,27
"nearby",38,30
"nearby",18,29
"nearby",11,36
"nearby",50,46
"nearby",50,44
"nearby",28,17
"nearby",34,47
"nearby",15,30
"nearby",27,49
"nearby",30,39
"nearby",38,3
"nearby",34,46
"nearby",39,30
"nearby",44,42
"nearby",20,12
"nearby",47,37
"nearby",6,24
"nearby",24,3
"nearby",42,24
"nearby",1,27
"nearby",6,33
"nearby",6,20
"nearby",39,14
"nearby",40,10
"nearby",11,18
"nearby",32,20
"nearby",37,22
"nearby",22,42
"nearby",35,42
"nearby",34,38
"nearby",50,51
"nearby",11,31
"nearby",44,35
"nearby",38,40
"nearby",36,41
"nearby",12,35
"nearby",16,8
"nearby",44,38
"nearby",10,24
"nearby",18,35
"nearby",44,22
"nearby",18,14
"nearby",23,27
"nearby",16,8
"nearby",6,15
"nearby",47,48
"nearby",47,46
"nearby",40,17
"nearby",36,4
"nearby",10,6
"nearby",30,21
"nearby",15,38
"nearby",51,51
"nearby",32,15
"nearby",33,28
"nearby",35,39
"nearby",34,19
"nearby",13,27
"nearby",17,4
"nearby",47,45
"nearby",22,12
"nearby",17,15
"nearby",27,9
"nearby",39,45
"nearby",13,27
"nearby",6,18
"nearby",18,12
"nearby",11,28
"nearby",8,42
"nearby",13,10
"nearby",20,5
"nearby",32,37
"nearby",16,37
"nearby",35,51
"nearby",20,1
"nearby",5,21
"nearby",5,10
"nearby",11,10
"nearby",40,49
"nearby",6,35
"nearby",28,36
"nearby",21,15
"nearby",26,25
"nearby",28,29
"nearby",38,1
"nearby",15,17
"nearby",51,46
"nearby",10,11
"nearby",46,45
"nearby",36,3
"nearby",47,40
"nearby",25,44
"nearby",22,5
"nearby",6,12
"nearby",36,42
"nearby",21,27
"nearby",48,45
"nearby",18,37
"nearby",51,37
"nearby",48,32
"nearby",7,26
"nearby",16,20
"nearby",32,2
"nearby",32,26
"nearby",21,42
"nearby",38,38
"nearby",5,42
"nearby",49,15
"nearby",31,16
"nearby",15,39
"nearby",3,25
"nearby",15,9
"nearby",18,7
"nearby",25,45
"nearby",10,1
"nearby",46,51
"nearby",5,48
"nearby",47,22
"nearby",3,31
"nearby",17,13
"nearby",39,40
"nearby",49,38
"nearby",48,29
"nearby",27,1
"nearby",43,28
"nearby",17,14
"nearby",42,36
"nearby",51,49
"nearby",33,30
"nearby",28,29
"nearby",24,49
"nearby",51,51
"nearby",21,12
"nearby",12,31
"nearby",24,20
"nearby",51,50
"nearby",18,36
"nearby",21,33
"nearby",43,22
"nearby",26,30
"nearby",39,9
"nearby",30,4
"nearby",28,1
"nearby",45,41
"nearby",24,50
"nearby",17,32
"nearby",24,16
"nearby",17,13
"nearby",48,45
"nearby",46,40
"nearby",41,40
"nearby",22,43
"nearby",8,19
"nearby",30,18
"nearby",46,36
"nearby",10,10
"nearby",38,3
"nearby",28,12
"nearby",7,47
"nearby",1,49
"nearby",51,46
"nearby",5,4
"nearby",26,9
"nearby",10,5
"nearby",26,41
"nearby",39,8
"nearby",6,9
"nearby",19,41
"nearby",29,14
"nearby",50,46
"nearby",14,4
"nearby",10,16
"nearby",43,37
"nearby",38,36
"nearby",10,50
"nearby",29,39
"nearby",51,34
"nearby",31,1
"nearby",6,22
"nearby",47,16
"nearby",16,8
"nearby",28,8
"nearby",17,16
"nearby",46,38
"nearby",51,51
"nearby",26,21
"nearby",51,47
"nearby",20,20
"nearby",39,39
"nearby",26,25
"nearby",26,13
"nearby",40,37
"nearby",44,45
"nearby",21,10
"nearby",37,46
"nearby",33,10
"nearby",14,1
"nearby",20,49
"nearby",11,22
"nearby",9,22
"nearby",33,4
"nearby",24,40
"nearby",11,35
"nearby",44,9
"nearby",10,8
"nearby",23,9
"nearby",3,41
"nearby",20,35
"nearby",48,16
"nearby",3,16
"nearby",48,34
"nearby",19,39
"nearby",38,21
"nearby",15,19
"nearby",12,40
"nearby",46,3
"nearby",11,14
"nearby",21,29
"nearby",14,31
"nearby",35,50
"nearby",7,44
"nearby",26,9
"nearby",42,44
"nearby",22,42
"nearby",33,10
"nearby",42,18
"nearby",51,48
"nearby",15,18
"nearby",46,51
"nearby",9,14
"nearby",51,48
"nearby",49,46
"nearby",48,41
"nearby",36,34
"nearby",18,49
"nearby",37,23
"nearby",7,9
"nearby",27,31
"nearby",3,13
"nearby",45,39
"nearby",26,26
"nearby",41,18
"nearby",11,20
"nearby",50,47
"nearby",1,16
"nearby",30,39
"nearby",21,45
"nearby",44,45
"nearby",41,48
"nearby",50,19
"nearby",39,5
"nearby",27,3
"nearby",8,41
"nearby",42,41
"nearby",22,5
"nearby",17,17
"nearby",48,48
"nearby",6,9
"nearby",15,19
"nearby",26,33
"nearby",8,13
"nearby",17,17
"nearby",22,28
"nearby",27,43
"nearby",29,29
"nearby",40,25
"nearby",19,41
"nearby",22,3
"nearby",17,42
"nearby",28,46
"nearby",46,22
"nearby",37,14
"nearby",44,44
"nearby",7,50
"nearby",40,34
"nearby",41,38
"nearby",48,35
"nearby",13,12
"nearby",41,10
"nearby",6,35
"nearby",39,10
"nearby",24,41
"nearby",10,19
"nearby",29,3
"nearby",37,5
"nearby",22,41
"nearby",10,44
"nearby",24,12
"nearby",2,11
"nearby",18,5
"nearby",27,22
"nearby",47,49
"nearby",1,22
"nearby",9,38
"nearby",48,48
"nearby",9,2
"nearby",16,37
"nearby",1,14
"nearby",20,22
"nearby",17,14
"nearby",32,33
"nearby",8,14
"nearby",9,16
"nearby",13,27
"nearby",44,26
"nearby",16,22
"nearby",1,44
"nearby",13,31
"nearby",12,10
"nearby",49,26
"nearby",43,41
"nearby",13,30
"nearby",22,51
"nearby",30,40
"nearby",31,46
"nearby",6,33
"nearby",47,25
"nearby",26,27
"nearby",41,50
"nearby",32,38
"nearby",6,36
"nearby",40,24
"nearby",47,46
"nearby",40,8
"nearby",33,33
"nearby",34,14
"nearby",21,49
"nearby",41,43
"nearby",18,25
"nearby",38,21
"nearby",47,49
"nearby",7,47
"nearby",41,45
"nearby",37,15
"nearby",18,9
"nearby",22,28
"nearby",27,12
"nearby",23,11
"nearby",28,22
"nearby",6,37
"nearby",16,19
"nearby",47,8
"nearby",25,26
"nearby",2,27
"nearby",14,48
"nearby",48,44
"nearby",3,6
"nearby",41,50
"nearby",8,33
"nearby",39,19
"nearby",42,28
"nearby",17,17
"nearby",7,33
"nearby",45,45
"nearby",40,26
"nearby",3,20
"nearby",24,23
"nearby",16,6
"nearby",37,7
"nearby",22,16
"nearby",24,27
"nearby",21,15
"nearby",50,51
"nearby",32,27
"nearby",13,11
"nearby",46,48
"nearby",21,8
"nearby",7,15
"nearby",46,38
"nearby",23,27
"nearby",34,19
"nearby",21,28
"nearby",38,28
"nearby",18,3
"nearby",40,11
"nearby",45,43
"nearby",33,2
"nearby",7,37
"nearby",4,10
"nearby",48,48
"nearby",37,42
"nearby",4,22
"nearby",39,5
"nearby",1,26
"nearby",20,24
"nearby",17,50
"nearby",14,8
"nearby",33,9
"nearby",20,8
"nearby",27,4
"nearby",25,19
"nearby",45,48
"nearby",20,22
"nearby",9,8
"nearby",4,27
"nearby",17,4
"nearby",21,23
"nearby",38,9
"nearby",14,36
"nearby",9,23
"nearby",50,47
"nearby",39,21
"nearby",51,50
"nearby",11,42
"nearby",32,14
"nearby",43,29
"nearby",6,1
"nearby",37,29
"nearby",17,5
"nearby",31,26
"nearby",37,31
"nearby",39,17
"nearby",41,10
"nearby",43,21
"nearby",43,3
"nearby",5,14
"nearby",2,3
"nearby",5,20
"nearby",27,18
"nearby",7,42
"nearby",2,12
"nearby",46,50
"nearby",39,46
"nearby",49,15
"nearby",13,43
"nearby",6,22
"nearby",9,9
"nearby",38,4
"nearby",30,27
"nearby",38,37
"nearby",36,38
"nearby",12,14
"nearby",24,46
"nearby",7,28
"nearby",4,42
"nearby",1,30
"nearby",18,6
"nearby",8,15
"nearby",43,10
"nearby",3,17
"nearby",25,21
"nearby",49,26
"nearby",39,47
"nearby",31,20
"nearby",26,3
"nearby",47,32
"nearby",28,29
"nearby",45,41
"nearby",50,50
"nearby",48,37
"nearby",6,33
"nearby",10,10
"nearby",3,18
"nearby",24,20
"nearby",21,18
"nearby",29,2
"nearby",4,23
"nearby",42,12
"nearby",23,16
"nearby",42,19
"nearby",45,49
"nearby",3,3
"nearby",10,20
"nearby",18,13
"nearby",27,2
"nearby",14,30
"nearby",10,34
"nearby",11,2
"nearby",50,49
"nearby",25,7
"nearby",47,36
"nearby",15,47
"nearby",5,4
"nearby",46,51
"nearby",14,5
"nearby",7,20
"nearby",16,2
"nearby",21,17
"nearby",35,30
"nearby",37,30
"nearby",26,17
"nearby",19,29
"nearby",38,22
"nearby",30,37
"nearby",16,25
"nearby",22,12
"nearby",21,31
"nearby",5,32
"nearby",9,3
"nearby",19,30
"nearby",6,13
"nearby",3,1
"nearby",11,24
"nearby",40,9
"nearby",6,2
"nearby",8,1
"nearby",22,3
"nearby",24,3
"nearby",37,21
"nearby",47,48
"nearby",49,51
"nearby",2,11
"nearby",29,5
"nearby",36,21
"nearby",12,43
"nearby",22,50
"nearby",20,9
"nearby",25,30
"nearby",40,16
"nearby",4,44
"nearby",14,46
"nearby",21,16
"nearby",7,11
"nearby",8,33
"nearby",44,38
"nearby",33,40
"nearby",29,25
"nearby",50,45
"nearby",50,44
"nearby",10,2
"nearby",6,5
"nearby",21,40
"nearby",38,8
"nearby",47,35
"nearby",33,14
"nearby",7,23
"nearby",39,22
"nearby",32,40
"nearby",3,41
"nearby",42,11
"nearby",41,40
"nearby",45,40
"nearby",8,36
"nearby",40,14
"nearby",27,12
"nearby",44,45
"nearby",21,20
"nearby",37,47
"nearby",18,27
"nearby",37,8
"nearby",16,4
"nearby",44,5
"nearby",49,25
"nearby",14,32
"nearby",44,20
"nearby",42,39
"nearby",34,4
"nearby",30,3
"nearby",10,32
"nearby",47,50
"nearby",12,9
"nearby",38,18
"nearby",15,22
"nearby",36,12
"nearby",20,11
"nearby",22,7
"nearby",38,23
"nearby",43,46
"nearby",31,14
"nearby",7,22
"nearby",4,36
"nearby",27,19
"nearby",1,11
"nearby",3,3
"nearby",22,48
"nearby",48,14
"nearby",15,22
"nearby",49,42
"nearby",17,2
"nearby",50,38
"nearby",25,3
"nearby",36,6
"nearby",42,51
"nearby",5,34
"nearby",29,13
"nearby",36,15
"nearby",8,5
"nearby",29,7
"nearby",35,6
"nearby",47,41
"nearby",38,19
"nearby",48,27
"nearby",25,46
"nearby",17,11
"nearby",50,41
"nearby",20,6
"nearby",50,45
"nearby",27,28
"nearby",5,29
"nearby",22,32
"nearby",33,13
"nearby",46,33
"nearby",31,18
"nearby",47,36
"nearby",47,49
"nearby",29,22
"nearby",51,49
"nearby",22,22
"nearby",21,41
"nearby",44,36
"nearby",51,51
"nearby",31,12
"nearby",1,48
"nearby",46,50
"nearby",51,45
"nearby",51,50
"nearby",47,38
"nearby",44,40
"nearby",4,1
"nearby",21,13
"nearby",38,28
"nearby",22,38
"nearby",24,41
"nearby",28,10
"nearby",36,37
"nearby",12,3
"nearby",30,13
"nearby",24,2
"nearby",42,50
"nearby",34,13
"nearby",23,34
"nearby",16,41
"nearby",15,49
"nearby",14,16
"nearby",39,29
"nearby",24,12
"nearby",23,35
"nearby",12,2
"nearby",21,16
"nearby",7,49
"nearby",25,26
"nearby",18,22
"nearby",15,36
"nearby",12,41
"nearby",46,43
"nearby",8,44
"nearby",28,11
"nearby",44,17
"nearby",27,36
"nearby",46,50
"nearby",33,39
"nearby",42,47
"nearby",14,51
"nearby",23,12
"nearby",44,27
"nearby",40,25
"nearby",8,21
"nearby",23,47
"nearby",27,35
"nearby",19,50
"nearby",37,5
"nearby",9,7
"nearby",46,43
"nearby",24,12
"nearby",8,25
"nearby",11,4
"nearby",10,50
"nearby",50,42
"nearby",4,43
"nearby",45,49
"nearby",9,13
"nearby",40,44
"nearby",7,7
"nearby",45,46
"nearby",41,40
"nearby",15,3
"nearby",45,43
"nearby",11,29
"nearby",22,28
"nearby",15,36
"nearby",41,9
"nearby",27,42
"nearby",23,40
"nearby",28,35
"nearby",12,23
"nearby",21,5
"nearby",23,7
"nearby",14,12
"nearby",10,30
"nearby",11,46
"nearby",25,21
"nearby",46,33
"nearby",4,4
"nearby",27,7
"nearby",12,26
"nearby",29,17
"nearby",43,32
"nearby",8,7
"nearby",27,9
"nearby",2,31
"nearby",22,24
"nearby",20,20
"nearby",45,43
"nearby",7,7
"nearby",2,24
"nearby",12,20
"nearby",36,33
"nearby",43,48
"nearby",24,26
"nearby",15,46
"nearby",5,15
"nearby",22,28
"nearby",39,27
"nearby",9,44
"nearby",51,47
"nearby",28,11
"nearby",15,19
"nearby",28,5
"nearby",27,30
"nearby",27,51
"nearby",4,18
"nearby",3,25
"nearby",18,49
"nearby",17,9
"nearby",46,33
"nearby",23,29
"nearby",34,38
"nearby",2,46
"nearby",8,46
"nearby",44,1
"nearby",3,2
"nearby",21,40
"nearby",31,13
"nearby",2,8
"nearby",46,29
"nearby",20,5
"nearby",15,20
"nearby",39,43
"nearby",43,12
"nearby",27,26
"nearby",47,42
"nearby",3,6
"nearby",6,29
"nearby",16,38
"nearby",8,12
"nearby",7,8
"nearby",21,34
"nearby",25,25
"nearby",21,24
"nearby",1,18
"nearby",30,4
"nearby",27,6
"nearby",30,23
"nearby",18,27
"nearby",25,27
"nearby",13,22
"nearby",27,5
"nearby",32,12
"nearby",38,3
"nearby",40,30
"nearby",40,50
"nearby",41,21
"nearby",50,9
"nearby",37,35
"nearby",15,16
"nearby",33,3
"nearby",50,49
"nearby",38,46
"nearby",1,46
"nearby",28,14
"nearby",43,43
"nearby",40,4
"nearby",41,14
"nearby",5,41
"nearby",22,44
"nearby",36,47
"nearby",46,47
"nearby",36,33
"nearby",20,10
"nearby",38,37
"nearby",9,14
"nearby",35,27
"nearby",34,34
"nearby",20,5
"nearby",16,48
"nearby",32,7
"nearby",27,33
"nearby",6,6
"nearby",45,33
"nearby",16,11
"nearby",48,49
"nearby",27,1
"nearby",28,37
"nearby",1,33
"nearby",6,3
"nearby",9,26
"nearby",33,40
"nearby",28,14
"nearby",18,37
"nearby",34,28
"nearby",29,40
"nearby",51,40
"nearby",6,16
"nearby",47,27
"nearby",12,14
"nearby",19,31
"nearby",35,8
"nearby",50,36
"nearby",43,29
"nearby",46,39
"nearby",48,38
"nearby",50,47
"nearby",9,39
"nearby",5,28
"nearby",11,46
"nearby",49,15
"nearby",26,14
"nearby",2,41
"nearby",51,36
"nearby",19,10
"nearby",29,45
"nearby",44,51
"nearby",21,3
"nearby",3,16
"nearby",6,22
"nearby",6,6
"nearby",4,31
"nearby",22,29
"nearby",20,40
"nearby",12,34
"nearby",28,23
"nearby",14,6
"nearby",34,10
"nearby",6,47
"nearby",4,23
"nearby",36,14
"nearby",44,4
"nearby",33,47
"nearby",30,14
"nearby",13,19
"nearby",4,12
"nearby",41,34
"nearby",34,37
"nearby",34,22
"nearby",28,9
"nearby",39,24
"nearby",33,50
"nearby",17,34
"nearby",43,43
"nearby",41,15
"nearby",19,44
"nearby",15,16
"nearby",21,18
"nearby",4,28
"nearby",49,46
"nearby",31,4
"nearby",50,47
"nearby",50,43
"nearby",26,28
"nearby",19,49
"nearby",4,8
"nearby",21,49
"nearby",47,14
"nearby",37,16
"nearby",19,34
"nearby",4,5
"nearby",11,32
"nearby",11,26
"nearby",14,10
"nearby",17,23
"nearby",10,9
"nearby",22,43
"nearby",38,46
"nearby",44,33
"nearby",29,25
"nearby",38,2
"nearby",16,2
"nearby",32,50
"nearby",40,12
"nearby",29,17
"nearby",23,11
"nearby",49,46
"nearby",49,40
"nearby",30,6
"nearby",14,20
"nearby",36,15
"nearby",34,15
"nearby",35,12
"nearby",8,15
"nearby",11,38
"nearby",34,7
"nearby",24,31
"nearby",34,30
"nearby",41,33
"nearby",30,33
"nearby",43,26
"nearby",34,23
"nearby",39,20
"nearby",8,34
"nearby",22,3
"nearby",51,49
"nearby",32,17
"nearby",35,3
"nearby",32,25
"nearby",15,5
"nearby",45,18
"nearby",41,16
"nearby",25,23
"nearby",40,30
"nearby",22,6
"nearby",22,33
"nearby",43,13
"nearby",27,3
"nearby",18,5
"nearby",2,43
"nearby",43,50
"nearby",31,32
"nearby",50,40
"nearby",51,49
"nearby",12,10
"nearby",18,3
"nearby",2,21
"nearby",43,19
"nearby",16,21
"nearby",41,18
"nearby",13,12
"nearby",34,36
"nearby",41,43
"nearby",19,16
"nearby",21,33
"nearby",2,5
"nearby",3,20
"nearby",20,21
"nearby",16,4
"nearby",17,15
"nearby",29,19
"nearby",2,4
"nearby",10,39
"nearby",15,42
"nearby",32,45
"nearby",27,17
"nearby",34,9
"nearby",37,29
"nearby",19,4
"nearby",15,13
"nearby",49,45
"nearby",48,39
"nearby",43,41
"nearby",41,17
"nearby",28,31
"nearby",47,48
"nearby",13,10
"nearby",44,48
"nearby",35,15
"nearby",42,35
"nearby",24,30
"nearby",43,29
"nearby",30,24
"nearby",26,26
"nearby",47,8
"nearby",5,16
"nearby",16,19
"nearby",26,5
"nearby",37,10
"nearby",23,23
"nearby",2,15
"nearby",50,49
"nearby",18,33
"nearby",11,2
"nearby",31,9
"nearby",50,31
"nearby",44,41
"nearby",44,46
"nearby",31,8
"nearby",17,25
"nearby",14,19
"nearby",50,31
"nearby",9,48
"nearby",11,7
"nearby",22,29
"nearby",44,46
"nearby",34,32
"nearby",27,30
"nearby",38,38
"nearby",26,14
"nearby",51,33
"nearby",1,19
"nearby",19,42
"nearby",26,26
"nearby",11,46
"nearby",14,31
"nearby",11,35
"nearby",6,27
"nearby",7,24
"nearby",9,12
"nearby",41,46
"nearby",3,9
"nearby",4,2
"nearby",25,34
"nearby",45,32
"nearby",27,36
"nearby",40,21
"nearby",39,4
"nearby",37,33
"nearby",39,17
"nearby",40,24
"nearby",12,33
"nearby",2,28
"nearby",15,19
"nearby",10,31
"nearby",49,42
"nearby",46,38
"nearby",29,3
"nearby",30,7
"nearby",43,50
"nearby",46,47
"nearby",39,48
"nearby",3,14
"nearby",46,50
"nearby",43,19
"nearby",2,42
"nearby",6,25
"nearby",49,45
"nearby",16,29
"nearby",22,34
"nearby",11,12
"nearby",35,6
"nearby",1,48
"nearby",51,36
"nearby",31,25
"nearby",4,29
"nearby",33,21
"nearby",2,1
"nearby",50,42
"nearby",29,6
"nearby",27,8
"nearby",34,16
"nearby",15,17
"nearby",4,42
"nearby",39,45
"nearby",1,26
"nearby",50,45
"nearby",40,36
"nearby",15,35
"nearby",21,10
"nearby",18,14
"nearby",48,46
"nearby",44,48
"nearby",48,37
"nearby",46,22
"nearby",21,36
"nearby",4,42
"nearby",46,49
"nearby",22,49
"nearby",35,19
"nearby",16,12
"nearby",51,47
"nearby",28,3
"nearby",28,30
"nearby",29,25
"nearby",22,42
"nearby",32,33
"nearby",42,45
"nearby",40,43
"nearby",44,37
"nearby",32,10
"nearby",44,24
"nearby",16,49
"nearby",33,49
"nearby",38,21
"nearby",25,10
"nearby",7,10
"nearby",46,26
"nearby",6,3
"nearby",46,46
"nearby",7,12
"nearby",20,8
"nearby",17,37
"nearby",21,3
"nearby",23,23
"nearby",48,35
"nearby",24,17
"nearby",6,3
"nearby",48,48
"nearby",5,47
"nearby",25,13
"nearby",4,15
"nearby",1,39
"nearby",31,33
"nearby",37,22
"nearby",36,36
"nearby",6,14
"nearby",38,19
"nearby",39,11
"nearby",31,21
"nearby",27,43
"nearby",48,51
"nearby",24,21
"nearby",31,27
"nearby",41,30
"nearby",41,13
"nearby",7,28
"nearby",51,44
"nearby",10,36
"nearby",20,18
"nearby",48,48
"nearby",15,46
"nearby",43,45
"nearby",34,30
"nearby",9,35
"nearby",36,1
"nearby",6,35
"nearby",24,19
"nearby",10,16
"nearby",24,33
"nearby",37,4
"nearby",13,11
"nearby",19,31
"nearby",49,39
"nearby",19,2
"nearby",32,24
"nearby",48,34
"nearby",5,14
"nearby",40,39
"nearby",16,28
"nearby",26,30
"nearby",44,40
"nearby",41,22
"nearby",15,10
"nearby",23,1
"nearby",50,51
"nearby",35,29
"nearby",34,46
"nearby",39,12
"nearby",48,18
"nearby",17,44
"nearby",24,8
"nearby",20,41
"nearby",7,2
"nearby",35,17
"nearby",51,51
"nearby",47,34
"nearby",45,19
"nearby",47,6
"nearby",11,4
"nearby",32,25
"nearby",45,39
"nearby",3,1
"nearby",15,29
"nearby",14,10
"nearby",11,41
"nearby",3,1
"nearby",20,40
"nearby",25,24
"nearby",46,11
"nearby",36,8
"nearby",18,3
"nearby",40,46
"nearby",6,5
"nearby",35,32
"nearby",4,15
"nearby",33,11
"nearby",36,44
"nearby",22,23
"nearby",40,1
"nearby",50,41
"nearby",37,7
"nearby",29,10
"nearby",45,40
"nearby",30,49
"nearby",44,22
"nearby",41,8
"nearby",27,33
"nearby",25,2
"nearby",9,49
"nearby",16,30
"nearby",15,2
"nearby",6,28
"nearby",36,36
"nearby",1,14
"nearby",32,10
"nearby",6,17
"nearby",37,30
"nearby",43,30
"nearby",16,36
"nearby",9,12
"nearby",17,25
"nearby",36,38
"nearby",14,20
"nearby",25,34
"nearby",46,22
"nearby",38,13
"nearby",12,10
"nearby",14,47
"nearby",49,39
"nearby",40,12
"nearby",7,51
"nearby",23,23
"nearby",28,9
"nearby",15,4
"nearby",10,2
"nearby",41,27
"nearby",4,31
"nearby",31,9
"nearby",16,14
"nearby",12,35
"nearby",45,36
"nearby",17,10
"nearby",21,11
"nearby",25,30
"nearby",10,37
"nearby",22,18
"nearby",33,51
"nearby",40,19
"nearby",45,20
"nearby",10,1
"nearby",21,12
"nearby",2,16
"nearby",1,43
"nearby",47,51
"nearby",6,2
"nearby",23,37
"nearby",16,19
"nearby",18,4
"nearby",36,9
"nearby",13,37
"nearby",15,48
"nearby",43,37
"nearby",45,31
"nearby",19,17
"nearby",10,12
"nearby",16,27
"nearby",6,20
"nearby",13,5
"nearby",26,7
"nearby",51,45
"nearby",25,5
"nearby",37,2
"nearby",5,36
"nearby",28,22
"nearby",30,35
"nearby",50,38
"nearby",39,36
"nearby",25,3
"nearby",32,1
"nearby",47,11
"nearby",49,27
"nearby",23,2
"nearby",39,42
"nearby",8,26
"nearby",12,43
"nearby",23,14
"nearby",50,44
"nearby",25,43
"nearby",48,50
"nearby",18,23
"nearby",29,27
"nearby",1,5
"nearby",2,40
"nearby",44,34
"nearby",45,20
"nearby",43,31
"nearby",43,7
"nearby",11,2
"nearby",45,40
"nearby",37,39
"nearby",27,17
"nearby",32,27
"nearby",22,38
"nearby",51,48
"nearby",39,33
"nearby",32,15
"nearby",40,42
"nearby",21,5
"nearby",15,36
"nearby",16,46
"nearby",37,13
"nearby",25,29
"nearby",35,16
"nearby",6,25
"nearby",28,7
"nearby",26,1
"nearby",16,12
"nearby",38,23
"nearby",30,21
"nearby",3,1
"nearby",39,36
"nearby",19,35
"nearby",24,12
"nearby",50,49
"nearby",7,38
"nearby",19,28
"nearby",43,25
"nearby",33,31
"nearby",32,36
"nearby",21,17
"nearby",1,25
"nearby",10,4
"nearby",24,23
"nearby",25,7
"nearby",23,18
"nearby",21,2
"nearby",7,18
"nearby",39,34
"nearby",46,46
"nearby",42,1
"nearby",42,38
"nearby",20,11
"nearby",50,47
"nearby",31,9
"nearby",7,30
"nearby",26,28
"nearby",29,16
"nearby",48,36
"nearby",50,29
"nearby",8,3
"nearby",13,9
"nearby",13,42
"nearby",28,27
"nearby",31,36
"nearby",41,10
"nearby",10,1
"nearby",43,43
"nearby",19,26
"nearby",28,10
"nearby",1,21
"nearby",46,37
"nearby",39,13
"nearby",16,45
"nearby",28,8
"nearby",16,15
"nearby",20,5
"nearby",18,41
"nearby",18,29
"nearby",2,46
"nearby",9,31
"nearby",6,21
"nearby",37,15
"nearby",49,39
"nearby",18,12
"nearby",13,12
"nearby",30,19
"nearby",17,43
"nearby",32,31
"nearby",11,46
"nearby",23,9
"nearby",45,31
"nearby",27,43
"nearby",45,20
"nearby",3,42
"nearby",12,27
"nearby",7,44
"nearby",45,34
"nearby",49,43
"nearby",25,22
"nearby",39,30
"nearby",28,50
"nearby",28,44
"nearby",22,2
"nearby",18,26
"nearby",31,12
"nearby",21,27
"nearby",42,7
"nearby",15,9
"nearby",37,4
"nearby",7,33
"nearby",12,42
"nearby",17,19
"nearby",26,38
"nearby",14,15
"nearby",43,1
"nearby",36,8
"nearby",2,4
"nearby",34,38
"nearby",19,45
"nearby",44,36
"nearby",23,29
"nearby",23,19
"nearby",8,8
"nearby",28,3
"nearby",12,9
"nearby",38,5
"nearby",32,33
"nearby",16,5
"nearby",35,46
"nearby",36,5
"nearby",35,15
"nearby",20,11
"nearby",35,29
"nearby",16,9
"nearby",21,37
"nearby",49,32
"nearby",30,5
"nearby",38,32
"nearby",48,49
"nearby",29,19
"nearby",39,27
"nearby",1,44
"nearby",24,33
"nearby",16,23
"nearby",31,14
"nearby",14,34
"nearby",36,21
"nearby",37,38
"nearby",13,25
"nearby",35,26
"nearby",28,27
"nearby",1,24
"nearby",23,47
"nearby",15,1
"nearby",17,23
"nearby",47,34
"nearby",30,48
"nearby",11,22
"nearby",30,17
"nearby",43,21
"nearby",45,43
"nearby",8,8
"nearby",26,16
"nearby",23,21
"nearby",18,26
"nearby",33,36
"nearby",17,32
"nearby",20,6
"nearby",29,51
"nearby",39,26
"nearby",3,44
"nearby",6,31
"nearby",35,40
"nearby",10,24
"nearby",41,4
"nearby",37,35
"nearby",34,26
"nearby",21,29
"nearby",50,41
"nearby",37,20
"nearby",45,6
"nearby",48,1
"nearby",31,38
"nearby",14,15
"nearby",15,3
"nearby",43,9
"nearby",21,5
"nearby",3,45
"nearby",51,47
"nearby",11,40
"nearby",5,24
"nearby",24,5
"nearby",5,49
"nearby",34,42
"nearby",39,3
"nearby",1,31
"nearby",34,46
"nearby",28,8
"nearby",14,45
"nearby",21,10
"nearby",26,8
"nearby",46,45
"nearby",3,20
"nearby",30,19
"nearby",19,25
"nearby",18,16
"nearby",18,23
"nearby",29,33
"nearby",30,38
"nearby",19,3
"nearby",42,50
"nearby",15,10
"nearby",4,42
"nearby",34,20
"nearby",41,45
"nearby",3,13
"nearby",40,26
"nearby",4,45
"nearby",27,16
"nearby",34,16
"nearby",26,37
"nearby",15,2
"nearby",37,28
"nearby",34,11
"nearby",16,13
"nearby",24,2
"nearby",30,19
"nearby",27,27
"nearby",15,16
"nearby",43,48
"nearby",7,39
"nearby",35,12
"nearby",11,8
"nearby",41,36
"nearby",13,45
"nearby",41,34
"nearby",1,11
"nearby",2,45
"nearby",43,49
"nearby",15,8
"nearby",7,13
"nearby",23,40
"nearby",45,50
"nearby",2,47
"nearby",13,15
"nearby",5,8
"nearby",29,32
"nearby",44,43
"nearby",11,11
"nearby",8,13
"nearby",39,48
"nearby",36,5
"nearby",15,42
"nearby",29,26
"nearby",31,4
"nearby",32,25
"nearby",41,42
"nearby",17,49
"nearby",1,46
"nearby",48,23
"nearby",1,15
"nearby",13,9
"nearby",27,31
"nearby",16,23
"nearby",42,8
"nearby",18,48
"nearby",22,17
"nearby",14,17
"nearby",7,33
"nearby",24,24
"nearby",3,41
"nearby",48,41
"nearby",37,39
"nearby",38,41
"nearby",26,20
"nearby",25,13
"nearby",48,17
"nearby",26,50
"nearby",40,34
"nearby",21,21
"nearby",24,38
"nearby",46,31
"nearby",33,31
"nearby",37,8
"nearby",30,2
"nearby",9,14
"nearby",18,27
"nearby",51,44
"nearby",15,7
"nearby",43,13
"nearby",1,48
"nearby",44,45
"nearby",3,45
"nearby",51,45
"nearby",25,38
"nearby",36,37
"nearby",42,43
"nearby",29,14
"nearby",18,26
"nearby",26,43
"nearby",6,49
"nearby",18,42
"nearby",12,38
"nearby",37,32
"nearby",44,51
"nearby",29,24
"nearby",10,46
"nearby",14,10
"nearby",38,42
"nearby",19,30
"nearby",29,40
"nearby",34,44
"nearby",20,2
"nearby",15,3
"nearby",20,3
"nearby",26,10
"nearby",4,24
"nearby",37,49
"nearby",48,37
"nearby",32,11
"nearby",9,33
"nearby",37,47
"nearby",7,25
"nearby",29,28
"nearby",29,30
"nearby",4,39
"nearby",14,43
"nearby",21,1
"nearby",11,31
"nearby",8,17
"nearby",41,37
"nearby",20,40
"nearby",38,3
"nearby",21,24
"nearby",11,42
"nearby",16,10
"nearby",22,32
"nearby",43,42
"nearby",23,27
"nearby",51,51
"nearby",34,22
"nearby",22,9
"nearby",3,36
"nearby",14,18
"nearby",6,41
"nearby",29,22
"nearby",14,26
"nearby",17,29
"nearby",44,41
"nearby",19,33
"nearby",22,6
"nearby",8,48
"nearby",16,41
"nearby",42,6
"nearby",15,30
"nearby",11,24
"nearby",27,50
"nearby",26,42
"nearby",25,15
"nearby",49,46
"nearby",37,6
"nearby",23,4
"nearby",24,38
"nearby",40,24
"nearby",2,17
"nearby",22,32
"nearby",16,10
"nearby",25,13
"nearby",21,47
"nearby",10,2
"nearby",41,39
"nearby",28,2
"nearby",16,38
"nearby",34,31
"nearby",14,33
"nearby",38,17
"nearby",47,26
"nearby",41,44
"nearby",31,2
"nearby",36,18
"nearby",26,21
"nearby",5,35
"nearby",13,47
"nearby",2,18
"nearby",35,19
"nearby",36,5
"nearby",20,3
"nearby",4,45
"nearby",44,10
"nearby",18,38
"nearby",38,36
"nearby",10,9
"nearby",9,11
"nearby",31,11
"nearby",32,15
"nearby",9,5
"nearby",26,3
"nearby",16,25
"nearby",15,38
"nearby",19,44
"nearby",22,4
"nearby",13,5
"nearby",35,11
"nearby",29,16
"nearby",32,14
"nearby",9,21
"nearby",46,44
"nearby",26,3
"nearby",44,48
"nearby",6,25
"nearby",26,32
"nearby",46,39
"nearby",26,32
"nearby",11,41
"nearby",17,4
"nearby",5,11
"nearby",45,39
"nearby",24,9
"nearby",19,14
"nearby",6,36
"nearby",6,22
"nearby",21,46
"nearby",51,50
"nearby",12,8
"nearby",10,28
"nearby",38,42
"nearby",41,23
"nearby",18,14
"nearby",19,14
"nearby",45,3
"nearby",51,49
"nearby",23,45
"nearby",25,9
"nearby",35,29
"nearby",11,13
"nearby",4,7
"nearby",51,47
"nearby",29,34
"nearby",17,11
"nearby",49,44
"nearby",11,33
"nearby",2,44
"nearby",43,45
"nearby",13,23
"nearby",30,28
"nearby",27,28
"nearby",41,50
"nearby",18,22
"nearby",51,51
"nearby",47,46
"nearby",23,29
"nearby",31,13
"nearby",18,28
"nearby",27,7
"nearby",26,15
"nearby",18,3
"nearby",51,50
"nearby",51,41
"nearby",27,29
"nearby",50,38
"nearby",44,11
"nearby",50,46
"nearby",26,39
"nearby",37,35
"nearby",44,7
"nearby",22,10
"nearby",29,13
"nearby",9,1
"nearby",3,22
"nearby",24,8
"nearby",28,31
"nearby",46,29
"nearby",8,14
"nearby",4,33
"nearby",39,14
"nearby",14,25
"nearby",37,1
"nearby",30,11
"nearby",1,44
"nearby",4,28
"nearby",19,19
"nearby",2,30
"nearby",2,21
"nearby",51,51
"nearby",8,38
"nearby",31,21
"nearby",14,23
"nearby",39,7
"nearby",24,17
"nearby",12,47
"nearby",3,38
"nearby",18,25
"nearby",32,4
"nearby",5,50
"nearby",5,12
"nearby",5,24
"nearby",1,4
"nearby",8,4
"nearby",45,39
"nearby",42,36
"nearby",12,45
"nearby",2,26
"nearby",5,13
"nearby",49,45
"nearby",30,13
"nearby",31,25
"nearby",6,9
"nearby",15,4
"nearby",41,8
"nearby",37,47
"nearby",11,7
"nearby",31,14
"nearby",34,29
"nearby",5,36
"nearby",51,50
"nearby",7,33
"nearby",19,24
"nearby",31,50
"nearby",40,51
"nearby",5,9
"nearby",21,5
"nearby",32,36
"nearby",49,47
"nearby",12,46
"nearby",9,36
"nearby",28,40
"nearby",28,28
"nearby",33,49
"nearby",33,41
"nearby",9,25
"nearby",2,20
"nearby",48,33
"nearby",41,22
"nearby",36,43
"nearby",49,36
"nearby",18,22
"nearby",20,33
"nearby",25,38
"nearby",12,6
"nearby",5,31
"nearby",23,17
"nearby",19,13
"nearby",33,36
"nearby",15,13
"nearby",10,6
"nearby",39,26
"nearby",5,49
"nearby",32,35
"nearby",35,31
"nearby",25,20
"nearby",33,16
"nearby",23,3
"nearby",48,45
"nearby",28,13
"nearby",25,14
"nearby",4,35
"nearby",21,26
"nearby",24,34
"nearby",30,27
"nearby",47,38
"nearby",2,18
"nearby",24,28
"nearby",29,7
"nearby",20,37
"nearby",38,12
"nearby",1,26
"nearby",1,32
"nearby",13,31
"nearby",46,17
"nearby",24,46
"nearby",48,45
"nearby",29,15
"nearby",33,25
"nearby",50,47
"nearby",30,14
"nearby",10,1
"nearby",18,15
"nearby",41,39
"nearby",12,24
"nearby",29,45
"nearby",46,43
"nearby",3,20
"nearby",32,5
"nearby",31,34
"nearby",21,28
"nearby",36,25
"nearby",38,1
"nearby",49,19
"nearby",27,51
"nearby",35,23
"nearby",8,17
"nearby",48,43
"nearby",11,11
"nearby",5,32
"nearby",24,5
"nearby",14,9
"nearby",17,1
"nearby",46,50
"nearby",4,4
"nearby",33,12
"nearby",20,17
"nearby",42,38
"nearby",13,11
"nearby",9,3
"nearby",25,36
"nearby",15,29
"nearby",22,40
"nearby",9,49
"nearby",42,38
"nearby",27,10
"nearby",38,12
"nearby",27,22
"nearby",49,26
"nearby",39,39
"nearby",23,41
"nearby",50,50
"nearby",18,33
"nearby",4,4
"nearby",37,37
"nearby",38,23
"nearby",48,29
"nearby",22,44
"nearby",19,26
"nearby",48,35
"nearby",22,8
"nearby",50,48
"nearby",21,39
"nearby",4,25
"nearby",32,3
"nearby",4,31
"nearby",48,30
"nearby",18,5
"nearby",32,23
"nearby",3,15
"nearby",48,49
"nearby",3,30
"nearby",41,43
"nearby",20,21
"nearby",42,3
"nearby",37,29
"nearby",44,51
"nearby",38,13
"nearby",32,5
"nearby",3,19
"nearby",23,31
"nearby",40,3
"nearby",14,28
"nearby",43,8
"nearby",51,48
"nearby",40,39
"nearby",42,23
"nearby",27,15
"nearby",6,23
"nearby",31,39
"nearby",15,3
"nearby",22,36
"nearby",11,37
"nearby",12,35
"nearby",38,3
"nearby",7,14
"nearby",10,19
"nearby",31,25
"nearby",13,23
"nearby",3,21
"nearby",51,50
"nearby",12,19
"nearby",28,20
"nearby",33,12
"nearby",5,16
"nearby",39,36
"nearby",16,48
"nearby",18,18
"nearby",50,50
"nearby",4,46
"nearby",6,6
"nearby",16,13
"nearby",35,33
"nearby",16,1
"nearby",39,19
"nearby",49,28
"nearby",12,19
"nearby",32,20
"nearby",42,39
"nearby",34,28
"nearby",37,15
"nearby",22,37
"nearby",42,38
"nearby",46,43
"nearby",30,11
"nearby",32,26
"nearby",35,34
"nearby",41,31
"nearby",34,1
"nearby",14,11
"nearby",16,30
"nearby",12,27
"nearby",2,17
"nearby",48,47
"nearby",36,10
"nearby",4,3
"nearby",36,14
"nearby",27,28
"nearby",33,12
"nearby",20,2
"nearby",44,8
"nearby",1,26
"nearby",34,11
"nearby",44,30
"nearby",11,33
"nearby",1,4
"nearby",45,51
"nearby",4,14
"nearby",20,17
"nearby",45,9
"nearby",3,30
"nearby",51,49
"nearby",42,39
"nearby",17,16
"nearby",31,7
"nearby",41,4
"nearby",16,16
"nearby",15,1
"nearby",11,39
"nearby",14,14
"nearby",21,5
"nearby",49,45
"nearby",27,33
"nearby",43,24
"nearby",44,42
"nearby",20,11
"nearby",27,6
"nearby",10,1
"nearby",28,8
"nearby",42,29
"nearby",27,30
"nearby",3,31
"nearby",23,10
"nearby",31,42
"nearby",38,51
"nearby",10,23
"nearby",28,16
"nearby",14,10
"nearby",20,48
"nearby",46,51
"nearby",10,9
"nearby",37,19
"nearby",34,17
"nearby",4,28
"nearby",43,39
"nearby",47,48
"nearby",27,31
"nearby",15,20
"nearby",47,38
"nearby",32,22
"nearby",21,13
"nearby",14,18
"nearby",23,30
"nearby",31,29
"nearby",22,35
"nearby",12,41
"nearby",3,36
"nearby",5,42
"nearby",32,3
"nearby",25,28
"nearby",9,26
"nearby",30,19
"nearby",24,4
"nearby",4,24
"nearby",26,36
"nearby",33,11
"nearby",48,37
"nearby",47,23
"nearby",51,45
"nearby",38,16
"nearby",42,8
"nearby",4,10
"nearby",5,45
"nearby",45,6
"nearby",14,4
"nearby",7,27
"nearby",17,5
"nearby",40,25
"nearby",51,51
"nearby",30,1
"nearby",38,23
"nearby",19,44
"nearby",27,42
"nearby",25,2
"nearby",46,29
"nearby",6,35
"nearby",34,27
"nearby",33,49
"nearby",10,23
"nearby",51,44
"nearby",4,43
"nearby",20,34
"nearby",11,19
"nearby",39,32
"nearby",5,8
"nearby",3,30
"nearby",17,2
"nearby",35,16
"nearby",12,47
"nearby",22,36
"nearby",25,28
"nearby",36,5
"nearby",8,38
"nearby",35,30
"nearby",45,34
"nearby",19,10
"nearby",17,22
"nearby",19,33
"nearby",44,33
"nearby",48,50
"nearby",8,31
"nearby",17,22
"nearby",33,16
"nearby",24,41
"nearby",42,2
"nearby",8,6
"nearby",42,1
"nearby",5,22
"nearby",41,13
"nearby",22,18
"nearby",4,32
"nearby",10,15
"nearby",31,27
"nearby",6,17
"nearby",13,39
"nearby",36,2
"nearby",41,22
"nearby",21,16
"nearby",2,17
"nearby",12,4
"nearby",40,26
"nearby",31,14
"nearby",41,51
"nearby",26,6
"nearby",42,36
"nearby",50,40
"nearby",32,8
"nearby",7,30
"nearby",42,17
"nearby",39,4
"nearby",14,41
"nearby",6,25
"nearby",21,4
"nearby",50,33
"nearby",49,46
"nearby",14,13
"nearby",39,2
"nearby",4,35
"nearby",8,16
"nearby",11,34
"nearby",21,17
"nearby",41,25
"nearby",47,48
"nearby",30,34
"nearby",18,21
"nearby",33,16
"nearby",14,37
"nearby",50,42
"nearby",33,20
"nearby",13,40
"nearby",10,25
"nearby",19,45
"nearby",6,33
"nearby",15,20
"nearby",39,40
"nearby",29,38
"nearby",34,30
"nearby",27,24
"nearby",11,32
"nearby",21,45
"nearby",38,44
"nearby",1,21
"nearby",8,43
"nearby",44,39
"nearby",33,8
"nearby",50,43
"nearby",1,19
"nearby",16,32
"nearby",31,25
"nearby",16,29
"nearby",14,29
"nearby",35,10
"nearby",23,21
"nearby",15,7
"nearby",11,5
"nearby",8,46
"nearby",30,27
"nearby",9,35
"nearby",33,22
"nearby",34,9
"nearby",11,27
"nearby",16,4
"nearby",18,12
"nearby",46,42
"nearby",45,17
"nearby",1,4
"nearby",16,50
"nearby",41,24
"nearby",4,15
"nearby",12,26
"nearby",41,1
"nearby",6,18
"nearby",46,40
"nearby",21,40
"nearby",9,41
"nearby",18,42
"nearby",44,50
"nearby",26,36
"nearby",26,7
"nearby",10,7
"nearby",9,11
"nearby",41,48
"nearby",9,38
"nearby",46,39
"nearby",47,31
"nearby",45,46
"nearby",14,31
"nearby",4,27
"nearby",3,48
"nearby",7,31
"nearby",25,49
"nearby",23,2
"nearby",18,44
"nearby",39,17
"nearby",17,15
"nearby",5,26
"nearby",5,8
"nearby",42,30
"nearby",24,9
"nearby",35,38
"nearby",34,16
"nearby",12,34
"nearby",44,19
"nearby",1,31
"nearby",39,24
"nearby",40,21
"nearby",42,33
"nearby",26,12
"nearby",26,1
"nearby",3,10
"nearby",43,50
"nearby",42,45
"nearby",5,49
"nearby",11,28
"nearby",31,15
"nearby",32,17
"nearby",10,23
"nearby",10,26
"nearby",27,29
"nearby",18,6
"nearby",37,40
"nearby",41,44
"nearby",32,37
"nearby",17,3
"nearby",51,49
"nearby",6,22
"nearby",30,33
"nearby",11,1
"nearby",38,1
"nearby",46,33
"nearby",42,21
"nearby",23,21
"nearby",42,31
"nearby",18,11
"nearby",31,12
"nearby",3,21
"nearby",28,8
"nearby",2,2
"nearby",9,41
"nearby",13,46
"nearby",40,49
"nearby",49,41
"nearby",7,25
"nearby",51,50
"nearby",49,46
"nearby",34,16
"nearby",34,19
"nearby",31,23
"nearby",16,39
"nearby",4,33
"nearby",16,25
"nearby",11,41
"nearby",44,18
"nearby",4,8
"nearby",14,27
"nearby",39,24
"nearby",14,41
"nearby",27,25
"nearby",41,48
"nearby",40,1
"nearby",48,50
"nearby",10,38
"nearby",6,14
"nearby",34,32
"nearby",33,3
"nearby",18,6
"nearby",16,18
"nearby",6,23
"nearby",31,29
"nearby",13,29
"nearby",9,34
"nearby",7,17
"nearby",38,29
"nearby",17,3
"nearby",27,1
"nearby",39,37
"nearby",16,40
"nearby",22,43
"nearby",35,40
"nearby",31,5
"nearby",48,40
"nearby",2,46
"nearby",34,3
"nearby",16,37
"nearby",29,15
"nearby",22,15
"nearby",20,18
"nearby",8,34
"nearby",29,34
"nearby",37,33
"nearby",2,19
"nearby",28,46
"nearby",3,32
"nearby",37,26
"nearby",42,3
"nearby",1,32
"nearby",12,19
"nearby",11,40
"nearby",45,21
"nearby",12,14
"nearby",46,4
"nearby",36,31
"nearby",36,32
"nearby",12,30
"nearby",29,18
"nearby",13,46
"nearby",28,19
"nearby",6,29
"nearby",13,12
"nearby",51,51
"nearby",3,11
"nearby",23,29
"nearby",40,14
"nearby",4,39
"nearby",40,29
"nearby",8,16
"nearby",4,46
"nearby",29,4
"nearby",3,11
"nearby",46,7
"nearby",43,23
"nearby",24,1
"nearby",24,2
"nearby",34,1
"nearby",21,13
"nearby",7,9
"nearby",2,30
"nearby",51,50
"nearby",4,46
"nearby",32,35
"nearby",3,47
"nearby",20,7
"nearby",21,2
"nearby",40,11
"nearby",32,12
"nearby",26,20
"nearby",43,50
"nearby",3,21
"nearby",27,16
"nearby",37,33
"nearby",44,35
"nearby",39,23
"nearby",12,27
"nearby",19,42
"nearby",2,22
"nearby",23,23
"nearby",35,36
"nearby",39,37
"nearby",18,11
"nearby",49,28
"nearby",37,30
"nearby",29,32
"nearby",3,10
"nearby",14,36
"nearby",12,5
"nearby",26,25
"nearby",8,5
"nearby",31,2
"nearby",8,4
"nearby",32,12
"nearby",49,36
"nearby",30,32
"nearby",38,23
"nearby",51,51
"nearby",9,49
"nearby",31,4
"nearby",32,20
"nearby",3,13
"nearby",14,42
"nearby",16,33
"nearby",5,15
"nearby",28,42
"nearby",13,41
"nearby",5,27
"nearby",47,51
"nearby",49,34
"nearby",51,44
"nearby",37,16
"nearby",31,24
"nearby",49,46
"nearby",16,23
"nearby",31,12
"nearby",23,12
"nearby",47,39
"nearby",13,36
"nearby",49,47
"nearby",51,51
"nearby",13,42
"nearby",4,10
"nearby",46,51
"nearby",25,46
"nearby",24,6
"nearby",13,37
"nearby",25,47
"nearby",26,11
"nearby",37,11
"nearby",40,31
"nearby",19,13
"nearby",36,46
"nearby",25,48
"nearby",5,34
"nearby",20,23
"nearby",24,9
"nearby",29,28
"nearby",23,4
"nearby",31,24
"nearby",17,22
"nearby",18,26
"nearby",10,7
"nearby",51,49
"nearby",18,29
"nearby",42,48
"nearby",35,6
"nearby",17,6
"nearby",40,13
"nearby",42,40
"nearby",13,32
"nearby",25,13
"nearby",31,16
"nearby",47,35
"nearby",32,41
"nearby",33,37
"nearby",43,34
"nearby",12,4
"nearby",29,32
"nearby",16,19
"nearby",45,48
"nearby",3,20
"nearby",19,47
"nearby",28,42
"nearby",12,35
"nearby",29,25
"nearby",28,51
"nearby",28,39
"nearby",20,2
"nearby",45,42
"nearby",29,24
"nearby",23,29
"nearby",34,14
"nearby",42,7
"nearby",47,43
"nearby",44,43
"nearby",24,16
"nearby",14,26
"nearby",36,47
"nearby",6,49
"nearby",17,31
"nearby",50,28
"nearby",31,6
"nearby",32,51
"nearby",46,11
"nearby",50,48
"nearby",47,29
"nearby",28,12
"nearby",46,35
"nearby",32,14
"nearby",26,1
"nearby",50,43
"nearby",41,25
"nearby",14,11
"nearby",18,32
"nearby",48,36
"nearby",44,42
"nearby",37,26
"nearby",10,38
"nearby",48,39
"nearby",28,33
"nearby",31,39
"nearby",45,44
"nearby",36,39
"nearby",42,23
"nearby",38,43
"nearby",4,28
"nearby",14,41
"nearby",38,46
"nearby",16,27
"nearby",38,3
"nearby",35,38
"nearby",16,37
"nearby",22,10
"nearby",16,33
"nearby",16,22
"nearby",18,40
"nearby",13,34
"nearby",23,19
"nearby",19,30
"nearby",16,30
"nearby",34,16
"nearby",33,47
"nearby",38,35
"nearby",2,48
"nearby",5,48
"nearby",18,27
"nearby",2,17
"nearby",28,20
"nearby",48,6
"nearby",3,26
"nearby",38,51
"nearby",46,38
"nearby",28,31
"nearby",4,45
"nearby",31,32
"nearby",9,25
"nearby",40,42
"nearby",41,10
"nearby",35,13
"nearby",9,42
"nearby",11,46
"nearby",36,38
"nearby",15,49
"nearby",27,10
"nearby",16,49
"nearby",49,46
"nearby",51,50
"nearby",40,3
"nearby",5,1
"nearby",40,23
"nearby",50,30
"nearby",9,25
"nearby",10,45
"nearby",4,34
"nearby",46,23
"nearby",6,16
"nearby",36,43
"nearby",37,33
"nearby",17,41
"nearby",28,16
"nearby",8,19
"nearby",14,41
"nearby",3,30
"nearby",31,39
"nearby",5,38
"nearby",9,41
"nearby",30,34
"nearby",44,41
"nearby",2,39
"nearby",32,39
"nearby",19,35
"nearby",8,34
"nearby",30,5
"nearby",51,51
"nearby",42,50
"nearby",49,48
"nearby",9,4
"nearby",31,37
"nearby",5,46
"nearby",19,9
"nearby",10,15
"nearby",12,27
"nearby",36,36
"nearby",1,41
"nearby",48,20
"nearby",33,15
"nearby",31,37
"nearby",12,3
"nearby",39,48
"nearby",32,21
"nearby",43,41
"nearby",25,10
"nearby",23,5
"nearby",35,37
"nearby",30,25
"nearby",45,47
"nearby",49,35
"nearby",2,48
"nearby",51,49
"nearby",16,19
"nearby",29,12
"nearby",19,12
"nearby",35,2
"nearby",22,30
"nearby",29,31
"nearby",49,41
"nearby",33,30
"nearby",4,16
"nearby",13,37
"nearby",47,36
"nearby",5,26
"nearby",7,16
"nearby",24,40
"nearby",33,23
"nearby",31,24
"nearby",31,51
"nearby",46,44
"nearby",43,43
"nearby",27,25
"nearby",21,22
"nearby",46,14
"nearby",29,37
"nearby",40,12
"nearby",3,8
"nearby",18,22
"nearby",10,42
"nearby",2,18
"nearby",17,4
"nearby",29,48
"nearby",34,19
"nearby",14,14
"nearby",48,22
"nearby",37,19
"nearby",1,39
"nearby",9,14
"nearby",50,45
"nearby",3,2
"nearby",38,38
"nearby",25,44
"nearby",36,10
"nearby",49,31
"nearby",18,2
"nearby",44,7
"nearby",8,48
"nearby",17,8
"nearby",7,15
"nearby",8,3
"nearby",5,39
"nearby",24,7
"nearby",48,49
"nearby",47,37
"nearby",30,31
"nearby",20,18
"nearby",19,14
"nearby",14,31
"nearby",20,12
"nearby",50,21
"nearby",12,4
"nearby",16,11
"nearby",24,23
"nearby",1,25
"nearby",25,3
"nearby",43,11
"nearby",33,18
"nearby",6,31
"nearby",36,3
"nearby",11,14
"nearby",23,38
"nearby",3,40
"nearby",47,46
"nearby",48,47
"nearby",13,34
"nearby",19,30
"nearby",40,42
"nearby",16,25
"nearby",21,29
"nearby",39,24
"nearby",10,24
"nearby",50,40
"nearby",15,14
"nearby",8,28
"nearby",48,19
"nearby",9,8
"nearby",22,48
"nearby",19,10
"nearby",29,21
"nearby",25,1
"nearby",30,22
"nearby",10,51
"nearby",30,38
"nearby",45,36
"nearby",43,40
"nearby",9,8
"nearby",15,46
"nearby",51,49
"nearby",50,48
"nearby",27,42
"nearby",42,3
"nearby",12,4
"nearby",45,44
"nearby",45,45
"nearby",44,44
"nearby",23,22
"nearby",34,3
"nearby",34,1
"nearby",39,4
"nearby",46,40
"nearby",11,41
"nearby",10,26
"nearby",41,6
"nearby",36,6
"nearby",37,9
"nearby",45,48
"nearby",20,26
"nearby",24,15
"nearby",17,49
"nearby",12,22
"nearby",34,38
"nearby",13,11
"nearby",19,40
"nearby",43,45
"nearby",6,30
"nearby",7,40
"nearby",31,34
"nearby",21,10
"nearby",37,7
"nearby",17,45
"nearby",21,41
"nearby",19,9
"nearby",36,50
"nearby",50,36
"nearby",20,27
"nearby",22,48
"nearby",42,31
"nearby",7,18
"nearby",16,37
"nearby",10,9
"nearby",49,49
"nearby",22,3
"nearby",34,9
"nearby",1,5
"nearby",23,46
"nearby",25,15
"nearby",50,45
"nearby",28,31
"nearby",17,31
"nearby",40,9
"nearby",1,43
"nearby",27,29
"nearby",19,34
"nearby",32,5
"nearby",23,50
"nearby",39,15
"nearby",48,40
"nearby",9,31
"nearby",34,49
"nearby",14,7
"nearby",15,49
"nearby",8,22
"nearby",39,6
"nearby",4,31
"nearby",37,37
"nearby",1,25
"nearby",38,35
"nearby",22,12
"nearby",20,12
"nearby",32,7
"nearby",2,50
"nearby",26,4
"nearby",34,11
"nearby",2,12
"nearby",40,13
"nearby",37,39
"nearby",26,16
"nearby",27,39
"nearby",16,2
"nearby",48,50
"nearby",12,40
"nearby",15,18
"nearby",40,32
"nearby",42,42
"nearby",26,27
"nearby",24,26
"nearby",24,31
"nearby",42,50
"nearby",13,9
"nearby",42,43
"nearby",25,12
"nearby",27,24
"nearby",28,5
"nearby",37,10
"nearby",29,25
"nearby",36,47
"nearby",7,8
"nearby",42,33
"nearby",21,26
"nearby",32,46
"nearby",26,35
"nearby",15,24
"nearby",3,33
"nearby",34,32
"nearby",13,36
"nearby",2,9
"nearby",14,33
"nearby",43,5
"nearby",4,37
"nearby",11,45
"nearby",7,37
"nearby",35,20
"nearby",43,9
"nearby",13,18
"nearby",10,31
"nearby",39,51
"nearby",12,19
"nearby",14,20
"nearby",33,8
"nearby",19,20
"nearby",37,9
"nearby",48,39
"nearby",26,13
"nearby",21,35
"nearby",17,34
"nearby",6,24
"nearby",18,31
"nearby",30,24
"nearby",13,19
"nearby",51,49
"nearby",17,23
"nearby",38,11
"nearby",32,32
"nearby",3,28
"nearby",33,45
"nearby",13,24
"nearby",34,22
"nearby",22,39
"nearby",42,36
"nearby",34,3
"nearby",31,17
"nearby",17,17
"nearby",2,23
"nearby",34,25
"nearby",23,6
"nearby",21,36
"nearby",40,10
"nearby",36,46
"nearby",20,25
"nearby",37,19
"nearby",22,2
"nearby",39,10
"nearby",12,30
"nearby",42,34
"nearby",45,20
"nearby",29,35
"nearby",18,26
"nearby",21,16
"nearby",3,9
"nearby",31,22
"nearby",50,50
"nearby",31,21
"nearby",41,50
"nearby",30,3
"nearby",51,44
"nearby",19,30
"nearby",24,3
"nearby",48,49
"nearby",45,38
"nearby",34,49
"nearby",22,47
"nearby",15,1
"nearby",33,4
"nearby",13,35
"nearby",1,5
"nearby",41,27
"nearby",21,25
"nearby",7,23
"nearby",1,25
"nearby",12,32
"nearby",5,30
"nearby",34,6
"nearby",5,33
"nearby",24,7
"nearby",27,17
"nearby",20,2
"nearby",17,2
"nearby",17,16
"nearby",2,2
"nearby",47,5
"nearby",13,17
"nearby",34,32
"nearby",35,25
"nearby",24,46
"nearby",31,10
"nearby",24,19
"nearby",22,31
"nearby",37,21
"nearby",5,5
"nearby",20,40
"nearby",4,33
"nearby",10,32
"nearby",23,40
"nearby",42,36
"nearby",41,8
"nearby",18,13
"nearby",39,38
"nearby",48,46
"nearby",31,25
"nearby",27,33
"nearby",48,40
"nearby",46,46
"nearby",37,38
"nearby",43,5
"nearby",10,37
"nearby",38,20
"nearby",18,12
"nearby",33,29
"nearby",17,28
"nearby",18,30
"nearby",12,1
"nearby",14,15
"nearby",20,15
"nearby",36,16
"nearby",18,34
"nearby",27,27
"nearby",29,7
"nearby",35,28
"nearby",1,43
"nearby",29,16
"nearby",18,13
"nearby",10,7
"nearby",31,29
"nearby",7,47
"nearby",25,32
"nearby",46,27
"nearby",5,35
"nearby",12,15
"nearby",12,1
"nearby",50,49
"nearby",1,22
"nearby",31,26
"nearby",31,44
"nearby",39,26
"nearby",1,9
"nearby",50,18
"nearby",17,44
"nearby",25,47
"nearby",10,4
"nearby",19,15
"nearby",1,42
"nearby",43,45
"nearby",11,18
"nearby",42,29
"nearby",19,17
"nearby",14,6
"nearby",24,42
"nearby",28,8
"nearby",15,8
"nearby",8,18
"nearby",46,51
"nearby",21,27
"nearby",7,35
"nearby",46,36
"nearby",43,43
"nearby",40,51
"nearby",6,32
"nearby",25,39
"nearby",26,44
"nearby",20,14
"nearby",17,23
"nearby",11,29
"nearby",50,47
"nearby",37,19
"nearby",51,50
"nearby",8,24
"nearby",28,39
"nearby",8,37
"nearby",42,40
"nearby",25,28
"nearby",14,8
"nearby",4,10
"nearby",13,40
"nearby",40,29
"nearby",46,22
"nearby",51,48
"nearby",41,12
"nearby",27,8
"nearby",8,25
"nearby",22,18
"nearby",17,25
"nearby",3,38
"nearby",3,14
"nearby",49,49
"nearby",30,21
"nearby",3,49
"nearby",25,23
"nearby",15,16
"nearby",32,35
"nearby",13,45
"nearby",38,3
"nearby",28,7
"nearby",35,19
"nearby",2,38
"nearby",40,10
"nearby",49,48
"nearby",51,49
"nearby",43,34
"nearby",18,38
"nearby",21,9
"nearby",35,17
"nearby",48,25
"nearby",50,32
"nearby",4,1
"nearby",42,40
"nearby",16,29
"nearby",46,33
"nearby",30,4
"nearby",35,47
"nearby",15,30
"nearby",16,11
"nearby",4,3
"nearby",40,46
"nearby",45,50
"nearby",25,35
"nearby",16,3
"nearby",9,30
"nearby",22,18
"nearby",6,7
"nearby",1,14
"nearby",9,10
"nearby",7,34
"nearby",25,18
"nearby",14,8
"nearby",39,25
"nearby",4,33
"nearby",12,45
"nearby",18,6
"nearby",23,5
"nearby",23,44
"nearby",17,19
"nearby",49,45
"nearby",15,27
"nearby",48,49
"nearby",33,33
"nearby",18,35
"nearby",4,18
"nearby",34,31
"nearby",44,49
"nearby",50,47
"nearby",17,21
"nearby",28,33
"nearby",10,45
"nearby",13,21
"nearby",39,21
"nearby",40,48
"nearby",28,17
"nearby",32,20
"nearby",51,51
"nearby",47,45
"nearby",44,35
"nearby",21,43
"nearby",19,35
"nearby",21,12
"nearby",44,37
"nearby",17,1
"nearby",8,45
"nearby",11,21
"nearby",12,50
"nearby",14,32
"nearby",21,2
"nearby",5,24
"nearby",34,31
"nearby",39,5
"nearby",5,11
"nearby",38,6
"nearby",3,41
"nearby",27,13
"nearby",16,20
"nearby",19,47
"nearby",25,8
"nearby",32,48
"nearby",9,15
"nearby",30,8
"nearby",28,48
"nearby",36,32
"nearby",48,50
"nearby",18,17
"nearby",33,19
"nearby",5,37
"nearby",29,9
"nearby",36,16
"nearby",14,14
"nearby",6,31
"nearby",26,1
"nearby",39,24
"nearby",51,49
"nearby",17,12
"nearby",51,51
"nearby",43,28
"nearby",34,12
"nearby",2,5
"nearby",23,8
"nearby",33,31
"nearby",49,36
"nearby",46,51
"nearby",37,11
"nearby",17,22
"nearby",8,6
"nearby",24,42
"nearby",51,51
"nearby",25,8
"nearby",7,22
"nearby",8,38
"nearby",5,46
"nearby",4,34
"nearby",31,3
"nearby",38,28
"nearby",33,49
"nearby",44,40
"nearby",30,5
"nearby",9,48
"nearby",8,16
"nearby",32,1
"nearby",13,41
"nearby",16,42
"nearby",7,36
"nearby",11,37
"nearby",5,46
"nearby",22,4
"nearby",41,51
"nearby",6,25
"nearby",49,37
"nearby",32,42
"nearby",1,45
"nearby",49,47
"nearby",13,4
"nearby",40,44
"nearby",22,12
"nearby",9,22
"nearby",7,13
"nearby",10,38
"nearby",20,38
"nearby",21,39
"nearby",43,4
"nearby",1,12
"nearby",2,45
"nearby",8,19
"nearby",49,33
"nearby",24,42
"nearby",17,23
"nearby",7,4
"nearby",6,43
"nearby",25,42
"nearby",30,50
"nearby",7,2
"nearby",41,34
"nearby",12,37
"nearby",6,39
"nearby",31,10
"nearby",1,43
"nearby",11,49
"nearby",31,23
"nearby",45,32
"nearby",43,42
"nearby",35,19
"nearby",4,1
"nearby",12,20
"nearby",36,39
"nearby",11,28
"nearby",35,4
"nearby",44,47
"nearby",26,46
"nearby",14,8
"nearby",18,18
"nearby",11,20
"nearby",44,28
"nearby",2,30
"nearby",5,9
"nearby",6,13
"nearby",18,19
"nearby",45,22
"nearby",34,12
"nearby",7,32
"nearby",42,13
"nearby",27,14
"nearby",24,7
"nearby",27,7
"nearby",36,25
"nearby",50,34
"nearby",31,17
"nearby",1,6
"nearby",40,37
"nearby",30,38
"nearby",37,26
"nearby",33,51
"nearby",19,45
"nearby",35,6
"nearby",38,34
"nearby",12,24
"nearby",2,27
"nearby",37,41
"nearby",3,27
"nearby",20,2
"nearby",42,51
"nearby",20,20
"nearby",29,3
"nearby",12,44
"nearby",41,42
"nearby",34,30
"nearby",21,20
"nearby",39,26
"nearby",11,42
"nearby",29,2
"nearby",46,32
"nearby",2,12
"nearby",19,20
"nearby",32,5
"nearby",31,22
"nearby",23,27
"nearby",18,47
"nearby",12,40
"nearby",24,44
"nearby",46,4
"nearby",13,37
"nearby",39,48
"nearby",29,47
"nearby",31,22
"nearby",18,27
"nearby",27,26
"nearby",36,36
"nearby",36,35
"nearby",47,35
"nearby",3,50
"nearby",4,29
"nearby",16,29
"nearby",15,1
"nearby",21,39
"nearby",19,3
"nearby",24,8
"nearby",13,6
"nearby",1,39
"nearby",39,20
"nearby",26,39
"nearby",2,48
"nearby",19,37
"nearby",18,20
"nearby",9,10
"nearby",33,24
"nearby",4,32
"nearby",7,30
"nearby",6,2
"nearby",39,27
"nearby",21,25
"nearby",36,8
"nearby",38,25
"nearby",48,38
"nearby",32,22
"nearby",20,26
"nearby",22,25
"nearby",23,23
"nearby",7,31
"nearby",42,38
"nearby",15,13
"nearby",33,3
"nearby",31,29
"nearby",4,32
"nearby",44,34
"nearby",9,24
"nearby",28,13
"nearby",3,36
"nearby",42,40
"nearby",46,43
"nearby",12,40
"nearby",13,2
"nearby",15,47
"nearby",34,13
"nearby",17,12
"nearby",42,46
"nearby",3,32
"nearby",51,51
"nearby",37,16
"nearby",51,46
"nearby",40,34
"nearby",24,19
"nearby",14,7
"nearby",10,11
"nearby",22,14
"nearby",36,42
"nearby",2,25
"nearby",49,51
"nearby",24,4
"nearby",6,49
"nearby",26,29
"nearby",32,8
"nearby",46,48
"nearby",40,3
"nearby",1,6
"nearby",12,5
"nearby",41,32
"nearby",20,20
"nearby",31,11
"nearby",26,26
"nearby",35,21
"nearby",27,28
"nearby",6,5
"nearby",13,10
"nearby",2,45
"nearby",47,46
"nearby",20,51
"nearby",4,32
"nearby",14,26
"nearby",35,40
"nearby",27,4
"nearby",27,26
"nearby",17,22
"nearby",6,30
"nearby",14,27
"nearby",14,40
"nearby",44,23
"nearby",27,22
"nearby",51,51
"nearby",45,25
"nearby",8,14
"nearby",15,9
"nearby",46,19
"nearby",46,40
"nearby",4,34
"nearby",17,21
"nearby",15,18
"nearby",9,23
"nearby",21,51
"nearby",6,2
"nearby",44,42
"nearby",16,31
"nearby",41,21
"nearby",11,48
"nearby",24,17
"nearby",26,12
"nearby",45,12
"nearby",47,25
"nearby",49,49
"nearby",21,32
"nearby",6,30
"nearby",36,21
"nearby",11,6
"nearby",17,23
"nearby",9,21
"nearby",4,43
"nearby",27,32
"nearby",4,10
"nearby",34,34
"nearby",20,23
"nearby",23,21
"nearby",21,3
"nearby",34,35
"nearby",35,43
"nearby",3,26
"nearby",38,6
"nearby",26,46
"nearby",30,21
"nearby",39,14
"nearby",48,38
"nearby",12,18
"nearby",37,22
"nearby",48,41
"nearby",35,30
"nearby",46,37
"nearby",35,8
"nearby",46,11
"nearby",44,16
"nearby",36,50
"nearby",9,49
"nearby",3,41
"nearby",29,45
"nearby",37,6
"nearby",26,43
"nearby",8,10
"nearby",11,22
"nearby",1,19
"nearby",47,42
"nearby",25,38
"nearby",6,36
"nearby",25,15
"nearby",21,32
"nearby",1,1
"nearby",9,26
"nearby",51,37
"nearby",44,45
"nearby",49,51
"nearby",46,39
"nearby",14,24
"nearby",16,12
"nearby",4,51
"nearby",50,17
"nearby",43,10
"nearby",9,40
"nearby",23,13
"nearby",43,48
"nearby",40,46
"nearby",7,51
"nearby",46,23
"nearby",19,24
"nearby",23,19
"nearby",49,39
"nearby",31,11
"nearby",28,7
"nearby",16,17
"nearby",38,44
"nearby",31,9
"nearby",2,41
"nearby",26,37
"nearby",22,10
"nearby",1,26
"nearby",22,19
"nearby",16,7
"nearby",10,26
"nearby",42,22
"nearby",14,9
"nearby",4,6
"nearby",34,34
"nearby",45,26
"nearby",50,42
"nearby",40,16
"nearby",45,15
"nearby",4,27
"nearby",1,10
"nearby",17,16
"nearby",45,50
"nearby",31,32
"nearby",30,6
"nearby",50,51
"nearby",48,43
"nearby",15,37
"nearby",43,44
"nearby",19,34
"nearby",13,27
"nearby",12,41
"nearby",13,48
"nearby",41,43
"nearby",30,33
"nearby",38,17
"nearby",36,12
"nearby",18,17
"nearby",43,12
"nearby",9,34
"nearby",23,41
"nearby",1,45
"nearby",37,50
"nearby",32,10
"nearby",47,41
"nearby",12,25
"nearby",3,42
"nearby",47,28
"nearby",31,43
"nearby",17,43
"nearby",10,36
"nearby",38,8
"nearby",38,29
"nearby",35,35
"nearby",37,41
"nearby",44,47
"nearby",51,46
"nearby",25,30
"nearby",6,30
"nearby",29,32
"nearby",33,5
"nearby",4,7
"nearby",11,8
"nearby",22,10
"nearby",31,2
"nearby",12,29
"nearby",50,49
"nearby",7,7
"nearby",2,45
"nearby",49,48
"nearby",8,22
"nearby",18,7
"nearby",15,28
"nearby",15,12
"nearby",2,33
"nearby",16,38
"nearby",33,40
"nearby",35,28
"nearby",20,2
"nearby",44,30
"nearby",5,17
"nearby",17,1
"nearby",28,46
"nearby",13,42
"nearby",49,46
"nearby",37,27
"nearby",11,43
"nearby",47,17
"nearby",2,35
"nearby",4,37
"nearby",23,15
"nearby",5,18
"nearby",16,1
"nearby",5,6
"nearby",1,48
"nearby",19,33
"nearby",50,34
"nearby",24,37
"nearby",36,50
"nearby",10,7
"nearby",28,8
"nearby",1,42
"nearby",8,10
"nearby",27,7
"nearby",25,22
"nearby",51,45
"nearby",34,14
"nearby",30,8
"nearby",3,34
"nearby",19,20
"nearby",26,20
"nearby",26,47
"nearby",3,10
"nearby",48,51
"nearby",35,38
"nearby",14,35
"nearby",21,45
"nearby",37,6
"nearby",11,31
"nearby",35,30
"nearby",26,12
"nearby",28,15
"nearby",12,1
"nearby",31,9
"nearby",25,5
"nearby",44,42
"nearby",44,39
"nearby",17,10
"nearby",8,27
"nearby",35,12
"nearby",36,45
"nearby",31,8
"nearby",48,14
"nearby",39,42
"nearby",7,13
"nearby",4,43
"nearby",29,6
"nearby",13,31
"nearby",1,15
"nearby",13,33
"nearby",22,37
"nearby",19,21
"nearby",44,39
"nearby",48,44
"nearby",49,47
"nearby",41,25
"nearby",6,4
"nearby",13,25
"nearby",35,3
"nearby",4,28
"nearby",10,1
"nearby",20,16
"nearby",19,1
"nearby",51,48
"nearby",35,49
"nearby",1,39
"nearby",4,12
"nearby",42,18
"nearby",14,50
"nearby",5,2
"nearby",1,21
"nearby",11,31
"nearby",43,44
"nearby",49,51
"nearby",41,38
"nearby",12,33
"nearby",21,25
"nearby",19,42
"nearby",2,14
"nearby",4,24
"nearby",40,8
"nearby",41,24
"nearby",51,50
"nearby",2,46
"nearby",20,38
"nearby",41,6
"nearby",39,49
"nearby",43,44
"nearby",27,38
"nearby",41,7
"nearby",34,27
"nearby",11,6
"nearby",9,49
"nearby",44,50
"nearby",10,4
"nearby",37,32
"nearby",14,19
"nearby",42,27
"nearby",13,42
"nearby",23,39
"nearby",14,23
"nearby",21,32
"nearby",19,36
"nearby",44,38
"nearby",24,19
"nearby",48,23
"nearby",6,32
"nearby",13,16
"nearby",33,6
"nearby",33,24
"nearby",36,19
"nearby",50,42
"nearby",11,32
"nearby",10,4
"nearby",13,17
"nearby",38,11
"nearby",3,44
"nearby",9,11
"nearby",28,21
"nearby",37,18
"nearby",30,4
"nearby",16,44
"nearby",20,21
"nearby",8,14
"nearby",47,51
"nearby",14,7
"nearby",49,42
"nearby",43,12
"nearby",8,49
"nearby",17,28
"nearby",16,30
"nearby",16,10
"nearby",30,1
"nearby",16,28
"nearby",48,40
"nearby",26,10
"nearby",40,34
"nearby",25,21
"nearby",23,18
"nearby",34,39
"nearby",15,3
"nearby",34,43
"nearby",5,21
"nearby",42,23
"nearby",43,30
"nearby",1,13
"nearby",40,5
"nearby",12,13
"nearby",7,14
"nearby",12,8
"nearby",38,9
"nearby",43,7
"nearby",18,2
"nearby",31,30
"nearby",51,51
"nearby",33,12
"nearby",29,42
"nearby",20,48
"nearby",34,18
"nearby",35,2
"nearby",30,35
"nearby",12,13
"nearby",23,7
"nearby",39,30
"nearby",31,16
"nearby",4,51
"nearby",32,1
"nearby",37,29
"nearby",33,24
"nearby",47,50
"nearby",29,40
"nearby",50,51
"nearby",51,50
"nearby",37,5
"nearby",20,48
"nearby",29,15
"nearby",40,2
"nearby",37,22
"nearby",17,49
"nearby",43,32
"nearby",38,50
"nearby",6,21
"nearby",15,15
"nearby",46,12
"nearby",17,20
"nearby",31,17
"nearby",35,45
"nearby",21,41
"nearby",26,16
"nearby",15,22
"nearby",8,47
"nearby",32,3
"nearby",34,43
"nearby",33,32
"nearby",14,6
"nearby",16,11
"nearby",10,16
"nearby",47,44
"nearby",36,1
"nearby",32,17
"nearby",17,21
"nearby",12,16
"nearby",34,24
"nearby",13,19
"nearby",18,29
"nearby",43,22
"nearby",12,22
"nearby",17,6
"nearby",27,28
"nearby",10,12
"nearby",15,42
"nearby",42,36
"nearby",44,47
"nearby",23,32
"nearby",10,23
"nearby",50,49
"nearby",22,24
"nearby",24,18
"nearby",24,13
"nearby",17,31
"nearby",16,9
"nearby",23,13
"nearby",44,11
"nearby",47,33
"nearby",1,4
"nearby",6,14
"nearby",47,50
"nearby",20,23
"nearby",48,31
"nearby",36,30
"nearby",1,20
"nearby",19,11
"nearby",19,7
"nearby",16,21
"nearby",27,20
"nearby",13,10
"nearby",18,9
"nearby",21,1
"nearby",31,9
"nearby",36,28
"nearby",29,11
"nearby",24,34
"nearby",51,50
"nearby",14,37
"nearby",35,10
"nearby",12,35
"nearby",19,51
"nearby",22,18
"nearby",45,31
"nearby",8,32
"nearby",20,14
"nearby",35,46
"nearby",3,14
"nearby",45,46
"nearby",29,7
"nearby",50,51
"nearby",45,36
"nearby",51,41
"nearby",23,30
"nearby",26,39
"nearby",38,12
"nearby",14,20
"nearby",15,22
"nearby",32,3
"nearby",7,15
"nearby",35,30
"nearby",29,13
"nearby",5,1
"nearby",31,33
"nearby",17,15
"nearby",32,26
"nearby",21,22
"nearby",16,38
"nearby",39,50
"nearby",8,44
"nearby",11,5
"nearby",16,39
"nearby",48,42
"nearby",27,6
"nearby",16,38
"nearby",28,18
"nearby",11,35
"nearby",11,10
"nearby",25,42
"nearby",7,24
"nearby",50,30
"nearby",38,43
"nearby",35,44
"nearby",30,1
"nearby",40,37
"nearby",35,46
"nearby",40,18
"nearby",39,10
"nearby",34,42
"nearby",30,37
"nearby",44,48
"nearby",2,18
"nearby",23,16
"nearby",16,16
"nearby",29,5
"nearby",17,10
"nearby",46,33
"nearby",28,2
"nearby",38,49
"nearby",40,1
"nearby",21,47
"nearby",44,25
"nearby",13,10
"nearby",23,18
"nearby",40,13
"nearby",17,35
"nearby",22,35
"nearby",18,9
"nearby",43,28
"nearby",30,40
"nearby",38,29
"nearby",1,16
"nearby",36,39
"nearby",17,45
"nearby",27,15
"nearby",26,24
"nearby",15,12
"nearby",7,12
"nearby",4,19
"nearby",9,43
"nearby",26,14
"nearby",43,3
"nearby",22,21
"nearby",16,4
"nearby",7,22
"nearby",30,5
"nearby",49,46
"nearby",17,32
"nearby",33,7
"nearby",23,45
"nearby",2,16
"nearby",40,22
"nearby",1,41
"nearby",43,37
"nearby",38,31
"nearby",35,36
"nearby",3,13
"nearby",29,5
"nearby",19,38
"nearby",20,6
"nearby",43,14
"nearby",37,38
"nearby",24,3
"nearby",34,5
"nearby",39,25
"nearby",32,18
"nearby",41,16
"nearby",25,2
"nearby",46,50
"nearby",35,30
"nearby",30,12
"nearby",41,43
"nearby",27,47
"nearby",14,38
"nearby",12,3
"nearby",7,28
"nearby",19,40
"nearby",4,49
"nearby",5,19
"nearby",10,31
"nearby",1,2
"nearby",29,11
"nearby",18,42
"nearby",51,32
"nearby",30,3
"nearby",10,15
"nearby",38,17
"nearby",47,13
"nearby",12,42
"nearby",1,30
"nearby",15,4
"nearby",2,23
"nearby",4,17
"nearby",36,29
"nearby",49,50
"nearby",14,19
"nearby",36,42
"nearby",44,51
"nearby",22,2
"nearby",5,6
"nearby",16,15
"nearby",23,22
"nearby",19,22
"nearby",2,29
"nearby",38,7
"nearby",45,42
"nearby",12,26
"nearby",23,23
"nearby",36,21
"nearby",8,9
"nearby",12,4
"nearby",48,48
"nearby",2,11
"nearby",2,22
"nearby",4,10
"nearby",24,13
"nearby",49,44
"nearby",45,26
"nearby",4,24
"nearby",2,42
"nearby",11,12
"nearby",41,11
"nearby",7,1
"nearby",34,25
"nearby",9,48
"nearby",51,46
"nearby",20,49
"nearby",39,48
"nearby",17,28
"nearby",23,5
"nearby",7,16
"nearby",23,10
"nearby",24,19
"nearby",33,36
"nearby",20,18
"nearby",36,3
"nearby",46,50
"nearby",22,36
"nearby",5,29
"nearby",18,6
"nearby",31,17
"nearby",20,36
"nearby",21,7
"nearby",11,29
"nearby",50,41
"nearby",31,20
"nearby",26,43
"nearby",35,39
"nearby",11,21
"nearby",48,27
"nearby",26,20
"nearby",32,36
"nearby",29,16
"nearby",37,39
"nearby",15,3
"nearby",39,13
"nearby",6,34
"nearby",25,33
"nearby",6,20
"nearby",25,25
"nearby",38,7
"nearby",28,13
"nearby",50,26
"nearby",33,8
"nearby",48,37
"nearby",1,45
"nearby",43,34
"nearby",22,36
"nearby",47,48
"nearby",28,23
"nearby",5,20
"nearby",6,29
"nearby",36,9
"nearby",19,35
"nearby",24,13
"nearby",19,6
"nearby",42,51
"nearby",40,34
"nearby",30,9
"nearby",49,45
"nearby",23,5
"nearby",7,18
"nearby",6,32
"nearby",17,30
"nearby",4,28
"nearby",7,47
"nearby",37,50
"nearby",47,45
"nearby",29,34
"nearby",12,6
"nearby",34,44
"nearby",30,11
"nearby",5,50
"nearby",32,46
"nearby",46,45
"nearby",51,42
"nearby",44,38
"nearby",43,10
"nearby",7,7
"nearby",48,45
"nearby",38,13
"nearby",51,50
"nearby",45,51
"nearby",36,22
"nearby",20,30
"nearby",39,18
"nearby",9,25
"nearby",36,25
"nearby",30,36
"nearby",13,15
"nearby",25,23
"nearby",36,7
"nearby",33,11
"nearby",31,25
"nearby",30,2
"nearby",41,12
"nearby",44,49
"nearby",10,4
"nearby",42,49
"nearby",49,39
"nearby",35,44
"nearby",22,7
"nearby",30,5
"nearby",47,11
"nearby",20,33
"nearby",1,5
"nearby",10,44
"nearby",9,28
"nearby",32,11
"nearby",46,32
"nearby",1,36
"nearby",18,35
"nearby",28,26
"nearby",41,26
"nearby",46,46
"nearby",25,12
"nearby",27,32
"nearby",22,3
"nearby",16,25
"nearby",5,2
"nearby",42,40
"nearby",16,34
"nearby",2,46
"nearby",29,50
"nearby",41,11
"nearby",21,28
"nearby",38,16
"nearby",32,31
"nearby",30,28
"nearby",34,1
"nearby",43,12
"nearby",40,28
"nearby",9,20
"nearby",9,28
"nearby",19,50
"nearby",50,51
"nearby",3,15
"nearby",45,41
"nearby",10,49
"nearby",1,44
"nearby",33,40
"nearby",43,37
"nearby",48,32
"nearby",22,8
"nearby",39,31
"nearby",44,21
"nearby",26,6
"nearby",32,41
"nearby",32,1
"nearby",46,29
"nearby",23,18
"nearby",51,43
"nearby",24,40
"nearby",4,42
"nearby",27,9
"nearby",30,2
"nearby",26,19
"nearby",37,18
"nearby",22,3
"nearby",38,27
"nearby",35,46
"nearby",20,32
"nearby",21,12
"nearby",48,47
"nearby",20,22
"nearby",12,19
"nearby",9,28
"nearby",7,13
"nearby",28,6
"nearby",40,13
"nearby",10,39
"nearby",21,4
"nearby",23,13
"nearby",1,49
"nearby",5,20
"nearby",23,8
"nearby",8,34
"nearby",13,24
"nearby",7,37
"nearby",33,23
"nearby",28,42
"nearby",33,49
"nearby",35,43
"nearby",11,40
"nearby",33,21
"nearby",47,48
"nearby",14,3
"nearby",6,38
"nearby",32,41
"nearby",9,33
"nearby",26,39
"nearby",18,9
"nearby",51,42
"nearby",14,20
"nearby",5,14
"nearby",20,37
"nearby",22,29
"nearby",17,43
"nearby",8,50
"nearby",46,37
"nearby",35,7
"nearby",17,18
"nearby",2,37
"nearby",3,7
"nearby",37,13
"nearby",11,51
"nearby",8,31
"nearby",47,43
"nearby",49,50
"nearby",18,21
"nearby",27,24
"nearby",21,34
"nearby",20,7
"nearby",46,22
"nearby",35,46
"nearby",32,3
"nearby",5,9
"nearby",13,15
"nearby",5,45
"nearby",19,37
"nearby",14,8
"nearby",3,8
"nearby",19,30
"nearby",2,41
"nearby",43,33
"nearby",48,48
"nearby",24,26
"nearby",5,3
"nearby",18,27
"nearby",23,25
"nearby",46,29
"nearby",34,23
"nearby",31,45
"nearby",33,38
"nearby",10,3
"nearby",31,24
"nearby",16,18
"nearby",48,9
"nearby",36,49
"nearby",1,16
"nearby",47,20
"nearby",33,25
"nearby",22,42
"nearby",23,12
"nearby",15,10
"nearby",19,15
"nearby",5,17
"nearby",8,21
"nearby",49,34
"nearby",3,28
"nearby",23,38
"nearby",29,30
"nearby",26,9
"nearby",36,31
"nearby",27,47
"nearby",3,21
"nearby",32,22
"nearby",20,25
"nearby",8,27
"nearby",23,4
"nearby",25,22
"nearby",11,28
"nearby",2,5
"nearby",39,7
"nearby",23,50
"nearby",16,8
"nearby",14,31
"nearby",4,44
"nearby",51,49
"nearby",1,24
"nearby",13,17
"nearby",26,11
"nearby",6,7
"nearby",23,44
"nearby",48,50
"nearby",12,19
"nearby",27,38
"nearby",19,24
"nearby",37,49
"nearby",35,4
"nearby",26,38
"nearby",43,29
"nearby",12,5
"nearby",23,15
"nearby",20,33
"nearby",35,2
"nearby",44,37
"nearby",25,21
"nearby",15,45
"nearby",12,46
"nearby",28,24
"nearby",25,37
"nearby",47,13
"nearby",50,41
"nearby",7,24
"nearby",42,31
"nearby",32,4
"nearby",48,13
"nearby",5,20
"nearby",1,36
"nearby",24,37
"nearby",14,17
"nearby",47,40
"nearby",41,33
"nearby",7,13
"nearby",13,25
"nearby",29,7
"nearby",47,50
"nearby",42,4
"nearby",12,25
"nearby",40,37
"nearby",32,12
"nearby",33,30
"nearby",29,28
"nearby",31,12
"nearby",6,12
"nearby",8,8
"nearby",18,40
"nearby",16,4
"nearby",17,50
"nearby",9,25
"nearby",9,26
"nearby",28,1
"nearby",3,39
"nearby",1,44
"nearby",17,19
"nearby",41,34
"nearby",11,45
"nearby",41,10
"nearby",9,26
"nearby",46,5
"nearby",4,28
"nearby",19,31
"nearby",32,29
"nearby",43,35
"nearby",48,49
"nearby",45,43
"nearby",11,37
"nearby",1,12
"nearby",12,4
"nearby",36,49
"nearby",23,34
"nearby",31,49
"nearby",31,9
"nearby",23,1
"nearby",9,15
"nearby",41,48
"nearby",2,26
"nearby",29,23
"nearby",1,6
"nearby",16,42
"nearby",29,6
"nearby",37,50
"nearby",40,1
"nearby",47,17
"nearby",12,20
"nearby",14,11
"nearby",5,49
"nearby",26,35
"nearby",9,5
"nearby",16,43
"nearby",7,4
"nearby",34,28
"nearby",15,5
"nearby",35,3
"nearby",35,5
"nearby",1,23
"nearby",11,18
"nearby",51,44
"nearby",29,28
"nearby",1,44
"nearby",20,42
"nearby",22,23
"nearby",10,21
"nearby",12,8
"nearby",25,12
"nearby",41,42
"nearby",15,47
"nearby",27,2
"nearby",29,29
"nearby",46,43
"nearby",39,45
"nearby",14,15
"nearby",28,42
"nearby",6,26
"nearby",44,45
"nearby",37,45
"nearby",30,23
"nearby",48,50
"nearby",31,26
"nearby",50,40
"nearby",2,5
"nearby",12,34
"nearby",18,16
"nearby",9,16
"nearby",40,28
"nearby",50,42
"nearby",31,24
"nearby",17,17
"nearby",9,17
"nearby",23,35
"nearby",51,46
"nearby",11,18
"nearby",21,3
"nearby",32,22
"nearby",6,14
"nearby",44,47
"nearby",13,19
"nearby",50,32
"nearby",12,30
"nearby",24,44
"nearby",32,44
"nearby",8,15
"nearby",33,10
"nearby",7,9
"nearby",45,15
"nearby",18,5
"nearby",26,4
"nearby",10,41
"nearby",17,34
"nearby",43,27
"nearby",46,32
"nearby",27,17
"nearby",3,9
"nearby",37,8
"nearby",44,44
"nearby",38,32
"nearby",27,32
"nearby",30,44
"nearby",1,44
"nearby",2,48
"nearby",21,50
"nearby",23,5
"nearby",34,31
"nearby",12,18
"nearby",44,30
"nearby",13,24
"nearby",37,26
"nearby",15,14
"nearby",1,29
"nearby",49,41
"nearby",45,14
"nearby",1,31
"nearby",17,2
"nearby",45,15
"nearby",24,34
"nearby",39,20
"nearby",37,26
"nearby",23,8
"nearby",28,44
"nearby",29,34
"nearby",46,24
"nearby",48,46
"nearby",22,23
"nearby",12,7
"nearby",12,31
"nearby",11,10
"nearby",22,31
"nearby",39,13
"nearby",8,4
"nearby",40,22
"nearby",6,33
"nearby",37,18
"nearby",25,13
"nearby",17,11
"nearby",51,50
"nearby",47,16
"nearby",3,2
"nearby",38,19
"nearby",17,42
"nearby",16,17
"nearby",22,50
"nearby",12,29
"nearby",26,24
"nearby",3,28
"nearby",19,16
"nearby",49,38
"nearby",30,46
"nearby",40,41
"nearby",51,50
"nearby",15,20
"nearby",42,13
"nearby",23,20
"nearby",37,29
"nearby",25,8
"nearby",38,29
"nearby",20,9
"nearby",33,3
"nearby",23,9
"nearby",33,27
"nearby",39,43
"nearby",37,47
"nearby",16,35
"nearby",51,46
"nearby",45,36
"nearby",43,7
"nearby",5,25
"nearby",38,5
"nearby",47,26
"nearby",46,46
"nearby",4,32
"nearby",9,9
"nearby",14,5
"nearby",36,10
"nearby",36,1
"nearby",13,44
"nearby",46,51
"nearby",34,17
"nearby",14,32
"nearby",42,8
"nearby",2,1
"nearby",18,5
"nearby",50,50
"nearby",44,43
"nearby",2,35
"nearby",33,37
"nearby",14,38
"nearby",28,8
"nearby",42,42
"nearby",46,40
"nearby",31,19
"nearby",36,36
"nearby",47,49
"nearby",18,35
"nearby",22,39
"nearby",6,10
"nearby",11,1
"nearby",10,43
"nearby",40,27
"nearby",37,1
"nearby",1,33
"nearby",22,39
"nearby",33,21
"nearby",6,36
"nearby",26,27
"nearby",20,19
"nearby",35,18
"nearby",36,12
"nearby",20,18
"nearby",11,41
"nearby",43,50
"nearby",29,13
"nearby",41,30
"nearby",43,49
"nearby",18,13
"nearby",50,17
"nearby",19,19
"nearby",29,23
"nearby",28,48
"nearby",26,11
"nearby",28,18
"nearby",48,45
"nearby",4,8
"nearby",25,28
"nearby",36,47
"nearby",47,34
"nearby",14,34
"nearby",8,35
"nearby",17,10
"nearby",33,2
"nearby",50,45
"nearby",29,5
"nearby",38,51
"nearby",30,32
"nearby",15,19
"nearby",11,26
"nearby",33,46
"nearby",51,46
"nearby",39,27
"nearby",39,37
"nearby",11,21
"nearby",12,9
"nearby",46,43
"nearby",26,6
"nearby",35,25
"nearby",38,37
"nearby",9,1
"nearby",35,38
"nearby",32,40
"nearby",23,28
"nearby",23,15
"nearby",39,31
"nearby",51,50
"nearby",40,38
"nearby",5,47
"nearby",16,12
"nearby",24,37
"nearby",17,16
"nearby",43,51
"nearby",30,20
"nearby",5,24
"nearby",16,50
"nearby",46,11
"nearby",36,50
"nearby",24,26
"nearby",28,36
"nearby",23,14
"nearby",48,43
"nearby",23,12
"nearby",40,46
"nearby",4,15
"nearby",5,2
"nearby",50,23
"nearby",12,48
"nearby",40,29
"nearby",36,28
"nearby",15,27
"nearby",12,36
"nearby",7,9
"nearby",33,29
"nearby",8,15
"nearby",32,23
"nearby",1,40
"nearby",18,8
"nearby",38,31
"nearby",25,5
"nearby",27,39
"nearby",24,28
"nearby",10,40
"nearby",50,34
"nearby",50,37
"nearby",23,22
"nearby",10,45
"nearby",15,21
"nearby",16,26
"nearby",39,11
"nearby",26,1
"nearby",19,1
"nearby",40,26
"nearby",40,7
"nearby",12,27
"nearby",31,39
"nearby",36,48
"nearby",4,19
"nearby",21,32
"nearby",1,50
"nearby",4,9
"nearby",22,27
"nearby",2,46
"nearby",39,49
"nearby",24,42
"nearby",12,42
"nearby",30,27
"nearby",8,31
"nearby",10,3
"nearby",46,42
"nearby",18,27
"nearby",31,6
"nearby",49,51
"nearby",19,46
"nearby",30,23
"nearby",33,7
"nearby",24,14
"nearby",36,38
"nearby",7,25
"nearby",32,31
"nearby",7,34
"nearby",36,6
"nearby",40,45
"nearby",3,17
"nearby",39,33
"nearby",18,45
"nearby",45,15
"nearby",49,31
"nearby",19,13
"nearby",27,20
"nearby",26,7
"nearby",17,33
"nearby",18,12
"nearby",5,25
"nearby",40,48
"nearby",32,3
"nearby",33,4
"nearby",23,3
"nearby",13,4
"nearby",5,17
"nearby",19,4
"nearby",33,3
"nearby",40,37
"nearby",49,50
"nearby",16,15
"nearby",19,42
"nearby",35,12
"nearby",47,49
"nearby",44,38
"nearby",51,45
"nearby",51,40
"nearby",3,43
"nearby",17,49
"nearby",42,24
"nearby",43,23
"nearby",28,36
"nearby",16,23
"nearby",11,28
"nearby",24,49
"nearby",24,3
"nearby",23,31
"nearby",11,4
"nearby",25,43
"nearby",39,36
"nearby",29,11
"nearby",13,8
"nearby",48,38
"nearby",13,16
"nearby",25,8
"nearby",34,27
"nearby",32,6
"nearby",49,27
"nearby",35,8
"nearby",48,45
"nearby",1,39
"nearby",1,4
"nearby",20,15
"nearby",31,35
"nearby",48,13
"nearby",28,1
"nearby",15,22
"nearby",33,28
"nearby",26,30
"nearby",26,38
"nearby",49,51
"nearby",15,48
"nearby",15,3
"nearby",25,39
"nearby",32,11
"nearby",29,15
"nearby",17,29
"nearby",42,22
"nearby",25,3
"nearby",26,7
"nearby",33,1
"nearby",34,3
"nearby",28,10
"nearby",41,34
"nearby",40,50
"nearby",48,3
"nearby",14,40
"nearby",40,18
"nearby",4,37
"nearby",40,43
"nearby",5,5
"nearby",13,22
"nearby",46,47
"nearby",2,2
"nearby",4,25
"nearby",2,47
"nearby",45,46
"nearby",48,31
"nearby",16,15
"nearby",15,24
"nearby",39,6
"nearby",39,16
"nearby",33,27
"nearby",28,33
"nearby",38,10
"nearby",7,25
"nearby",4,19
"nearby",20,39
"nearby",37,20
"nearby",10,46
"nearby",10,1
"nearby",37,15
"nearby",41,6
"nearby",48,21
"nearby",27,7
"nearby",33,38
"nearby",14,38
"nearby",4,27
"nearby",5,29
"nearby",24,6
"nearby",6,17
"nearby",45,8
"nearby",4,36
"nearby",30,12
"nearby",20,27
"nearby",19,50
"nearby",40,28
"nearby",9,41
"nearby",3,27
"nearby",28,28
"nearby",12,2
"nearby",44,27
"nearby",36,48
"nearby",39,24
"nearby",6,47
"nearby",13,6
"nearby",33,2
"nearby",39,39
"nearby",4,15
"nearby",37,42
"nearby",18,29
"nearby",12,10
"nearby",36,26
"nearby",9,33
"nearby",33,12
"nearby",51,50
"nearby",14,4
"nearby",30,22
"nearby",39,4
"nearby",48,41
"nearby",40,43
"nearby",14,28
"nearby",4,21
"nearby",23,4
"nearby",20,40
"nearby",42,27
"nearby",4,3
"nearby",47,12
"nearby",6,47
"nearby",24,37
"nearby",46,15
"nearby",22,11
"nearby",33,43
"nearby",12,9
"nearby",34,37
"nearby",22,7
"nearby",39,14
"nearby",2,2
"nearby",8,5
"nearby",46,26
"nearby",10,46
"nearby",46,2
"nearby",18,43
"nearby",40,18
"nearby",34,48
"nearby",49,38
"nearby",5,35
"nearby",27,22
"nearby",10,24
"nearby",12,26
"nearby",7,6
"nearby",51,48
"nearby",49,33
"nearby",1,33
"nearby",5,7
"nearby",29,1
"nearby",48,44
"nearby",29,32
"nearby",16,37
"nearby",28,33
"nearby",2,41
"nearby",23,3
"nearby",35,28
"nearby",12,40
"nearby",42,40
"nearby",40,31
"nearby",29,27
"nearby",25,16
"nearby",35,24
"nearby",18,41
"nearby",49,29
"nearby",35,1
"nearby",9,48
"nearby",10,34
"nearby",15,11
"nearby",30,31
"nearby",43,40
"nearby",12,13
"nearby",14,29
"nearby",2,35
"nearby",17,38
"nearby",13,25
"nearby",1,1
"nearby",34,36
"nearby",25,37
"nearby",21,25
"nearby",13,46
"nearby",13,20
"nearby",23,5
"nearby",47,38
"nearby",19,4
"nearby",30,13
"nearby",44,38
"nearby",14,32
"nearby",44,9
"nearby",26,16
"nearby",48,47
"nearby",25,22
"nearby",28,9
"nearby",4,27
"nearby",46,50
"nearby",22,28
"nearby",47,51
"nearby",31,38
"nearby",14,21
"nearby",9,38
"nearby",28,14
"nearby",11,2
"nearby",6,2
"nearby",39,24
"nearby",23,4
"nearby",9,6
"nearby",2,10
"nearby",30,12
"nearby",37,14
"nearby",10,37
"nearby",3,10
"nearby",34,10
"nearby",34,20
"nearby",32,12
"nearby",42,3
"nearby",27,6
"nearby",49,40
"nearby",43,37
"nearby",43,33
"nearby",30,29
"nearby",16,17
"nearby",20,22
"nearby",28,29
"nearby",21,5
"nearby",5,12
"nearby",48,38
"nearby",35,8
"nearby",38,13
"nearby",6,17
"nearby",38,14
"nearby",12,43
"nearby",16,28
"nearby",19,32
"nearby",21,50
"nearby",13,25
"nearby",31,32
"nearby",5,48
"nearby",46,51
"nearby",31,15
"nearby",40,29
"nearby",43,35
"nearby",8,37
"nearby",33,28
"nearby",26,12
"nearby",9,41
"nearby",36,11
"nearby",17,8
"nearby",16,30
"nearby",47,48
"nearby",44,43
"nearby",25,29
"nearby",41,48
"nearby",25,10
"nearby",43,12
"nearby",17,5
"nearby",42,28
"nearby",14,24
"nearby",40,39
"nearby",13,11
"nearby",8,16
"nearby",34,16
"nearby",28,15
"nearby",44,27
"nearby",7,1
"nearby",42,51
"nearby",41,8
"nearby",12,37
"nearby",46,51
"nearby",32,40
"nearby",9,3
"nearby",8,27
"nearby",35,35
"nearby",32,10
"nearby",45,46
"nearby",7,15
"nearby",28,20
"nearby",24,23
"nearby",4,28
"nearby",13,1
"nearby",44,39
"nearby",48,19
"nearby",8,43
"nearby",43,44
"nearby",20,1
"nearby",25,8
"nearby",1,39
"nearby",36,46
"nearby",34,7
"nearby",2,24
"nearby",11,26
"nearby",7,4
"nearby",10,38
"nearby",10,37
"nearby",11,12
"nearby",44,47
"nearby",48,51
"nearby",30,39
"nearby",28,3
"nearby",20,29
"nearby",41,22
"nearby",38,21
"nearby",35,14
"nearby",42,51
"nearby",19,26
"nearby",15,8
"nearby",17,47
"nearby",48,20
"nearby",27,9
"nearby",9,19
"nearby",32,27
"nearby",13,1
"nearby",42,36
"nearby",34,42
"nearby",49,49
"nearby",22,16
"nearby",28,13
"nearby",14,36
"nearby",28,21
"nearby",9,3
"nearby",43,3
"nearby",51,49
"nearby",28,16
"nearby",9,47
"nearby",32,41
"nearby",5,39
"nearby",43,37
"nearby",1,24
"nearby",10,2
"nearby",20,40
"nearby",3,19
"nearby",18,10
"nearby",18,46
"nearby",12,45
"nearby",36,11
"nearby",15,38
"nearby",27,47
"nearby",36,23
"nearby",51,49
"nearby",26,22
"nearby",16,4
"nearby",50,45
"nearby",17,29
"nearby",14,4
"nearby",26,37
"nearby",37,32
"nearby",30,34
"nearby",22,29
"nearby",41,31
"nearby",2,26
"nearby",45,15
"nearby",26,16
"nearby",19,23
"nearby",46,43
"nearby",7,7
"nearby",39,14
"nearby",33,17
"nearby",6,4
"nearby",25,7
"nearby",4,51
"nearby",5,5
"nearby",2,10
"nearby",13,35
"nearby",38,31
"nearby",18,8
"nearby",5,5
"nearby",30,9
"nearby",35,16
"nearby",33,1
"nearby",45,24
"nearby",10,18
"nearby",41,27
"nearby",3,39
"nearby",39,3
"nearby",27,17
"nearby",25,10
"nearby",1,13
"nearby",14,42
"nearby",27,31
"nearby",51,40
"nearby",21,11
"nearby",17,6
"nearby",9,39
"nearby",43,23
"nearby",31,29
"nearby",4,48
"nearby",27,13
"nearby",36,9
"nearby",8,37
"nearby",23,28
"nearby",19,1
"nearby",48,51
"nearby",46,45
"nearby",27,34
"nearby",12,36
"nearby",34,14
"nearby",39,29
"nearby",42,40
"nearby",25,44
"nearby",48,44
"nearby",7,42
"nearby",34,8
"nearby",23,27
"nearby",21,21
"nearby",31,35
"nearby",35,45
"nearby",47,3
"nearby",30,43
"nearby",47,31
"nearby",27,9
"nearby",20,40
"nearby",13,44
"nearby",15,29
"nearby",10,8
"nearby",8,21
"nearby",19,16
"nearby",42,12
"nearby",27,14
"nearby",17,36
"nearby",5,8
"nearby",30,19
"nearby",11,3
"nearby",28,23
"nearby",40,16
"nearby",28,7
"nearby",35,20
"nearby",26,47
"nearby",35,3
"nearby",18,16
"nearby",17,33
"nearby",26,2
"nearby",35,29
"nearby",20,16
"nearby",17,5
"nearby",26,3
"nearby",14,16
"nearby",43,47
"nearby",45,39
"nearby",31,46
"nearby",4,43
"nearby",3,1
"nearby",43,8
"nearby",41,20
"nearby",26,41
"nearby",21,3
"nearby",37,19
"nearby",29,13
"nearby",30,2
"nearby",12,19
"nearby",39,27
"nearby",35,38
"nearby",46,35
"nearby",5,5
"nearby",3,22
"nearby",42,32
"nearby",23,49
"nearby",4,50
"nearby",8,5
"nearby",16,2
"nearby",2,29
"nearby",37,46
"nearby",30,43
"nearby",33,21
"nearby",51,51
"nearby",35,47
"nearby",9,12
"nearby",21,31
"nearby",35,9
"nearby",18,17
"nearby",29,11
"nearby",30,27
"nearby",40,25
"nearby",4,8
"nearby",47,9
"nearby",35,12
"nearby",49,29
"nearby",36,18
"nearby",28,12
"nearby",8,32
"nearby",34,14
"nearby",40,38
"nearby",4,10
"nearby",20,7
"nearby",31,17
"nearby",35,10
"nearby",1,27
"nearby",44,8
"nearby",46,40
"nearby",28,25
"nearby",31,28
"nearby",7,41
"nearby",45,43
"nearby",12,4
"nearby",29,29
"nearby",8,32
"nearby",16,39
"nearby",6,11
"nearby",29,15
"nearby",36,24
"nearby",36,41
"nearby",38,26
"nearby",31,22
"nearby",45,48
"nearby",1,38
"nearby",12,10
"nearby",2,35
"nearby",48,12
"nearby",29,38
"nearby",25,18
"nearby",1,9
"nearby",17,11
"nearby",15,15
"nearby",47,49
"nearby",6,36
"nearby",46,45
"nearby",7,11
"nearby",47,51
"nearby",41,44
"nearby",30,31
"nearby",14,23
"nearby",31,18
"nearby",49,41
"nearby",49,51
"nearby",41,12
"nearby",48,29
"nearby",22,27
"nearby",24,5
"nearby",18,44
"nearby",41,31
"nearby",1,36
"nearby",41,40
"nearby",8,28
"nearby",41,22
"nearby",22,21
"nearby",11,4
"nearby",15,22
"nearby",18,11
"nearby",29,10
"nearby",38,38
"nearby",34,45
"nearby",36,35
"nearby",4,37
"nearby",27,36
"nearby",50,20
"nearby",16,9
"nearby",13,3
"nearby",25,35
"nearby",48,33
"nearby",29,7
"nearby",2,3
"nearby",50,23
"nearby",12,42
"nearby",49,39
"nearby",16,16
"nearby",34,31
"nearby",5,44
"nearby",45,44
"nearby",23,13
"nearby",41,38
"nearby",44,43
"nearby",2,22
"nearby",9,20
"nearby",33,46
"nearby",25,15
"nearby",8,12
"nearby",7,45
"nearby",33,9
"nearby",9,41
"nearby",41,36
"nearby",8,45
"nearby",6,9
"nearby",7,31
"nearby",7,16
"nearby",22,2
"nearby",39,17
"nearby",13,12
"nearby",22,1
"nearby",31,40
"nearby",33,11
"nearby",32,41
"nearby",51,50
"nearby",12,44
"nearby",19,40
"nearby",42,34
"nearby",3,30
"nearby",43,6
"nearby",10,41
"nearby",37,1
"nearby",36,10
"nearby",7,4
"nearby",31,2
"nearby",41,12
"nearby",1,1
"nearby",7,32
"nearby",17,9
"nearby",32,17
"nearby",32,9
"nearby",42,27
"nearby",24,3
"nearby",50,46
"nearby",43,14
"nearby",5,9
"nearby",49,13
"nearby",24,11
"nearby",21,20
"nearby",9,3
"nearby",9,2
"nearby",46,48
"nearby",1,3
"nearby",34,44
"nearby",45,21
"nearby",25,39
"nearby",32,28
"nearby",3,37
"nearby",32,24
"nearby",42,11
"nearby",25,41
"nearby",40,42
"nearby",46,18
"nearby",2,15
"nearby",7,3
"nearby",10,45
"nearby",14,27
"nearby",31,25
"nearby",5,25
"nearby",45,33
"nearby",36,20
"nearby",42,26
"nearby",12,19
"nearby",5,2
"nearby",6,50
"nearby",4,35
"nearby",27,21
"nearby",13,40
"nearby",36,8
"nearby",48,18
"nearby",32,7
"nearby",18,9
"nearby",5,11
"nearby",50,48
"nearby",43,44
"nearby",38,18
"nearby",38,13
"nearby",40,31
"nearby",51,45
"nearby",39,6
"nearby",8,39
"nearby",36,13
"nearby",21,48
"nearby",37,15
"nearby",10,27
"nearby",20,5
"nearby",9,26
"nearby",16,32
"nearby",18,37
"nearby",23,33
"nearby",14,36
"nearby",6,45
"nearby",10,7
"nearby",2,10
"nearby",26,15
"nearby",34,48
"nearby",45,20
"nearby",21,3
"nearby",38,2
"nearby",9,46
"nearby",30,13
"nearby",50,24
"nearby",39,20
"nearby",13,26
"nearby",35,35
"nearby",11,26
"nearby",32,33
"nearby",34,24
"nearby",17,26
"nearby",49,45
"nearby",29,17
"nearby",5,9
"nearby",14,3
"nearby",50,43
"nearby",32,13
"nearby",26,25
"nearby",29,34
"nearby",34,34
"nearby",20,18
"nearby",46,26
"nearby",47,45
"nearby",21,25
"nearby",40,43
"nearby",50,42
"nearby",22,33
"nearby",38,7
"nearby",45,7
"nearby",22,11
"nearby",9,42
"nearby",41,39
"nearby",31,7
"nearby",2,38
"nearby",32,39
"nearby",8,8
"nearby",35,28
"nearby",28,23
"nearby",43,47
"nearby",13,47
"nearby",3,7
"nearby",49,36
"nearby",8,36
"nearby",20,20
"nearby",14,37
"nearby",27,39
"nearby",15,11
"nearby",36,19
"nearby",21,28
"nearby",23,41
"nearby",30,23
"nearby",31,32
"nearby",15,14
"nearby",35,17
"nearby",8,19
"nearby",41,4
"nearby",15,8
"nearby",8,22
"nearby",23,12
"nearby",48,33
"nearby",21,17
"nearby",44,29
"nearby",2,39
"nearby",16,22
"nearby",19,16
"nearby",28,49
"nearby",13,38
"nearby",48,48
"nearby",35,2
"nearby",30,1
"nearby",41,26
"nearby",49,38
"nearby",24,50
"nearby",37,44
"nearby",23,41
"nearby",16,25
"nearby",14,26
"nearby",13,7
"nearby",3,46
"nearby",15,40
"nearby",36,28
"nearby",18,37
"nearby",13,30
"nearby",33,17
"nearby",36,10
"nearby",47,49
"nearby",14,36
"nearby",37,37
"nearby",26,29
"nearby",33,48
"nearby",23,12
"nearby",6,49
"nearby",13,48
"nearby",17,47
"nearby",30,23
"nearby",15,48
"nearby",4,43
"nearby",18,6
"nearby",6,29
"nearby",42,5
"nearby",2,15
"nearby",4,19
"nearby",22,30
"nearby",49,20
"nearby",30,10
"nearby",6,16
"nearby",40,2
"nearby",45,1
"nearby",31,18
"nearby",1,24
"nearby",4,31
"nearby",33,45
"nearby",32,26
"nearby",29,4
"nearby",28,30
"nearby",6,24
"nearby",39,20
"nearby",34,51
"nearby",12,10
"nearby",23,6
"nearby",40,9
"nearby",48,38
"nearby",5,29
"nearby",7,20
"nearby",41,50
"nearby",39,35
"nearby",27,29
"nearby",46,46
"nearby",41,18
"nearby",21,14
"nearby",14,12
"nearby",43,12
"nearby",29,40
"nearby",7,14
"nearby",1,46
"nearby",47,44
"nearby",22,21
"nearby",36,10
"nearby",10,27
"nearby",10,41
"nearby",37,12
"nearby",36,2
"nearby",13,5
"nearby",23,4
"nearby",6,35
"nearby",26,11
"nearby",14,40
"nearby",27,38
"nearby",22,35
"nearby",16,1
"nearby",1,25
"nearby",48,38
"nearby",34,3
"nearby",28,24
"nearby",32,35
"nearby",18,42
"nearby",47,48
"nearby",27,35
"nearby",44,49
"nearby",48,29
"nearby",39,24
"nearby",40,22
"nearby",28,41
"nearby",28,31
"nearby",35,36
"nearby",28,20
"nearby",49,43
"nearby",28,24
"nearby",45,31
"nearby",2,45
"nearby",8,28
"nearby",34,34
"nearby",16,11
"nearby",17,35
"nearby",21,40
"nearby",51,46
"nearby",8,27
"nearby",29,50
"nearby",27,37
"nearby",45,27
"nearby",12,12
"nearby",12,21
"nearby",20,19
"nearby",39,14
"nearby",35,33
"nearby",19,20
"nearby",22,22
"nearby",3,27
"nearby",27,9
"nearby",10,41
"nearby",32,2
"nearby",43,46
"nearby",44,46
"nearby",44,20
"nearby",32,5
"nearby",30,38
"nearby",20,23
"nearby",49,32
"nearby",23,18
"nearby",46,3
"nearby",23,9
"nearby",21,4
"nearby",51,41
"nearby",43,33
"nearby",13,39
"nearby",22,33
"nearby",15,14
"nearby",8,41
"nearby",40,42
"nearby",42,33
"nearby",40,28
"nearby",23,12
"nearby",22,21
"nearby",3,18
"nearby",35,13
"nearby",33,9
"nearby",1,35
"nearby",13,6
"nearby",1,17
"nearby",46,20
"nearby",30,43
"nearby",12,6
"nearby",31,45
"nearby",22,40
"nearby",11,16
"nearby",39,11
"nearby",17,2
"nearby",50,43
"nearby",17,15
"nearby",1,12
"nearby",25,31
"nearby",29,28
"nearby",48,48
"nearby",39,5
"nearby",6,10
"nearby",37,51
"nearby",35,50
"nearby",16,10
"nearby",37,13
"nearby",38,18
"nearby",18,5
"nearby",31,42
"nearby",43,50
"nearby",26,10
"nearby",12,10
"nearby",20,24
"nearby",33,30
"nearby",43,44
"nearby",31,11
"nearby",12,26
"nearby",43,6
"nearby",10,20
"nearby",29,32
"nearby",15,21
"nearby",2,15
"nearby",31,22
"nearby",40,19
"nearby",16,20
"nearby",12,35
"nearby",6,30
"nearby",29,37
"nearby",1,10
"nearby",11,2
"nearby",14,48
"nearby",12,40
"nearby",21,34
"nearby",5,12
"nearby",26,1
"nearby",14,32
"nearby",25,37
"nearby",40,10
"nearby",42,2
"nearby",47,17
"nearby",27,34
"nearby",34,2
"nearby",47,32
"nearby",29,1
"nearby",42,31
"nearby",35,24
"nearby",44,47
"nearby",4,21
"nearby",36,33
"nearby",26,17
"nearby",12,47
"nearby",3,36
"nearby",10,11
"nearby",32,21
"nearby",29,6
"nearby",14,21
"nearby",16,46
"nearby",43,28
"nearby",41,1
"nearby",28,36
"nearby",13,36
"nearby",35,51
"nearby",36,10
"nearby",1,11
"nearby",49,51
"nearby",17,13
"nearby",41,22
"nearby",22,38
"nearby",41,49
"nearby",20,5
"nearby",24,42
"nearby",26,40
"nearby",32,37
"nearby",46,50
"nearby",37,3
"nearby",32,45
"nearby",6,24
"nearby",13,16
"nearby",21,7
"nearby",51,36
"nearby",6,40
"nearby",4,9
"nearby",7,4
"nearby",10,43
"nearby",40,45
"nearby",9,7
"nearby",13,26
"nearby",38,32
"nearby",43,22
"nearby",30,19
"nearby",27,16
"nearby",45,48
"nearby",8,47
"nearby",15,29
"nearby",3,9
"nearby",38,21
"nearby",46,51
"nearby",4,6
"nearby",26,20
"nearby",39,17
"nearby",39,32
"nearby",5,12
"nearby",40,45
"nearby",25,7
"nearby",34,12
"nearby",45,33
"nearby",2,4
"nearby",32,41
"nearby",25,21
"nearby",42,39
"nearby",42,47
"nearby",31,34
"nearby",50,31
"nearby",18,34
"nearby",9,28
"nearby",45,41
"nearby",32,5
"nearby",22,38
"nearby",5,8
"nearby",2,47
"nearby",11,5
"nearby",11,3
"nearby",15,8
"nearby",26,19
"nearby",9,39
"nearby",46,42
"nearby",6,34
"nearby",41,40
"nearby",27,19
"nearby",37,34
"nearby",13,29
"nearby",3,14
"nearby",16,27
"nearby",36,18
"nearby",5,5
"nearby",23,8
"nearby",33,1
"nearby",44,48
"nearby",48,47
"nearby",19,3
"nearby",20,18
"nearby",48,46
"nearby",49,45
"nearby",48,46
"nearby",50,37
"nearby",39,38
"nearby",4,24
"nearby",38,40
"nearby",39,30
"nearby",6,33
"nearby",13,1
"nearby",16,38
"nearby",45,42
"nearby",34,13
"nearby",41,19
"nearby",38,9
"nearby",37,41
"nearby",30,51
"nearby",48,51
"nearby",7,2
"nearby",4,4
"nearby",42,47
"nearby",2,12
"nearby",47,41
"nearby",42,5
"nearby",35,18
"nearby",20,5
"nearby",5,49
"nearby",38,5
"nearby",36,22
"nearby",18,26
"nearby",32,29
"nearby",43,48
"nearby",25,45
"nearby",22,36
"nearby",49,39
"nearby",14,25
"nearby",7,47
"nearby",15,28
"nearby",39,21
"nearby",20,5
"nearby",15,19
"nearby",7,25
"nearby",15,40
"nearby",9,40
"nearby",49,49
"nearby",43,32
"nearby",34,16
"nearby",39,16
"nearby",14,11
"nearby",3,41
"nearby",43,1
"nearby",2,14
"nearby",34,30
"nearby",14,28
"nearby",21,20
"nearby",11,34
"nearby",32,29
"nearby",29,32
"nearby",39,10
"nearby",47,36
"nearby",40,38
"nearby",14,32
"nearby",32,3
"nearby",19,26
"nearby",12,17
"nearby",1,32
"nearby",27,11
"nearby",8,25
"nearby",49,30
"nearby",2,12
"nearby",4,42
"nearby",20,18
"nearby",7,41
"nearby",43,19
"nearby",44,15
"nearby",41,21
"nearby",51,45
"nearby",14,18
"nearby",25,17
"nearby",16,49
"nearby",3,44
"nearby",2,28
"nearby",40,17
"nearby",23,50
"nearby",30,27
"nearby",29,49
"nearby",41,30
"nearby",47,27
"nearby",25,1
"nearby",14,19
"nearby",40,11
"nearby",44,43
"nearby",16,8
"nearby",12,44
"nearby",31,11
"nearby",51,48
"nearby",43,28
"nearby",5,10
"nearby",20,4
"nearby",13,35
"nearby",42,8
"nearby",13,42
"nearby",24,29
"nearby",28,44
"nearby",8,45
"nearby",32,3
"nearby",38,46
"nearby",51,50
"nearby",42,7
"nearby",14,17
"nearby",33,36
"nearby",9,22
"nearby",45,32
"nearby",37,9
"nearby",10,51
"nearby",31,25
"nearby",50,36
"nearby",38,26
"nearby",7,19
"nearby",5,14
"nearby",17,16
"nearby",43,51
"nearby",26,29
"nearby",29,27
"nearby",28,33
"nearby",22,34
"nearby",3,45
"nearby",23,45
"nearby",39,37
"nearby",28,41
"nearby",2,8
"nearby",39,1
"nearby",38,34
"nearby",10,21
"nearby",33,38
"nearby",39,1
"nearby",37,31
"nearby",27,41
"nearby",3,47
"nearby",23,11
"nearby",4,49
"nearby",46,16
"nearby",44,46
"nearby",47,43
"nearby",3,46
"nearby",44,5
"nearby",3,26
"nearby",26,21
"nearby",41,26
"nearby",2,20
"nearby",19,37
"nearby",31,16
"nearby",49,28
"nearby",40,30
"nearby",37,43
"nearby",10,28
"nearby",9,30
"nearby",32,2
"nearby",42,36
"nearby",23,13
"nearby",48,32
"nearby",13,16
"nearby",47,13
"nearby",32,24
"nearby",36,12
"nearby",22,38
"nearby",17,20
"nearby",38,27
"nearby",36,16
"nearby",8,6
"nearby",41,7
"nearby",29,25
"nearby",10,13
"nearby",50,47
"nearby",15,32
"nearby",39,28
"nearby",51,39
"nearby",40,41
"nearby",50,36
"nearby",34,22
"nearby",2,17
"nearby",12,11
"nearby",26,5
"nearby",8,5
"nearby",5,36
"nearby",21,40
"nearby",49,37
"nearby",33,3
"nearby",32,45
"nearby",38,20
"nearby",36,15
"nearby",44,29
"nearby",13,27
"nearby",6,9
"nearby",47,50
"nearby",21,1
"nearby",39,35
"nearby",4,23
"nearby",48,51
"nearby",45,46
"nearby",6,46
"nearby",18,27
"nearby",8,34
"nearby",45,44
"nearby",17,47
"nearby",36,40
"nearby",47,11
"nearby",11,11
"nearby",26,27
"nearby",48,31
"nearby",24,33
"nearby",6,50
"nearby",45,27
"nearby",39,1
"nearby",33,46
"nearby",1,36
"nearby",42,24
"nearby",25,48
"nearby",23,51
"nearby",24,8
"nearby",21,43
"nearby",2,31
"nearby",43,17
"nearby",44,18
"nearby",18,46
"nearby",28,15
"nearby",8,30
"nearby",32,3
"nearby",30,4
"nearby",32,6
"nearby",24,37
"nearby",20,24
"nearby",19,34
"nearby",25,2
"nearby",10,40
"nearby",17,3
"nearby",46,15
"nearby",6,18
"nearby",22,42
"nearby",38,21
"nearby",12,45
"nearby",33,9
"nearby",28,37
"nearby",7,3
"nearby",30,41
"nearby",22,35
"nearby",50,42
"nearby",39,45
"nearby",20,43
"nearby",15,9
"nearby",47,22
"nearby",30,42
"nearby",24,24
"nearby",20,13
"nearby",43,38
"nearby",12,22
"nearby",11,3
"nearby",21,36
"nearby",7,39
"nearby",18,8
"nearby",32,42
"nearby",4,26
"nearby",24,16
"nearby",8,10
"nearby",14,5
"nearby",4,45
"nearby",49,38
"nearby",25,11
"nearby",24,7
"nearby",49,49
"nearby",37,15
"nearby",47,5
"nearby",47,28
"nearby",24,28
"nearby",38,23
"nearby",33,43
"nearby",5,29
"nearby",35,16
"nearby",19,32
"nearby",22,44
"nearby",23,33
"nearby",3,27
"nearby",47,9
"nearby",15,36
"nearby",13,12
"nearby",48,34
"nearby",47,41
"nearby",1,32
"nearby",2,15
"nearby",43,30
"nearby",16,1
"nearby",33,7
"nearby",46,36
"nearby",27,28
"nearby",18,17
"nearby",35,28
"nearby",36,37
"nearby",48,31
"nearby",32,10
"nearby",6,11
"nearby",29,47
"nearby",4,38
"nearby",16,51
"nearby",19,43
"nearby",31,22
"nearby",39,34
"nearby",30,40
"nearby",48,45
"nearby",4,12
"nearby",20,9
"nearby",26,44
"nearby",26,15
"nearby",49,47
"nearby",4,37
"nearby",11,1
"nearby",37,43
"nearby",23,15
"nearby",23,9
"nearby",32,4
"nearby",10,25
"nearby",21,15
"nearby",3,50
"nearby",21,6
"nearby",27,40
"nearby",36,10
"nearby",50,6
"nearby",42,34
"nearby",21,39
"nearby",18,28
"nearby",35,5
"nearby",6,31
"nearby",14,23
"nearby",42,40
"nearby",21,21
"nearby",14,14
"nearby",13,16
"nearby",6,37
"nearby",26,40
"nearby",12,17
"nearby",48,14
"nearby",25,49
"nearby",38,18
"nearby",30,19
"nearby",9,27
"nearby",38,49
"nearby",11,43
"nearby",17,10
"nearby",30,17
"nearby",3,34
"nearby",25,26
"nearby",51,50
"nearby",6,50
"nearby",46,19
"nearby",42,23
"nearby",30,29
"nearby",51,29
"nearby",6,29
"nearby",29,35
"nearby",36,44
"nearby",41,28
"nearby",20,45
"nearby",36,21
"nearby",31,2
"nearby",17,1
"nearby",33,25
"nearby",8,35
"nearby",50,45
"nearby",23,20
"nearby",14,12
"nearby",43,28
"nearby",3,32
"nearby",10,32
"nearby",46,23
"nearby",14,16
"nearby",37,25
"nearby",17,15
"nearby",13,10
"nearby",10,32
"nearby",13,13
"nearby",12,35
"nearby",48,47
"nearby",11,14
"nearby",34,8
"nearby",35,14
"nearby",27,23
"nearby",15,10
"nearby",8,29
"nearby",36,45
"nearby",37,12
"nearby",49,41
"nearby",32,28
"nearby",27,20
"nearby",39,50
"nearby",6,9
"nearby",41,3
"nearby",19,14
"nearby",20,12
"nearby",29,33
"nearby",24,7
"nearby",12,38
"nearby",47,46
"nearby",38,28
"nearby",36,19
"nearby",3,5
"nearby",8,19
"nearby",36,33
"nearby",5,25
"nearby",27,31
"nearby",29,1
"nearby",27,11
"nearby",32,11
"nearby",47,39
"nearby",13,18
"nearby",17,24
"nearby",48,16
"nearby",39,21
"nearby",25,36
"nearby",36,35
"nearby",1,44
"nearby",40,36
"nearby",33,35
"nearby",46,39
"nearby",6,15
"nearby",25,34
"nearby",50,44
"nearby",45,50
"nearby",44,51
"nearby",27,45
"nearby",40,10
"nearby",37,40
"nearby",35,45
"nearby",23,49
"nearby",5,1
"nearby",13,26
"nearby",32,3
"nearby",25,21
"nearby",23,12
"nearby",11,1
"nearby",38,36
"nearby",2,36
"nearby",13,39
"nearby",27,23
"nearby",16,16
"nearby",43,25
"nearby",24,16
"nearby",37,40
"nearby",4,28
"nearby",9,3
"nearby",16,32
"nearby",20,10
"nearby",12,9
"nearby",13,41
"nearby",49,50
"nearby",13,41
"nearby",47,44
"nearby",36,39
"nearby",28,10
"nearby",9,29
"nearby",11,3
"nearby",24,11
"nearby",23,30
"nearby",33,9
"nearby",15,51
"nearby",33,26
"nearby",17,23
"nearby",7,44
"nearby",12,33
"nearby",21,12
"nearby",4,27
"nearby",21,32
"nearby",16,29
"nearby",8,20
"nearby",27,35
"nearby",34,10
"nearby",27,1
"nearby",27,39
"nearby",4,30
"nearby",42,16
"nearby",23,9
"nearby",49,45
"nearby",6,31
"nearby",22,42
"nearby",49,28
"nearby",9,43
"nearby",39,21
"nearby",24,4
"nearby",26,26
"nearby",14,11
"nearby",29,22
"nearby",20,7
"nearby",46,47
"nearby",15,20
"nearby",40,22
"nearby",46,27
"nearby",21,45
"nearby",10,50
"nearby",44,47
"nearby",2,35
"nearby",15,46
"nearby",27,45
"nearby",48,41
"nearby",51,48
"nearby",41,17
"nearby",6,34
"nearby",13,45
"nearby",26,20
"nearby",49,51
"nearby",23,5
"nearby",14,35
"nearby",16,13
"nearby",41,37
"nearby",12,22
"nearby",22,5
"nearby",18,13
"nearby",2,3
"nearby",12,7
"nearby",1,3
"nearby",27,10
"nearby",31,3
"nearby",13,49
"nearby",32,18
"nearby",43,46
"nearby",25,9
"nearby",25,25
"nearby",4,27
"nearby",4,11
"nearby",32,16
"nearby",24,28
"nearby",31,2
"nearby",13,51
"nearby",1,34
"nearby",27,26
"nearby",14,4
"nearby",32,1
"nearby",22,48
"nearby",22,34
"nearby",37,34
"nearby",13,43
"nearby",6,10
"nearby",50,45
"nearby",51,43
"nearby",28,20
"nearby",28,48
"nearby",7,10
"nearby",27,10
"nearby",51,49
"nearby",50,51
"nearby",23,36
"nearby",49,42
"nearby",31,32
"nearby",2,36
"nearby",35,35
"nearby",13,4
"nearby",45,37
"nearby",10,20
"nearby",32,40
"nearby",42,22
"nearby",51,51
"nearby",23,7
"nearby",15,38
"nearby",42,24
"nearby",6,10
"nearby",47,40
"nearby",47,51
"nearby",21,20
"nearby",18,24
"nearby",4,29
"nearby",11,40
"nearby",2,49
"nearby",7,19
"nearby",36,35
"nearby",51,42
"nearby",5,26
"nearby",44,21
"nearby",26,10
"nearby",47,8
"nearby",25,13
"nearby",37,41
"nearby",32,17
"nearby",32,20
"nearby",15,19
"nearby",24,32
"nearby",9,1
"nearby",36,17
"nearby",41,12
"nearby",21,22
"nearby",26,34
"nearby",4,32
"nearby",23,31
"nearby",21,5
"nearby",31,16
"nearby",35,7
"nearby",18,40
"nearby",14,19
"nearby",11,22
"nearby",11,36
"nearby",32,28
"nearby",9,34
"nearby",14,10
"nearby",34,12
"nearby",21,7
"nearby",19,18
"nearby",16,10
"nearby",51,48
"nearby",21,5
"nearby",9,6
"nearby",36,3
"nearby",3,51
"nearby",20,3
"nearby",7,7
"nearby",35,8
"nearby",6,25
"nearby",35,30
"nearby",40,39
"nearby",51,51
"nearby",30,20
"nearby",25,11
"nearby",16,43
"nearby",51,49
"nearby",11,5
"nearby",44,39
"nearby",9,43
"nearby",7,41
"nearby",48,46
"nearby",12,7
"nearby",40,40
"nearby",17,13
"nearby",35,26
"nearby",44,30
"nearby",36,41
"nearby",7,23
"nearby",24,29
"nearby",26,33
"nearby",19,17
"nearby",31,28
"nearby",47,32
"nearby",11,44
"nearby",36,20
"nearby",46,42
"nearby",9,21
"nearby",29,30
"nearby",16,15
"nearby",25,44
"nearby",22,27
"nearby",32,43
"nearby",34,34
"nearby",14,48
"nearby",40,36
"nearby",6,5
"nearby",27,16
"nearby",7,15
"nearby",4,1
"nearby",23,12
"nearby",39,30
"nearby",21,17
"nearby",2,6
"nearby",40,20
"nearby",23,18
"nearby",14,45
"nearby",23,46
"nearby",27,4
"nearby",27,2
"nearby",33,31
"nearby",17,13
"nearby",35,43
"nearby",51,51
"nearby",13,7
"nearby",20,33
"nearby",26,32
"nearby",14,41
"nearby",47,43
"nearby",43,10
"nearby",33,51
"nearby",38,19
"nearby",29,6
"nearby",14,16
"nearby",32,5
"nearby",13,9
"nearby",22,16
"nearby",51,51
"nearby",47,24
"nearby",30,21
"nearby",35,37
"nearby",25,35
"nearby",46,44
"nearby",16,45
"nearby",17,23
"nearby",15,6
"nearby",44,24
"nearby",2,42
"nearby",23,32
"nearby",34,39
"nearby",26,28
"nearby",12,6
"nearby",15,24
"nearby",48,47
"nearby",44,7
"nearby",51,44
"nearby",8,15
"nearby",20,49
"nearby",32,37
"nearby",6,14
"nearby",30,43
"nearby",35,22
"nearby",2,39
"nearby",22,50
"nearby",16,16
"nearby",4,5
"nearby",1,39
"nearby",19,21
"nearby",38,30
"nearby",5,26
"nearby",29,25
"nearby",40,42
"nearby",27,19
"nearby",46,19
"nearby",27,15
"nearby",24,23
"nearby",40,42
"nearby",2,15
"nearby",25,16
"nearby",29,28
"nearby",6,4
"nearby",27,44
"nearby",22,12
"nearby",3,31
"nearby",28,9
"nearby",2,6
"nearby",32,9
"nearby",50,41
"nearby",10,37
"nearby",6,31
"nearby",5,28
"nearby",13,31
"nearby",37,3
"nearby",38,40
"nearby",33,17
"nearby",47,31
"nearby",49,44
"nearby",11,29
"nearby",29,2
"nearby",19,29
"nearby",35,27
"nearby",10,47
"nearby",27,4
"nearby",31,2
"nearby",40,39
"nearby",16,31
"nearby",35,12
"nearby",23,45
"nearby",15,39
"nearby",13,23
"nearby",21,23
"nearby",23,17
"nearby",5,28
"nearby",30,26
"nearby",45,7
"nearby",8,37
"nearby",9,2
"nearby",23,35
"nearby",25,23
"nearby",47,40
"nearby",1,21
"nearby",12,35
"nearby",36,7
"nearby",9,44
"nearby",34,44
"nearby",38,16
"nearby",4,21
"nearby",18,46
"nearby",2,37
"nearby",51,48
"nearby",19,22
"nearby",42,35
"nearby",39,1
"nearby",18,31
"nearby",51,36
"nearby",17,35
"nearby",23,7
"nearby",33,19
"nearby",25,12
"nearby",49,40
"nearby",28,49
"nearby",30,6
"nearby",1,48
"nearby",11,5
"nearby",43,23
"nearby",32,7
"nearby",2,50
"nearby",23,44
"nearby",34,29
"nearby",19,10
"nearby",25,33
"nearby",40,27
"nearby",50,41
"nearby",46,48
"nearby",17,26
"nearby",29,8
"nearby",29,46
"nearby",26,39
"nearby",16,12
"nearby",23,44
"nearby",10,26
"nearby",33,19
"nearby",46,36
"nearby",3,47
"nearby",21,39
"nearby",37,36
"nearby",39,6
"nearby",21,42
"nearby",12,22
"nearby",7,2
"nearby",3,32
"nearby",14,51
"nearby",9,22
"nearby",21,5
"nearby",25,4
"nearby",20,8
"nearby",26,20
"nearby",45,33
"nearby",50,45
"nearby",13,4
"nearby",14,14
"nearby",6,33
"nearby",15,13
"nearby",19,31
"nearby",26,15
"nearby",26,48
"nearby",35,11
"nearby",34,11
"nearby",34,31
"nearby",32,12
"nearby",39,4
"nearby",11,2
"nearby",35,10
"nearby",1,2
"nearby",46,46
"nearby",50,46
"nearby",8,33
"nearby",10,19
"nearby",50,35
"nearby",33,1
"nearby",35,29
"nearby",44,12
"nearby",25,31
"nearby",29,39
"nearby",1,33
"nearby",11,15
"nearby",24,6
"nearby",25,36
"nearby",12,24
"nearby",6,29
"nearby",9,18
"nearby",39,2
"nearby",47,40
"nearby",30,18
"nearby",25,29
"nearby",15,11
"nearby",3,46
"nearby",5,24
"nearby",40,41
"nearby",7,24
"nearby",20,48
"nearby",42,44
"nearby",4,31
"nearby",44,19
"nearby",16,4
"nearby",33,12
"nearby",29,1
"nearby",46,20
"nearby",36,13
"nearby",38,25
"nearby",25,13
"nearby",24,50
"nearby",50,40
"nearby",38,47
"nearby",19,20
"nearby",13,40
"nearby",35,10
"nearby",11,18
"nearby",4,35
"nearby",20,10
"nearby",44,51
"nearby",47,47
"nearby",14,30
"nearby",7,18
"nearby",28,6
"nearby",43,15
"nearby",14,47
"nearby",28,16
"nearby",25,6
"nearby",44,37
"nearby",24,29
"nearby",44,42
"nearby",25,45
"nearby",8,40
"nearby",36,18
"nearby",31,12
"nearby",26,20
"nearby",44,18
"nearby",4,9
"nearby",3,36
"nearby",6,37
"nearby",29,15
"nearby",49,36
"nearby",22,20
"nearby",29,20
"nearby",2,12
"nearby",43,29
"nearby",16,22
"nearby",28,22
"nearby",45,28
"nearby",4,2
"nearby",40,34
"nearby",19,20
"nearby",16,20
"nearby",35,41
"nearby",14,3
"nearby",25,32
"nearby",31,39
"nearby",31,1
"nearby",51,50
"nearby",45,26
"nearby",33,34
"nearby",32,15
"nearby",24,25
"nearby",51,49
"nearby",13,14
"nearby",43,25
"nearby",43,11
"nearby",38,1
"nearby",46,20
"nearby",25,37
"nearby",12,38
"nearby",45,48
"nearby",15,4
"nearby",4,4
"nearby",37,11
"nearby",26,18
"nearby",27,40
"nearby",50,50
"nearby",32,21
"nearby",35,25
"nearby",37,27
"nearby",25,8
"nearby",24,19
"nearby",34,32
"nearby",51,44
"nearby",43,17
"nearby",20,45
"nearby",17,2
"nearby",50,51
"nearby",30,12
"nearby",32,29
"nearby",44,24
"nearby",37,8
"nearby",21,51
"nearby",25,6
"nearby",7,37
"nearby",36,11
"nearby",43,27
"nearby",31,14
"nearby",10,43
"nearby",45,16
"nearby",33,5
"nearby",51,50
"nearby",30,21
"nearby",34,47
"nearby",36,7
"nearby",37,6
"nearby",51,40
"nearby",45,7
"nearby",13,14
"nearby",34,18
"nearby",51,49
"nearby",41,34
"nearby",45,15
"nearby",11,29
"nearby",41,45
"nearby",43,31
"nearby",39,48
"nearby",12,14
"nearby",34,25
"nearby",31,31
"nearby",28,10
"nearby",1,7
"nearby",1,49
"nearby",26,39
"nearby",24,34
"nearby",43,25
"nearby",34,20
"nearby",1,1
"nearby",37,20
"nearby",50,44
"nearby",48,50
"nearby",38,50
"nearby",9,3
"nearby",32,6
"nearby",44,44
"nearby",38,26
"nearby",33,46
"nearby",10,31
"nearby",7,13
"nearby",36,15
"nearby",13,27
"nearby",6,23
"nearby",47,31
"nearby",17,35
"nearby",47,19
"nearby",18,30
"nearby",3,51
"nearby",19,26
"nearby",41,21
"nearby",21,23
"nearby",3,1
"nearby",13,19
"nearby",10,8
"nearby",3,6
"nearby",30,49
"nearby",34,19
"nearby",15,15
"nearby",14,16
"nearby",34,10
"nearby",3,26
"nearby",49,36
"nearby",43,32
"nearby",25,28
"nearby",49,49
"nearby",27,26
"nearby",1,18
"nearby",29,35
"nearby",21,8
"nearby",17,14
"nearby",30,14
"nearby",22,18
"nearby",17,17
"nearby",13,22
"nearby",5,25
"nearby",25,37
"nearby",12,15
"nearby",34,34
"nearby",30,15
"nearby",5,8
"nearby",20,23
"nearby",18,8
"nearby",40,48
"nearby",47,51
"nearby",4,37
"nearby",30,39
"nearby",6,50
"nearby",37,34
"nearby",18,28
"nearby",13,5
"nearby",16,16
"nearby",38,2
"nearby",27,11
"nearby",38,13
"nearby",17,23
"nearby",17,1
"nearby",31,3
"nearby",28,7
"nearby",5,26
"nearby",15,27
"nearby",3,49
"nearby",1,35
"nearby",16,5
"nearby",44,39
"nearby",24,7
"nearby",38,31
"nearby",6,10
"nearby",28,13
"nearby",7,21
"nearby",46,51
"nearby",16,46
"nearby",34,46
"nearby",31,30
"nearby",50,42
"nearby",36,37
"nearby",20,7
"nearby",12,49
"nearby",49,28
"nearby",38,4
"nearby",50,50
"nearby",43,45
"nearby",27,40
"nearby",14,42
"nearby",5,28
"nearby",37,24
"nearby",35,3
"nearby",13,31
"nearby",18,39
"nearby",31,36
"nearby",43,42
"nearby",17,12
"nearby",21,38
"nearby",27,21
"nearby",16,2
"nearby",29,11
"nearby",48,9
"nearby",6,43
"nearby",31,50
"nearby",26,32
"nearby",29,3
"nearby",13,8
"nearby",48,15
"nearby",33,18
"nearby",3,3
"nearby",18,6
"nearby",29,33
"nearby",44,33
"nearby",24,15
"nearby",45,21
"nearby",3,26
"nearby",3,14
"nearby",23,12
"nearby",41,38
"nearby",33,43
"nearby",11,17
"nearby",14,28
"nearby",7,32
"nearby",33,14
"nearby",37,36
"nearby",48,44
"nearby",48,33
"nearby",10,38
"nearby",49,24
"nearby",41,22
"nearby",29,36
"nearby",9,12
"nearby",3,9
"nearby",43,34
"nearby",5,4
"nearby",23,4
"nearby",9,3
"nearby",33,21
"nearby",21,32
"nearby",39,38
"nearby",2,32
"nearby",1,23
"nearby",50,51
"nearby",45,38
"nearby",9,50
"nearby",11,2
"nearby",48,37
"nearby",7,30
"nearby",44,37
"nearby",22,40
"nearby",11,12
"nearby",21,23
"nearby",22,25
"nearby",25,5
"nearby",28,34
"nearby",24,20
"nearby",46,41
"nearby",35,24
"nearby",8,3
"nearby",30,11
"nearby",45,44
"nearby",14,17
"nearby",38,29
"nearby",39,5
"nearby",36,14
"nearby",14,26
"nearby",14,12
"nearby",17,16
"nearby",10,7
"nearby",18,1
"nearby",11,46
"nearby",43,47
"nearby",29,3
"nearby",20,22
"nearby",11,35
"nearby",46,9
"nearby",26,30
"nearby",43,35
"nearby",50,49
"nearby",39,16
"nearby",30,33
"nearby",14,46
"nearby",7,45
"nearby",36,36
"nearby",1,20
"nearby",22,12
"nearby",50,31
"nearby",35,11
"nearby",25,51
"nearby",35,2
"nearby",11,46
"nearby",15,39
"nearby",12,17
"nearby",40,47
"nearby",26,39
"nearby",50,51
"nearby",17,13
"nearby",33,15
"nearby",43,41
"nearby",43,51
"nearby",27,49
"nearby",20,3
"nearby",40,21
"nearby",4,28
"nearby",1,23
"nearby",6,33
"nearby",11,6
"nearby",2,17
"nearby",38,13
"nearby",20,45
"nearby",44,7
"nearby",33,9
"nearby",46,47
"nearby",9,21
"nearby",34,43
"nearby",50,50
"nearby",31,12
"nearby",44,40
"nearby",20,32
"nearby",34,45
"nearby",5,28
"nearby",33,18
"nearby",45,29
"nearby",6,35
"nearby",19,26
"nearby",21,50
"nearby",29,24
"nearby",19,9
"nearby",41,18
"nearby",40,32
"nearby",48,1
"nearby",21,35
"nearby",13,5
"nearby",35,23
"nearby",21,8
"nearby",45,41
"nearby",30,17
"nearby",11,23
"nearby",12,47
"nearby",38,19
"nearby",9,15
"nearby",19,2
"nearby",17,11
"nearby",24,43
"nearby",47,29
"nearby",2,12
"nearby",38,12
"nearby",2,31
"nearby",13,33
"nearby",7,3
"nearby",28,34
"nearby",1,26
"nearby",40,30
"nearby",39,33
"nearby",12,27
"nearby",29,25
"nearby",8,18
"nearby",9,16
"nearby",2,4
"nearby",23,49
"nearby",49,16
"nearby",51,47
"nearby",51,44
"nearby",46,33
"nearby",39,17
"nearby",39,38
"nearby",9,37
"nearby",37,5
"nearby",44,25
"nearby",15,20
"nearby",26,22
"nearby",10,19
"nearby",42,45
"nearby",26,28
"nearby",18,31
"nearby",41,46
"nearby",3,1
"nearby",18,22
"nearby",24,11
"nearby",18,33
"nearby",37,5
"nearby",48,33
"nearby",37,33
"nearby",48,28
"nearby",45,37
"nearby",9,6
"nearby",14,26
"nearby",27,40
"nearby",11,39
"nearby",28,2
"nearby",36,24
"nearby",6,9
"nearby",24,1
"nearby",37,33
"nearby",38,33
"nearby",20,5
"nearby",28,39
"nearby",29,11
"nearby",10,15
"nearby",13,35
"nearby",20,9
"nearby",8,12
"nearby",23,1
"nearby",32,33
"nearby",17,31
"nearby",50,34
"nearby",13,43
"nearby",1,20
"nearby",42,31
"nearby",39,34
"nearby",49,47
"nearby",16,28
"nearby",25,35
"nearby",42,51
"nearby",5,21
"nearby",45,48
"nearby",10,17
"nearby",22,29
"nearby",2,21
"nearby",39,45
"nearby",27,6
"nearby",39,42
"nearby",44,48
"nearby",14,18
"nearby",2,41
"nearby",29,8
"nearby",15,36
"nearby",28,34
"nearby",15,17
"nearby",17,23
"nearby",42,8
"nearby",11,8
"nearby",39,36
"nearby",43,50
"nearby",17,5
"nearby",27,40
"nearby",23,37
"nearby",45,20
"nearby",39,30
"nearby",25,26
"nearby",11,25
"nearby",14,12
"nearby",47,6
"nearby",49,49
"nearby",45,45
"nearby",6,9
"nearby",24,5
"nearby",16,13
"nearby",3,46
"nearby",35,9
"nearby",11,45
"nearby",33,8
"nearby",10,12
"nearby",10,4
"nearby",9,3
"nearby",38,30
"nearby",6,34
"nearby",47,19
"nearby",51,26
"nearby",47,36
"nearby",33,10
"nearby",14,7
"nearby",28,33
"nearby",24,28
"nearby",23,8
"nearby",25,23
"nearby",16,11
"nearby",39,21
"nearby",49,34
"nearby",16,30
"nearby",14,36
"nearby",10,39
"nearby",20,4
"nearby",20,14
"nearby",10,5
"nearby",25,44
"nearby",28,31
"nearby",25,11
"nearby",22,12
"nearby",36,38
"nearby",10,28
"nearby",13,30
"nearby",4,12
"nearby",47,51
"nearby",47,20
"nearby",37,20
"nearby",33,27
"nearby",1,1
"nearby",16,19
"nearby",23,6
"nearby",7,32
"nearby",51,47
"nearby",8,37
"nearby",42,36
"nearby",47,37
"nearby",27,12
"nearby",48,51
"nearby",26,37
"nearby",27,27
"nearby",38,8
"nearby",2,32
"nearby",17,5
"nearby",9,12
"nearby",38,15
"nearby",35,7
"nearby",29,1
"nearby",13,12
"nearby",20,51
"nearby",3,41
"nearby",11,20
"nearby",44,14
"nearby",33,2
"nearby",37,27
"nearby",45,25
"nearby",12,23
"nearby",10,21
"nearby",43,49
"nearby",46,47
"nearby",26,16
"nearby",22,44
"nearby",28,28
"nearby",36,27
"nearby",2,20
"nearby",44,47
"nearby",42,12
"nearby",15,33
"nearby",15,47
"nearby",19,47
"nearby",40,11
"nearby",27,18
"nearby",43,4
"nearby",16,40
"nearby",14,3
"nearby",4,7
"nearby",37,34
"nearby",5,42
"nearby",40,51
"nearby",41,4
"nearby",38,15
"nearby",27,51
"nearby",40,29
"nearby",34,7
"nearby",48,44
"nearby",39,21
"nearby",34,36
"nearby",51,48
"nearby",14,14
"nearby",35,15
"nearby",42,39
"nearby",32,6
"nearby",38,29
"nearby",32,40
"nearby",48,21
"nearby",23,43
"nearby",28,22
"nearby",19,19
"nearby",14,8
"nearby",50,49
"nearby",37,49
"nearby",9,41
"nearby",35,20
"nearby",5,1
"nearby",25,38
"nearby",9,26
"nearby",6,41
"nearby",6,36
"nearby",45,35
"nearby",50,51
"nearby",37,30
"nearby",38,23
"nearby",36,11
"nearby",22,22
"nearby",14,38
"nearby",8,50
"nearby",7,1
"nearby",37,9
"nearby",20,39
"nearby",29,51
"nearby",12,44
"nearby",25,29
"nearby",17,1
"nearby",35,11
"nearby",40,13
"nearby",20,19
"nearby",20,2
"nearby",17,22
"nearby",45,19
"nearby",38,35
"nearby",9,36
"nearby",23,12
"nearby",18,11
"nearby",25,9
"nearby",29,8
"nearby",48,45
"nearby",30,39
"nearby",23,17
"nearby",49,33
"nearby",51,31
"nearby",27,11
"nearby",6,17
"nearby",29,39
"nearby",21,9
"nearby",9,36
"nearby",5,14
"nearby",9,13
"nearby",49,47
"nearby",6,15
"nearby",7,30
"nearby",38,12
"nearby",8,1
"nearby",4,39
"nearby",43,25
"nearby",6,6
"nearby",34,23
"nearby",42,2
"nearby",47,34
"nearby",26,2
"nearby",43,11
"nearby",31,41
"nearby",8,6
"nearby",7,7
"nearby",34,24
"nearby",26,14
"nearby",38,25
"nearby",51,50
"nearby",10,48
"nearby",16,14
"nearby",27,33
"nearby",13,28
"nearby",28,5
"nearby",21,21
"nearby",13,3
"nearby",2,27
"nearby",37,37
"nearby",11,16
"nearby",16,13
"nearby",27,44
"nearby",42,25
"nearby",18,21
"nearby",37,10
"nearby",21,43
"nearby",37,16
"nearby",6,4
"nearby",24,11
"nearby",16,1
"nearby",6,27
"nearby",12,36
"nearby",29,25
"nearby",38,44
"nearby",30,46
"nearby",38,13
"nearby",47,49
"nearby",30,2
"nearby",41,9
"nearby",15,26
"nearby",20,35
"nearby",32,12
"nearby",48,45
"nearby",24,31
"nearby",46,51
"nearby",14,25
"nearby",25,30
"nearby",34,27
"nearby",19,2
"nearby",41,51
"nearby",41,14
"nearby",10,7
"nearby",34,6
"nearby",28,13
"nearby",44,46
"nearby",10,15
"nearby",47,32
"nearby",11,41
"nearby",39,47
"nearby",30,37
"nearby",24,11
"nearby",10,25
"nearby",17,43
"nearby",11,5
"nearby",42,29
"nearby",3,51
"nearby",32,2
"nearby",1,11
"nearby",42,26
"nearby",22,42
"nearby",19,33
"nearby",26,18
"nearby",19,4
"nearby",35,30
"nearby",51,50
"nearby",35,30
"nearby",34,37
"nearby",4,33
"nearby",20,8
"nearby",28,26
"nearby",12,50
"nearby",47,15
"nearby",46,9
"nearby",42,13
"nearby",4,26
"nearby",36,24
"nearby",42,16
"nearby",7,35
"nearby",3,19
"nearby",29,23
"nearby",4,29
"nearby",27,21
"nearby",11,2
"nearby",15,14
"nearby",26,29
"nearby",50,51
"nearby",31,27
"nearby",48,41
"nearby",28,21
"nearby",28,37
"nearby",20,11
"nearby",21,47
"nearby",46,32
"nearby",44,43
"nearby",48,48
"nearby",6,14
"nearby",19,38
"nearby",24,32
"nearby",17,22
"nearby",42,1
"nearby",36,8
"nearby",25,29
"nearby",24,21
"nearby",15,7
"nearby",5,15
"nearby",22,41
"nearby",17,4
"nearby",23,8
"nearby",16,48
"nearby",17,31
"nearby",26,3
"nearby",21,48
"nearby",7,41
"nearby",10,34
"nearby",15,15
"nearby",39,48
"nearby",8,5
"nearby",36,20
"nearby",40,29
"nearby",49,15
"nearby",40,39
"nearby",19,19
"nearby",18,4
"nearby",23,28
"nearby",32,36
"nearby",36,36
"nearby",3,31
"nearby",3,23
"nearby",6,43
"nearby",2,11
"nearby",49,48
"nearby",13,48
"nearby",41,20
"nearby",20,27
"nearby",5,14
"nearby",28,5
"nearby",26,41
"nearby",3,36
"nearby",42,7
"nearby",49,39
"nearby",40,22
"nearby",21,43
"nearby",33,10
"nearby",33,10
"nearby",16,36
"nearby",16,15
"nearby",10,4
"nearby",49,49
"nearby",35,32
"nearby",44,44
"nearby",51,50
"nearby",6,6
"nearby",4,13
"nearby",29,3
"nearby",8,7
"nearby",23,31
"nearby",1,24
"nearby",22,28
"nearby",10,26
"nearby",40,35
"nearby",20,20
"nearby",48,34
"nearby",50,38
"nearby",24,10
"nearby",32,5
"nearby",15,38
"nearby",6,26
"nearby",37,22
"nearby",43,30
"nearby",11,28
"nearby",46,46
"nearby",23,30
"nearby",41,50
"nearby",33,26
"nearby",24,45
"nearby",13,16
"nearby",33,3
"nearby",32,41
"nearby",8,17
"nearby",9,10
"nearby",32,22
"nearby",37,33
"nearby",17,31
"nearby",42,29
"nearby",4,45
"nearby",46,24
"nearby",28,18
"nearby",41,44
"nearby",33,47
"nearby",2,44
"nearby",32,37
"nearby",21,49
"nearby",30,7
"nearby",31,10
"nearby",27,11
"nearby",8,13
"nearby",28,13
"nearby",3,28
"nearby",14,36
"nearby",27,21
"nearby",42,2
"nearby",1,39
"nearby",36,4
"nearby",14,33
"nearby",44,42
"nearby",23,21
"nearby",9,27
"nearby",38,25
"nearby",27,39
"nearby",30,33
"nearby",12,46
"nearby",43,47
"nearby",46,40
"nearby",15,7
"nearby",42,10
"nearby",27,25
"nearby",13,23
"nearby",42,47
"nearby",42,8
"nearby",19,31
"nearby",47,28
"nearby",29,22
"nearby",45,29
"nearby",41,42
"nearby",6,37
"nearby",28,40
"nearby",16,39
"nearby",2,49
"nearby",9,16
"nearby",51,47
"nearby",44,43
"nearby",4,35
"nearby",30,16
"nearby",21,21
"nearby",7,28
"nearby",43,38
"nearby",19,14
"nearby",42,48
"nearby",41,42
"nearby",14,46
"nearby",33,26
"nearby",41,32
"nearby",38,22
"nearby",41,40
"nearby",22,35
"nearby",37,43
"nearby",24,27
"nearby",11,11
"nearby",22,28
"nearby",21,5
"nearby",28,34
"nearby",26,17
"nearby",41,41
"nearby",15,7
"nearby",21,9
"nearby",31,28
"nearby",17,21
"nearby",36,3
"nearby",23,18
"nearby",11,43
"nearby",27,4
"nearby",10,49
"nearby",2,51
"nearby",21,8
"nearby",2,45
"nearby",29,17
"nearby",8,12
"nearby",9,4
"nearby",23,3
"nearby",4,33
"nearby",5,16
"nearby",24,36
"nearby",8,15
"nearby",15,26
"nearby",8,1
"nearby",38,39
"nearby",32,44
"nearby",24,38
"nearby",35,19
"nearby",51,50
"nearby",15,3
"nearby",30,29
"nearby",27,17
"nearby",33,5
"nearby",40,38
"nearby",25,17
"nearby",33,13
"nearby",26,3
"nearby",9,35
"nearby",34,42
"nearby",19,31
"nearby",25,2
"nearby",26,5
"nearby",8,29
"nearby",26,33
"nearby",8,32
"nearby",39,12
"nearby",37,16
"nearby",17,38
"nearby",6,45
"nearby",42,39
"nearby",38,21
"nearby",13,10
"nearby",41,33
"nearby",50,46
"nearby",14,12
"nearby",33,26
"nearby",16,31
"nearby",37,19
"nearby",6,49
"nearby",2,44
"nearby",35,12
"nearby",36,10
"nearby",32,30
"nearby",31,14
"nearby",47,14
"nearby",34,25
"nearby",7,23
"nearby",31,6
"nearby",33,35
"nearby",40,14
"nearby",13,11
"nearby",41,2
"nearby",36,26
"nearby",38,35
"nearby",19,3
"nearby",44,19
"nearby",30,13
"nearby",13,27
"nearby",41,40
"nearby",27,18
"nearby",19,46
"nearby",25,4
"nearby",39,47
"nearby",35,29
"nearby",38,35
"nearby",21,32
"nearby",14,12
"nearby",21,41
"nearby",10,22
"nearby",17,13
"nearby",40,17
"nearby",38,17
"nearby",38,6
"nearby",18,8
"nearby",12,43
"nearby",12,15
"nearby",25,6
"nearby",15,32
"nearby",13,34
"nearby",9,10
"nearby",13,34
"nearby",42,31
"nearby",6,23
"nearby",29,3
"nearby",8,15
"nearby",37,50
"nearby",1,47
"nearby",34,47
"nearby",7,15
"nearby",34,12
"nearby",44,51
"nearby",47,51
"nearby",24,39
"nearby",22,12
"nearby",24,40
"nearby",49,34
"nearby",42,44
"nearby",51,41
"nearby",6,1
"nearby",33,42
"nearby",14,45
"nearby",7,3
"nearby",22,42
"nearby",18,6
"nearby",39,51
"nearby",48,42
"nearby",1,51
"nearby",10,4
"nearby",32,3
"nearby",33,48
"nearby",51,50
"nearby",12,42
"nearby",40,22
"nearby",33,28
"nearby",11,6
"nearby",15,20
"nearby",49,48
"nearby",15,30
"nearby",34,51
"nearby",33,13
"nearby",28,35
"nearby",23,16
"nearby",13,29
"nearby",23,33
"nearby",48,50
"nearby",2,7
"nearby",42,30
"nearby",46,20
"nearby",26,10
"nearby",9,43
"nearby",14,2
"nearby",48,26
"nearby",27,9
"nearby",42,10
"nearby",2,15
"nearby",9,6
"nearby",35,13
"nearby",3,14
"nearby",4,35
"nearby",45,49
"nearby",30,5
"nearby",14,8
"nearby",34,48
"nearby",39,33
"nearby",23,31
"nearby",44,18
"nearby",30,13
"nearby",25,27
"nearby",37,37
"nearby",35,16
"nearby",38,15
"nearby",47,47
"nearby",4,10
"nearby",4,38
"nearby",14,11
"nearby",21,48
"nearby",6,12
"nearby",50,45
"nearby",22,7
"nearby",51,44
"nearby",36,6
"nearby",25,25
"nearby",25,21
"nearby",21,41
"nearby",42,9
"nearby",30,47
"nearby",8,12
"nearby",31,16
"nearby",38,25
"nearby",26,34
"nearby",9,44
"nearby",12,13
"nearby",17,36
"nearby",44,34
"nearby",23,7
"nearby",33,40
"nearby",28,2
"nearby",39,31
"nearby",13,13
"nearby",10,19
"nearby",42,22
"nearby",2,2
"nearby",3,13
"nearby",26,50
"nearby",42,51
"nearby",31,46
"nearby",3,34
"nearby",31,24
"nearby",21,8
"nearby",23,8
"nearby",23,6
"nearby",7,44
"nearby",44,46
"nearby",32,32
"nearby",36,49
"nearby",29,10
"nearby",9,6
"nearby",10,33
"nearby",17,14
"nearby",35,27
"nearby",25,15
"nearby",24,16
"nearby",7,30
"nearby",22,40
"nearby",11,4
"nearby",20,29
"nearby",5,44
"nearby",7,21
"nearby",24,14
"nearby",22,25
"nearby",49,44
"nearby",44,12
"nearby",40,13
"nearby",43,34
"nearby",29,15
"nearby",32,44
"nearby",9,17
"nearby",33,29
"nearby",12,22
"nearby",37,37
"nearby",16,44
"nearby",49,42
"nearby",42,35
"nearby",5,33
"nearby",14,28
"nearby",26,37
"nearby",25,15
"nearby",40,42
"nearby",6,21
"nearby",40,34
"nearby",2,26
"nearby",51,51
"nearby",36,37
"nearby",27,40
"nearby",38,30
"nearby",30,21
"nearby",5,27
"nearby",22,17
"nearby",38,32
"nearby",21,25
"nearby",18,7
"nearby",22,28
"nearby",30,12
"nearby",23,44
"nearby",19,17
"nearby",1,23
"nearby",2,10
"nearby",35,3
"nearby",39,1
"nearby",37,28
"nearby",23,38
"nearby",2,9
"nearby",5,10
"nearby",3,29
"nearby",45,39
"nearby",32,5
"nearby",9,30
"nearby",27,26
"nearby",43,24
"nearby",3,32
"nearby",12,2
"nearby",23,1
"nearby",15,7
"nearby",28,26
"nearby",24,7
"nearby",46,50
"nearby",44,39
"nearby",27,3
"nearby",39,36
"nearby",48,51
"nearby",32,10
"nearby",51,50
"nearby",42,44
"nearby",51,42
"nearby",12,47
"nearby",45,24
"nearby",8,10
"nearby",2,33
"nearby",4,8
"nearby",44,4
"nearby",29,41
"nearby",11,31
"nearby",30,28
"nearby",26,23
"nearby",42,34
"nearby",7,39
"nearby",41,34
"nearby",39,15
"nearby",22,12
"nearby",29,49
"nearby",13,21
"nearby",38,40
"nearby",10,35
"nearby",1,31
"nearby",49,28
"nearby",36,32
"nearby",6,2
"nearby",47,31
"nearby",21,18
"nearby",11,33
"nearby",29,37
"nearby",37,31
"nearby",44,45
"nearby",50,51
"nearby",12,16
"nearby",5,23
"nearby",27,43
"nearby",48,18
"nearby",40,20
"nearby",39,35
"nearby",22,5
"nearby",46,22
"nearby",16,3
"nearby",8,15
"nearby",21,12
"nearby",27,9
"nearby",5,50
"nearby",25,39
"nearby",21,35
"nearby",36,28
"nearby",24,3
"nearby",22,19
"nearby",7,13
"nearby",17,50
"nearby",11,9
"nearby",41,12
"nearby",17,4
"nearby",41,40
"nearby",14,4
"nearby",44,50
"nearby",5,51
"nearby",2,42
"nearby",33,42
"nearby",10,17
"nearby",20,20
"nearby",47,29
"nearby",28,15
"nearby",13,39
"nearby",48,50
"nearby",49,10
"nearby",30,11
"nearby",21,41
"nearby",33,13
"nearby",21,51
"nearby",9,13
"nearby",24,16
"nearby",22,24
"nearby",42,38
"nearby",47,31
"nearby",12,23
"nearby",14,23
"nearby",20,16
"nearby",35,35
"nearby",51,42
"nearby",1,3
"nearby",33,50
"nearby",6,39
"nearby",1,25
"nearby",41,49
"nearby",38,45
"nearby",15,25
"nearby",44,29
"nearby",38,31
"nearby",6,20
"nearby",20,10
"nearby",14,2
"nearby",30,32
"nearby",8,2
"nearby",33,37
"nearby",46,6
"nearby",31,27
"nearby",15,35
"nearby",40,23
"nearby",41,29
"nearby",30,7
"nearby",21,38
"nearby",50,48
"nearby",15,43
"nearby",34,27
"nearby",41,22
"nearby",26,15
"nearby",27,26
"nearby",12,2
"nearby",44,31
"nearby",33,22
"nearby",35,10
"nearby",26,4
"nearby",29,29
"nearby",23,49
"nearby",15,17
"nearby",35,12
"nearby",27,42
"nearby",45,10
"nearby",30,5
"nearby",36,11
"nearby",8,29
"nearby",46,26
"nearby",28,22
"nearby",42,32
"nearby",15,35
"nearby",16,5
"nearby",47,44
"nearby",29,14
"nearby",30,44
"nearby",35,51
"nearby",16,33
"nearby",40,29
"nearby",28,37
"nearby",26,30
"nearby",49,43
"nearby",4,39
"nearby",11,39
"nearby",33,18
"nearby",26,19
"nearby",38,43
"nearby",1,19
"nearby",35,8
"nearby",49,39
"nearby",32,32
"nearby",49,51
"nearby",40,50
"nearby",2,8
"nearby",31,13
"nearby",13,41
"nearby",46,49
"nearby",29,7
"nearby",4,38
"nearby",17,21
"nearby",10,24
"nearby",42,50
"nearby",44,7
"nearby",30,16
"nearby",42,22
"nearby",28,50
"nearby",26,21
"nearby",12,14
"nearby",26,30
"nearby",13,30
"nearby",35,2
"nearby",9,38
"nearby",37,51
"nearby",8,22
"nearby",24,30
"nearby",19,46
"nearby",17,6
"nearby",24,28
"nearby",5,8
"nearby",36,4
"nearby",11,23
"nearby",18,11
"nearby",11,39
"nearby",33,22
"nearby",5,44
"nearby",36,7
"nearby",25,1
"nearby",50,41
"nearby",11,26
"nearby",8,43
"nearby",46,13
"nearby",46,5
"nearby",31,8
"nearby",12,22
"nearby",26,17
"nearby",47,35
"nearby",44,34
"nearby",34,37
"nearby",11,12
"nearby",27,6
"nearby",26,23
"nearby",42,40
"nearby",37,35
"nearby",11,38
"nearby",12,50
"nearby",24,23
"nearby",50,43
"nearby",24,35
"nearby",31,8
"nearby",2,40
"nearby",9,24
"nearby",22,37
"nearby",23,12
"nearby",45,44
"nearby",3,30
"nearby",39,13
"nearby",34,33
"nearby",18,34
"nearby",27,5
"nearby",4,15
"nearby",2,49
"nearby",37,17
"nearby",30,2
"nearby",4,44
"nearby",50,46
"nearby",13,20
"nearby",46,40
"nearby",21,29
"nearby",10,6
"nearby",33,22
"nearby",11,10
"nearby",17,7
"nearby",51,45
"nearby",30,43
"nearby",6,21
"nearby",12,10
"nearby",20,40
"nearby",11,44
"nearby",35,18
"nearby",1,8
"nearby",8,20
"nearby",21,15
"nearby",28,3
"nearby",32,8
"nearby",18,3
"nearby",21,38
"nearby",3,3
"nearby",32,50
"nearby",29,2
"nearby",2,36
"nearby",39,5
"nearby",15,14
"nearby",39,26
"nearby",46,39
"nearby",4,25
"nearby",12,3
"nearby",19,16
"nearby",17,5
"nearby",19,31
"nearby",49,42
"nearby",44,13
"nearby",45,31
"nearby",46,48
"nearby",4,14
"nearby",10,15
"nearby",11,23
"nearby",23,41
"nearby",27,20
"nearby",15,33
"nearby",29,32
"nearby",2,41
"nearby",20,25
"nearby",44,39
"nearby",6,40
"nearby",2,39
"nearby",36,11
"nearby",30,34
"nearby",25,4
"nearby",42,37
"nearby",24,2
"nearby",9,37
"nearby",25,31
"nearby",21,1
"nearby",23,7
"nearby",2,5
"nearby",46,29
"nearby",46,5
"nearby",14,35
"nearby",36,10
"nearby",10,19
"nearby",35,17
"nearby",23,49
"nearby",9,12
"nearby",33,19
"nearby",17,43
"nearby",16,21
"nearby",18,1
"nearby",16,27
"nearby",33,32
"nearby",19,2
"nearby",27,30
"nearby",30,48
"nearby",27,10
"nearby",6,16
"nearby",27,3
"nearby",6,26
"nearby",41,40
"nearby",3,15
"nearby",51,51
"nearby",21,17
"nearby",3,29
"nearby",20,25
"nearby",24,49
"nearby",11,25
"nearby",9,2
"nearby",36,25
"nearby",47,51
"nearby",17,11
"nearby",1,4
"nearby",42,26
"nearby",22,32
"nearby",42,12
"nearby",13,16
"nearby",28,4
"nearby",17,41
"nearby",36,33
"nearby",16,4
"nearby",46,10
"nearby",14,21
"nearby",33,9
"nearby",8,32
"nearby",47,8
"nearby",48,16
"nearby",6,8
"nearby",17,3
"nearby",32,48
"nearby",10,8
"nearby",36,12
"nearby",14,40
"nearby",24,19
"nearby",4,11
"nearby",27,17
"nearby",41,16
"nearby",41,42
"nearby",6,36
"nearby",21,12
"nearby",11,12
"nearby",49,44
"nearby",51,42
"nearby",14,13
"nearby",15,33
"nearby",42,46
"nearby",33,11
"nearby",29,2
"nearby",16,32
"nearby",9,4
"nearby",2,26
"nearby",2,26
"nearby",48,34
"nearby",46,51
"nearby",19,22
"nearby",33,5
"nearby",29,20
"nearby",3,14
"nearby",16,31
"nearby",42,30
"nearby",9,5
"nearby",6,48
"nearby",36,36
"nearby",44,12
"nearby",18,4
"nearby",10,16
"nearby",30,18
"nearby",14,50
"nearby",38,28
"nearby",28,7
"nearby",7,20
"nearby",1,9
"nearby",5,13
"nearby",2,18
"nearby",34,10
"nearby",26,36
"nearby",20,3
"nearby",27,15
"nearby",41,31
"nearby",50,37
"nearby",15,13
"nearby",43,40
"nearby",37,23
"nearby",39,7
"nearby",3,38
"nearby",25,49
"nearby",51,50
"nearby",6,32
"nearby",43,30
"nearby",34,4
"nearby",25,40
"nearby",2,24
"nearby",17,3
"nearby",51,51
"nearby",20,7
"nearby",2,23
"nearby",48,43
"nearby",14,2
"nearby",25,13
"nearby",46,44
"nearby",43,12
"nearby",1,9
"nearby",9,3
"nearby",10,36
"nearby",22,47
"nearby",11,30
"nearby",8,43
"nearby",22,1
"nearby",22,34
"nearby",9,16
"nearby",39,7
"nearby",16,6
"nearby",42,35
"nearby",31,17
"nearby",28,45
"nearby",48,16
"nearby",12,5
"nearby",28,16
"nearby",20,18
"nearby",5,26
"nearby",43,17
"nearby",16,21
"nearby",44,45
"nearby",22,24
"nearby",45,40
"nearby",45,32
"nearby",34,36
"nearby",38,34
"nearby",51,38
"nearby",47,48
"nearby",41,25
"nearby",36,2
"nearby",13,32
"nearby",38,19
"nearby",33,40
"nearby",49,50
"nearby",11,26
"nearby",37,16
"nearby",2,42
"nearby",14,28
"nearby",19,30
"nearby",40,6
"nearby",42,35
"nearby",30,44
"nearby",26,26
"nearby",43,4
"nearby",9,20
"nearby",11,7
"nearby",9,46
"nearby",46,2
"nearby",28,36
"nearby",7,11
"nearby",2,19
"nearby",47,40
"nearby",20,22
"nearby",24,20
"nearby",40,51
"nearby",20,41
"nearby",2,38
"nearby",40,31
"nearby",15,17
"nearby",32,4
"nearby",36,12
"nearby",23,18
"nearby",35,16
"nearby",46,49
"nearby",20,10
"nearby",21,4
"nearby",41,39
"nearby",30,15
"nearby",28,30
"nearby",47,42
"nearby",24,14
"nearby",37,38
"nearby",38,45
"nearby",26,18
"nearby",46,25
"nearby",20,35
"nearby",31,19
"nearby",50,47
"nearby",47,32
"nearby",42,14
"nearby",23,24
"nearby",45,14
"nearby",29,26
"nearby",4,39
"nearby",2,47
"nearby",21,4
"nearby",3,26
"nearby",4,10
"nearby",21,27
"nearby",49,10
"nearby",37,3
"nearby",31,21
"nearby",15,28
"nearby",5,38
"distant",10,7
"distant",41,39
"distant",19,20
"distant",12,15
"distant",10,7
"distant",47,42
"distant",15,15
"distant",15,9
"distant",1,2
"distant",24,20
"distant",50,48
"distant",4,14
"distant",21,38
"distant",8,12
"distant",14,12
"distant",44,37
"distant",15,8
"distant",50,45
"distant",34,42
"distant",44,33
"distant",12,12
"distant",44,39
"distant",49,40
"distant",25,18
"distant",5,4
"distant",1,5
"distant",12,5
"distant",43,36
"distant",20,28
"distant",29,29
"distant",7,10
"distant",16,14
"distant",3,3
"distant",47,38
"distant",50,50
"distant",46,42
"distant",5,8
"distant",33,37
"distant",40,48
"distant",31,21
"distant",38,40
"distant",51,49
"distant",10,8
"distant",50,51
"distant",44,46
"distant",51,51
"distant",14,11
"distant",46,41
"distant",21,30
"distant",5,10
"distant",38,45
"distant",46,34
"distant",44,47
"distant",15,23
"distant",45,42
"distant",2,3
"distant",23,17
"distant",49,48
"distant",15,26
"distant",47,44
"distant",38,36
"distant",14,17
"distant",7,5
"distant",3,12
"distant",27,27
"distant",45,40
"distant",50,50
"distant",18,12
"distant",10,20
"distant",49,43
"distant",51,51
"distant",46,40
"distant",1,2
"distant",46,39
"distant",6,5
"distant",23,18
"distant",38,31
"distant",34,34
"distant",38,28
"distant",29,23
"distant",1,1
"distant",35,27
"distant",23,21
"distant",9,9
"distant",30,39
"distant",49,42
"distant",3,1
"distant",32,34
"distant",7,11
"distant",19,22
"distant",46,41
"distant",47,47
"distant",24,22
"distant",51,48
"distant",29,28
"distant",38,39
"distant",27,26
"distant",36,36
"distant",3,4
"distant",21,22
"distant",26,18
"distant",33,35
"distant",41,32
"distant",50,40
"distant",16,18
"distant",27,18
"distant",2,1
"distant",37,38
"distant",2,1
"distant",3,13
"distant",41,35
"distant",9,6
"distant",14,13
"distant",13,36
"distant",37,37
"distant",20,26
"distant",26,24
"distant",49,42
"distant",42,37
"distant",44,42
"distant",27,30
"distant",11,18
"distant",30,31
"distant",27,17
"distant",44,31
"distant",50,48
"distant",5,13
"distant",41,33
"distant",26,28
"distant",42,37
"distant",3,9
"distant",2,2
"distant",6,3
"distant",44,43
"distant",1,1
"distant",50,39
"distant",7,8
"distant",1,4
"distant",8,9
"distant",42,32
"distant",30,29
"distant",44,39
"distant",48,50
"distant",51,50
"distant",15,18
"distant",48,45
"distant",45,44
"distant",23,25
"distant",2,1
"distant",31,19
"distant",25,27
"distant",7,4
"distant",46,39
"distant",51,49
"distant",8,7
"distant",21,19
"distant",4,18
"distant",28,44
"distant",3,16
"distant",2,2
"distant",50,50
"distant",17,18
"distant",20,25
"distant",2,1
"distant",51,50
"distant",3,5
"distant",17,16
"distant",45,37
"distant",38,32
"distant",51,43
"distant",51,51
"distant",20,18
"distant",18,28
"distant",3,7
"distant",44,40
"distant",51,50
"distant",24,20
"distant",13,12
"distant",28,40
"distant",7,11
"distant",51,50
"distant",10,12
"distant",19,21
"distant",51,47
"distant",8,7
"distant",25,20
"distant",41,43
"distant",26,45
"distant",43,42
"distant",27,24
"distant",20,22
"distant",43,36
"distant",37,25
"distant",43,41
"distant",34,41
"distant",13,34
"distant",44,39
"distant",49,47
"distant",28,26
"distant",17,13
"distant",34,36
"distant",7,22
"distant",23,21
"distant",5,3
"distant",46,42
"distant",4,6
"distant",50,48
"distant",18,17
"distant",25,26
"distant",45,46
"distant",47,47
"distant",40,26
"distant",35,36
"distant",2,2
"distant",37,48
"distant",17,15
"distant",11,17
"distant",49,42
"distant",47,48
"distant",25,26
"distant",50,43
"distant",51,47
"distant",21,22
"distant",46,41
"distant",22,16
"distant",50,49
"distant",51,47
"distant",13,7
"distant",50,51
"distant",27,29
"distant",35,26
"distant",21,33
"distant",38,46
"distant",51,51
"distant",26,25
"distant",32,39
"distant",20,22
"distant",30,29
"distant",43,48
"distant",46,45
"distant",35,27
"distant",21,41
"distant",38,38
"distant",44,40
"distant",22,20
"distant",2,3
"distant",43,38
"distant",3,3
"distant",30,31
"distant",42,37
"distant",38,33
"distant",14,23
"distant",51,44
"distant",12,11
"distant",3,5
"distant",28,25
"distant",44,44
"distant",38,28
"distant",30,27
"distant",17,21
"distant",48,39
"distant",38,40
"distant",4,1
"distant",9,8
"distant",3,5
"distant",45,41
"distant",9,11
"distant",38,37
"distant",25,23
"distant",36,43
"distant",1,1
"distant",32,36
"distant",17,27
"distant",46,40
"distant",7,7
"distant",41,39
"distant",17,13
"distant",5,3
"distant",7,13
"distant",39,35
"distant",49,39
"distant",34,33
"distant",10,6
"distant",34,31
"distant",44,45
"distant",45,44
"distant",1,3
"distant",20,21
"distant",8,4
"distant",22,36
"distant",19,22
"distant",22,14
"distant",31,22
"distant",34,29
"distant",1,1
"distant",6,17
"distant",51,47
"distant",39,34
"distant",10,11
"distant",44,43
"distant",17,28
"distant",14,20
"distant",28,14
"distant",9,21
"distant",12,7
"distant",36,30
"distant",47,48
"distant",3,7
"distant",1,2
"distant",37,43
"distant",46,47
"distant",47,35
"distant",44,36
"distant",17,19
"distant",41,41
"distant",27,25
"distant",1,2
"distant",49,37
"distant",45,38
"distant",17,12
"distant",18,11
"distant",48,39
"distant",14,9
"distant",15,16
"distant",21,19
"distant",46,50
"distant",26,41
"distant",18,13
"distant",43,36
"distant",45,38
"distant",2,2
"distant",18,22
"distant",19,35
"distant",26,22
"distant",13,13
"distant",19,12
"distant",24,40
"distant",31,37
"distant",13,34
"distant",13,14
"distant",14,17
"distant",51,50
"distant",36,36
"distant",50,48
"distant",30,34
"distant",51,51
"distant",17,19
"distant",4,5
"distant",9,11
"distant",18,14
"distant",51,51
"distant",8,39
"distant",16,40
"distant",10,8
"distant",50,44
"distant",33,32
"distant",6,7
"distant",29,12
"distant",6,9
"distant",49,45
"distant",31,28
"distant",36,24
"distant",47,42
"distant",29,38
"distant",22,39
"distant",41,27
"distant",21,19
"distant",23,23
"distant",39,37
"distant",41,44
"distant",25,35
"distant",9,8
"distant",26,20
"distant",43,43
"distant",4,22
"distant",43,38
"distant",17,22
"distant",11,22
"distant",39,39
"distant",23,23
"distant",35,34
"distant",19,25
"distant",15,24
"distant",50,45
"distant",8,6
"distant",30,27
"distant",44,36
"distant",7,5
"distant",44,42
"distant",22,16
"distant",8,11
"distant",10,9
"distant",23,23
"distant",21,22
"distant",10,12
"distant",19,12
"distant",46,37
"distant",1,4
"distant",46,36
"distant",29,29
"distant",26,32
"distant",28,25
"distant",13,19
"distant",7,12
"distant",51,47
"distant",37,37
"distant",3,2
"distant",41,39
"distant",49,49
"distant",15,35
"distant",3,1
"distant",51,48
"distant",1,1
"distant",16,27
"distant",27,29
"distant",47,50
"distant",24,14
"distant",10,17
"distant",10,16
"distant",18,14
"distant",41,38
"distant",10,7
"distant",47,44
"distant",18,13
"distant",50,45
"distant",15,14
"distant",1,3
"distant",22,35
"distant",41,33
"distant",28,18
"distant",48,41
"distant",14,13
"distant",46,36
"distant",23,28
"distant",31,34
"distant",41,39
"distant",6,30
"distant",29,28
"distant",48,45
"distant",13,10
"distant",46,40
"distant",40,28
"distant",14,19
"distant",51,50
"distant",51,51
"distant",49,46
"distant",35,28
"distant",1,2
"distant",41,42
"distant",50,49
"distant",39,44
"distant",51,51
"distant",45,47
"distant",21,39
"distant",6,4
"distant",20,13
"distant",41,39
"distant",46,45
"distant",4,9
"distant",46,43
"distant",1,2
"distant",51,50
"distant",4,2
"distant",29,32
"distant",10,4
"distant",10,22
"distant",4,12
"distant",18,12
"distant",15,12
"distant",1,1
"distant",6,12
"distant",51,51
"distant",36,33
"distant",20,17
"distant",36,23
"distant",23,14
"distant",22,21
"distant",8,13
"distant",7,7
"distant",43,41
"distant",37,31
"distant",4,11
"distant",9,11
"distant",47,48
"distant",51,49
"distant",19,17
"distant",4,5
"distant",40,35
"distant",44,36
"distant",23,21
"distant",10,16
"distant",13,7
"distant",49,50
"distant",1,3
"distant",2,5
"distant",43,38
"distant",9,28
"distant",3,2
"distant",29,43
"distant",7,6
"distant",10,34
"distant",30,32
"distant",51,51
"distant",22,23
"distant",30,28
"distant",5,12
"distant",39,42
"distant",20,19
"distant",28,24
"distant",2,18
"distant",21,22
"distant",24,22
"distant",17,14
"distant",32,45
"distant",18,22
"distant",38,27
"distant",14,19
"distant",14,21
"distant",25,28
"distant",44,38
"distant",6,6
"distant",50,49
"distant",7,33
"distant",15,7
"distant",46,39
"distant",46,51
"distant",6,3
"distant",27,31
"distant",10,11
"distant",30,29
"distant",51,50
"distant",34,30
"distant",12,18
"distant",1,1
"distant",35,41
"distant",45,42
"distant",22,32
"distant",4,11
"distant",8,5
"distant",48,46
"distant",22,16
"distant",23,10
"distant",31,31
"distant",39,37
"distant",16,14
"distant",19,22
"distant",14,20
"distant",41,34
"distant",11,7
"distant",29,21
"distant",38,24
"distant",43,43
"distant",22,29
"distant",1,7
"distant",29,32
"distant",20,27
"distant",49,44
"distant",13,16
"distant",9,25
"distant",8,32
"distant",17,13
"distant",5,9
"distant",5,4
"distant",39,34
"distant",37,36
"distant",16,8
"distant",13,9
"distant",21,20
"distant",11,9
"distant",5,27
"distant",44,50
"distant",4,11
"distant",30,21
"distant",46,46
"distant",21,33
"distant",29,10
"distant",25,31
"distant",40,38
"distant",1,7
"distant",19,11
"distant",44,41
"distant",28,29
"distant",16,16
"distant",5,2
"distant",1,3
"distant",7,3
"distant",35,36
"distant",39,35
"distant",26,16
"distant",20,16
"distant",44,44
"distant",30,47
"distant",51,49
"distant",34,36
"distant",40,31
"distant",31,36
"distant",28,39
"distant",51,48
"distant",20,11
"distant",35,37
"distant",40,39
"distant",28,24
"distant",39,40
"distant",35,43
"distant",30,33
"distant",45,44
"distant",5,4
"distant",38,34
"distant",51,50
"distant",6,6
"distant",46,45
"distant",8,13
"distant",43,38
"distant",1,8
"distant",47,39
"distant",51,49
"distant",38,39
"distant",1,1
"distant",48,49
"distant",10,17
"distant",32,30
"distant",11,9
"distant",30,25
"distant",49,39
"distant",3,3
"distant",51,51
"distant",47,42
"distant",50,47
"distant",47,50
"distant",18,11
"distant",10,8
"distant",51,50
"distant",29,37
"distant",14,27
"distant",12,21
"distant",15,16
"distant",38,37
"distant",2,2
"distant",24,43
"distant",38,29
"distant",33,27
"distant",44,40
"distant",23,14
"distant",7,16
"distant",13,17
"distant",36,33
"distant",35,34
"distant",3,2
"distant",28,22
"distant",6,1
"distant",4,19
"distant",33,40
"distant",40,48
"distant",34,23
"distant",1,1
"distant",30,26
"distant",13,20
"distant",24,19
"distant",32,22
"distant",30,32
"distant",5,4
"distant",17,25
"distant",48,47
"distant",18,14
"distant",16,23
"distant",49,44
"distant",42,42
"distant",10,11
"distant",34,29
"distant",2,4
"distant",18,13
"distant",48,43
"distant",45,44
"distant",28,31
"distant",30,33
"distant",6,13
"distant",38,28
"distant",17,16
"distant",45,43
"distant",24,20
"distant",17,43
"distant",40,32
"distant",14,22
"distant",13,17
"distant",23,30
"distant",12,11
"distant",8,15
"distant",17,12
"distant",45,40
"distant",49,46
"distant",21,15
"distant",37,37
"distant",30,29
"distant",31,35
"distant",2,2
"distant",11,12
"distant",6,7
"distant",38,44
"distant",47,36
"distant",14,11
"distant",2,2
"distant",36,32
"distant",43,34
"distant",6,27
"distant",46,38
"distant",48,51
"distant",30,21
"distant",22,26
"distant",38,29
"distant",35,36
"distant",40,41
"distant",3,8
"distant",26,31
"distant",41,29
"distant",36,36
"distant",51,51
"distant",44,38
"distant",27,42
"distant",11,14
"distant",51,50
"distant",2,2
"distant",44,43
"distant",6,6
"distant",4,8
"distant",51,51
"distant",34,40
"distant",3,7
"distant",16,10
"distant",10,19
"distant",3,5
"distant",20,25
"distant",20,27
"distant",16,17
"distant",48,48
"distant",49,44
"distant",17,17
"distant",33,28
"distant",22,18
"distant",29,27
"distant",39,36
"distant",6,8
"distant",9,1
"distant",51,48
"distant",50,50
"distant",48,43
"distant",12,12
"distant",45,44
"distant",49,45
"distant",44,33
"distant",48,48
"distant",12,22
"distant",41,34
"distant",16,17
"distant",12,13
"distant",25,22
"distant",14,26
"distant",11,12
"distant",2,1
"distant",31,34
"distant",51,45
"distant",1,2
"distant",21,23
"distant",51,46
"distant",49,44
"distant",20,15
"distant",20,24
"distant",45,37
"distant",20,18
"distant",2,3
"distant",3,6
"distant",1,4
"distant",11,23
"distant",47,50
"distant",17,40
"distant",26,44
"distant",44,35
"distant",1,2
"distant",47,47
"distant",15,16
"distant",5,9
"distant",21,22
"distant",20,23
"distant",21,10
"distant",39,39
"distant",18,12
"distant",8,9
"distant",5,14
"distant",37,33
"distant",13,8
"distant",4,9
"distant",35,43
"distant",36,30
"distant",2,5
"distant",41,37
"distant",31,24
"distant",51,46
"distant",12,10
"distant",25,12
"distant",8,12
"distant",21,23
"distant",17,14
"distant",32,39
"distant",5,5
"distant",26,24
"distant",45,41
"distant",47,39
"distant",2,2
"distant",44,39
"distant",16,19
"distant",37,37
"distant",48,37
"distant",16,21
"distant",24,23
"distant",23,30
"distant",46,50
"distant",9,8
"distant",44,45
"distant",35,28
"distant",16,16
"distant",37,31
"distant",37,37
"distant",6,5
"distant",40,40
"distant",47,42
"distant",1,1
"distant",23,30
"distant",14,27
"distant",24,17
"distant",31,28
"distant",10,14
"distant",29,35
"distant",30,28
"distant",22,18
"distant",50,45
"distant",10,13
"distant",8,9
"distant",42,33
"distant",5,16
"distant",27,19
"distant",49,41
"distant",1,1
"distant",4,10
"distant",25,17
"distant",42,33
"distant",47,42
"distant",30,43
"distant",39,28
"distant",5,9
"distant",4,9
"distant",33,23
"distant",12,16
"distant",15,31
"distant",48,44
"distant",8,14
"distant",8,9
"distant",18,29
"distant",39,34
"distant",41,44
"distant",45,50
"distant",6,9
"distant",1,1
"distant",51,48
"distant",38,34
"distant",47,39
"distant",31,43
"distant",32,35
"distant",5,8
"distant",6,5
"distant",22,12
"distant",48,43
"distant",10,15
"distant",14,7
"distant",20,22
"distant",49,43
"distant",19,33
"distant",51,48
"distant",46,44
"distant",43,44
"distant",23,19
"distant",2,3
"distant",16,25
"distant",6,8
"distant",49,43
"distant",34,44
"distant",31,42
"distant",28,29
"distant",31,21
"distant",46,46
"distant",39,34
"distant",28,17
"distant",13,19
"distant",26,16
"distant",10,18
"distant",36,27
"distant",12,7
"distant",37,32
"distant",48,42
"distant",30,36
"distant",8,13
"distant",16,17
"distant",42,36
"distant",4,2
"distant",9,7
"distant",51,47
"distant",50,48
"distant",47,47
"distant",1,9
"distant",31,28
"distant",50,48
"distant",41,44
"distant",39,34
"distant",22,35
"distant",20,25
"distant",31,25
"distant",18,16
"distant",13,11
"distant",51,46
"distant",47,49
"distant",32,42
"distant",8,16
"distant",4,9
"distant",36,31
"distant",7,16
"distant",26,24
"distant",27,33
"distant",27,27
"distant",17,15
"distant",50,48
"distant",2,3
"distant",3,3
"distant",12,20
"distant",20,13
"distant",47,41
"distant",51,46
"distant",6,8
"distant",6,12
"distant",6,4
"distant",35,26
"distant",18,13
"distant",51,50
"distant",48,50
"distant",24,24
"distant",10,9
"distant",24,24
"distant",38,36
"distant",30,28
"distant",19,21
"distant",3,8
"distant",26,37
"distant",35,40
"distant",5,17
"distant",32,44
"distant",49,49
"distant",37,38
"distant",11,8
"distant",20,37
"distant",1,2
"distant",30,27
"distant",42,39
"distant",27,35
"distant",30,22
"distant",20,16
"distant",22,20
"distant",16,21
"distant",2,13
"distant",15,33
"distant",33,20
"distant",34,37
"distant",46,34
"distant",13,17
"distant",48,46
"distant",15,15
"distant",30,36
"distant",42,47
"distant",3,3
"distant",44,35
"distant",27,27
"distant",14,19
"distant",24,33
"distant",6,5
"distant",40,34
"distant",46,40
"distant",6,3
"distant",17,30
"distant",8,10
"distant",8,8
"distant",9,16
"distant",2,14
"distant",24,19
"distant",8,6
"distant",12,12
"distant",3,22
"distant",48,46
"distant",22,31
"distant",6,11
"distant",18,14
"distant",18,39
"distant",50,43
"distant",9,6
"distant",26,23
"distant",21,23
"distant",8,13
"distant",25,9
"distant",51,51
"distant",51,50
"distant",46,47
"distant",29,31
"distant",12,8
"distant",16,19
"distant",32,36
"distant",49,45
"distant",9,6
"distant",35,30
"distant",24,34
"distant",4,4
"distant",51,49
"distant",46,39
"distant",31,38
"distant",2,2
"distant",47,45
"distant",31,27
"distant",16,14
"distant",6,12
"distant",28,24
"distant",19,16
"distant",41,41
"distant",14,21
"distant",47,35
"distant",51,47
"distant",45,46
"distant",11,11
"distant",43,35
"distant",30,25
"distant",25,26
"distant",29,24
"distant",7,12
"distant",51,48
"distant",21,20
"distant",4,4
"distant",51,51
"distant",50,44
"distant",35,36
"distant",24,23
"distant",20,35
"distant",39,49
"distant",40,32
"distant",24,23
"distant",33,39
"distant",2,3
"distant",4,3
"distant",18,18
"distant",30,27
"distant",45,44
"distant",45,49
"distant",15,19
"distant",44,33
"distant",36,37
"distant",50,49
"distant",31,25
"distant",50,50
"distant",10,11
"distant",19,27
"distant",50,51
"distant",10,11
"distant",4,5
"distant",37,32
"distant",13,13
"distant",31,43
"distant",49,45
"distant",5,4
"distant",25,21
"distant",44,37
"distant",49,48
"distant",4,6
"distant",6,8
"distant",2,1
"distant",32,24
"distant",24,22
"distant",19,27
"distant",13,35
"distant",51,50
"distant",14,14
"distant",31,23
"distant",47,43
"distant",8,7
"distant",40,31
"distant",33,23
"distant",48,41
"distant",36,44
"distant",20,39
"distant",46,39
"distant",29,23
"distant",23,13
"distant",40,36
"distant",47,45
"distant",15,31
"distant",41,41
"distant",23,21
"distant",51,50
"distant",36,28
"distant",33,39
"distant",50,48
"distant",51,49
"distant",11,12
"distant",28,32
"distant",29,28
"distant",40,35
"distant",40,40
"distant",4,1
"distant",47,44
"distant",26,21
"distant",1,2
"distant",30,24
"distant",44,47
"distant",51,50
"distant",22,16
"distant",2,1
"distant",2,1
"distant",27,24
"distant",12,12
"distant",18,40
"distant",50,50
"distant",3,14
"distant",25,20
"distant",33,25
"distant",3,6
"distant",1,2
"distant",8,4
"distant",10,15
"distant",25,21
"distant",9,17
"distant",8,11
"distant",51,50
"distant",47,45
"distant",51,51
"distant",42,43
"distant",11,6
"distant",12,11
"distant",7,9
"distant",37,25
"distant",5,6
"distant",30,25
"distant",7,20
"distant",51,51
"distant",4,10
"distant",9,10
"distant",46,44
"distant",32,36
"distant",5,9
"distant",31,32
"distant",10,16
"distant",40,35
"distant",1,2
"distant",28,25
"distant",10,8
"distant",45,34
"distant",25,26
"distant",47,46
"distant",51,51
"distant",17,6
"distant",10,4
"distant",30,26
"distant",23,41
"distant",25,21
"distant",11,28
"distant",1,1
"distant",23,13
"distant",9,5
"distant",48,44
"distant",3,2
"distant",31,38
"distant",45,46
"distant",42,33
"distant",49,42
"distant",22,21
"distant",46,36
"distant",41,37
"distant",20,33
"distant",51,51
"distant",36,26
"distant",18,10
"distant",47,47
"distant",41,34
"distant",16,23
"distant",41,33
"distant",39,35
"distant",40,34
"distant",33,29
"distant",18,14
"distant",37,41
"distant",15,14
"distant",2,2
"distant",3,7
"distant",47,39
"distant",41,42
"distant",33,28
"distant",32,32
"distant",44,37
"distant",6,11
"distant",25,39
"distant",41,43
"distant",22,27
"distant",8,7
"distant",38,34
"distant",51,50
"distant",51,50
"distant",24,19
"distant",24,26
"distant",17,27
"distant",40,36
"distant",20,17
"distant",34,24
"distant",51,49
"distant",50,39
"distant",22,20
"distant",34,31
"distant",23,20
"distant",16,16
"distant",16,16
"distant",31,30
"distant",50,50
"distant",12,21
"distant",5,8
"distant",41,30
"distant",4,11
"distant",5,2
"distant",22,20
"distant",12,9
"distant",30,31
"distant",6,8
"distant",41,36
"distant",7,8
"distant",4,3
"distant",23,19
"distant",26,15
"distant",47,48
"distant",28,23
"distant",51,47
"distant",44,37
"distant",19,24
"distant",9,6
"distant",42,33
"distant",2,6
"distant",24,29
"distant",22,29
"distant",38,29
"distant",17,30
"distant",51,48
"distant",51,46
"distant",25,37
"distant",51,46
"distant",10,18
"distant",14,17
"distant",33,29
"distant",9,9
"distant",42,34
"distant",48,47
"distant",2,2
"distant",15,18
"distant",15,8
"distant",26,31
"distant",50,49
"distant",1,3
"distant",13,26
"distant",14,43
"distant",50,48
"distant",51,51
"distant",29,23
"distant",33,33
"distant",10,34
"distant",11,13
"distant",35,25
"distant",51,50
"distant",16,13
"distant",41,48
"distant",45,35
"distant",29,22
"distant",38,30
"distant",38,34
"distant",32,31
"distant",9,3
"distant",46,43
"distant",46,43
"distant",5,7
"distant",4,5
"distant",7,8
"distant",48,42
"distant",21,40
"distant",20,15
"distant",4,6
"distant",38,29
"distant",15,19
"distant",34,40
"distant",16,14
"distant",1,3
"distant",6,8
"distant",4,8
"distant",18,23
"distant",4,7
"distant",50,42
"distant",5,9
"distant",23,31
"distant",32,40
"distant",48,46
"distant",4,3
"distant",45,43
"distant",8,9
"distant",7,4
"distant",44,31
"distant",51,51
"distant",20,21
"distant",8,12
"distant",34,32
"distant",6,6
"distant",16,22
"distant",6,7
"distant",36,36
"distant",51,50
"distant",43,28
"distant",35,30
"distant",4,8
"distant",51,49
"distant",42,40
"distant",9,3
"distant",15,13
"distant",32,42
"distant",3,1
"distant",48,47
"distant",50,47
"distant",26,32
"distant",16,10
"distant",22,17
"distant",15,13
"distant",21,19
"distant",47,46
"distant",43,28
"distant",37,33
"distant",2,3
"distant",33,27
"distant",17,12
"distant",39,36
"distant",51,47
"distant",27,30
"distant",40,45
"distant",44,45
"distant",1,3
"distant",22,35
"distant",28,28
"distant",41,44
"distant",17,31
"distant",43,48
"distant",31,26
"distant",5,8
"distant",20,19
"distant",35,43
"distant",51,51
"distant",10,7
"distant",33,26
"distant",27,27
"distant",27,28
"distant",20,12
"distant",21,35
"distant",39,42
"distant",25,35
"distant",49,45
"distant",15,22
"distant",3,5
"distant",48,44
"distant",25,26
"distant",31,34
"distant",3,3
"distant",8,8
"distant",51,51
"distant",16,11
"distant",24,28
"distant",3,10
"distant",5,2
"distant",46,43
"distant",36,35
"distant",29,18
"distant",22,24
"distant",27,20
"distant",51,48
"distant",21,29
"distant",22,49
"distant",25,25
"distant",3,1
"distant",8,9
"distant",51,50
"distant",51,47
"distant",2,2
"distant",1,1
"distant",50,48
"distant",36,35
"distant",30,32
"distant",14,8
"distant",35,29
"distant",49,45
"distant",13,15
"distant",23,20
"distant",21,23
"distant",6,4
"distant",27,22
"distant",31,21
"distant",21,23
"distant",28,34
"distant",13,22
"distant",30,35
"distant",7,6
"distant",4,8
"distant",7,6
"distant",44,40
"distant",48,45
"distant",4,19
"distant",6,10
"distant",40,25
"distant",13,27
"distant",49,49
"distant",47,39
"distant",4,9
"distant",23,33
"distant",10,9
"distant",48,46
"distant",8,12
"distant",13,23
"distant",11,27
"distant",36,35
"distant",22,20
"distant",8,13
"distant",35,31
"distant",27,23
"distant",32,32
"distant",30,40
"distant",24,23
"distant",7,7
"distant",49,41
"distant",10,11
"distant",40,44
"distant",26,42
"distant",3,7
"distant",41,36
"distant",31,17
"distant",15,5
"distant",45,41
"distant",34,25
"distant",50,47
"distant",46,42
"distant",26,25
"distant",45,40
"distant",4,7
"distant",5,3
"distant",21,22
"distant",19,17
"distant",51,51
"distant",28,38
"distant",10,6
"distant",46,43
"distant",39,30
"distant",3,10
"distant",31,34
"distant",36,24
"distant",15,14
"distant",32,33
"distant",51,51
"distant",26,31
"distant",16,13
"distant",48,46
"distant",4,22
"distant",50,47
"distant",40,46
"distant",33,30
"distant",8,5
"distant",29,16
"distant",19,23
"distant",27,42
"distant",37,32
"distant",6,9
"distant",3,13
"distant",42,40
"distant",27,28
"distant",15,12
"distant",18,15
"distant",35,31
"distant",31,31
"distant",44,44
"distant",22,24
"distant",27,14
"distant",25,31
"distant",5,8
"distant",16,36
"distant",20,36
"distant",38,41
"distant",48,46
"distant",51,46
"distant",27,14
"distant",16,14
"distant",22,30
"distant",28,21
"distant",5,5
"distant",46,44
"distant",4,5
"distant",8,4
"distant",37,36
"distant",44,40
"distant",34,30
"distant",45,39
"distant",51,49
"distant",4,25
"distant",42,34
"distant",32,34
"distant",8,19
"distant",44,36
"distant",12,22
"distant",10,9
"distant",1,1
"distant",12,21
"distant",50,48
"distant",51,49
"distant",24,18
"distant",34,29
"distant",27,30
"distant",48,46
"distant",1,2
"distant",26,28
"distant",43,42
"distant",5,2
"distant",8,4
"distant",14,7
"distant",37,43
"distant",37,35
"distant",7,10
"distant",47,38
"distant",43,41
"distant",40,42
"distant",31,20
"distant",47,39
"distant",48,47
"distant",21,18
"distant",49,43
"distant",6,13
"distant",18,17
"distant",12,9
"distant",45,44
"distant",17,31
"distant",33,37
"distant",8,7
"distant",15,23
"distant",47,44
"distant",3,2
"distant",29,22
"distant",37,40
"distant",44,37
"distant",6,5
"distant",6,7
"distant",22,17
"distant",31,16
"distant",40,25
"distant",51,48
"distant",41,47
"distant",17,20
"distant",26,27
"distant",49,49
"distant",44,46
"distant",47,41
"distant",39,41
"distant",14,14
"distant",39,28
"distant",51,46
"distant",18,13
"distant",50,48
"distant",22,33
"distant",38,39
"distant",20,18
"distant",1,6
"distant",24,28
"distant",10,10
"distant",22,20
"distant",45,36
"distant",8,6
"distant",2,1
"distant",24,34
"distant",4,2
"distant",32,28
"distant",45,37
"distant",44,38
"distant",39,34
"distant",51,50
"distant",2,14
"distant",6,13
"distant",30,46
"distant",31,20
"distant",1,5
"distant",41,38
"distant",19,15
"distant",51,47
"distant",16,33
"distant",33,32
"distant",49,44
"distant",32,33
"distant",43,45
"distant",23,15
"distant",37,36
"distant",40,39
"distant",42,31
"distant",21,16
"distant",28,36
"distant",34,31
"distant",21,41
"distant",33,34
"distant",26,20
"distant",30,25
"distant",19,16
"distant",42,35
"distant",48,44
"distant",45,42
"distant",51,51
"distant",18,22
"distant",40,35
"distant",37,27
"distant",18,16
"distant",51,51
"distant",22,18
"distant",40,31
"distant",18,9
"distant",46,43
"distant",4,5
"distant",45,45
"distant",9,6
"distant",41,36
"distant",22,18
"distant",35,31
"distant",21,25
"distant",2,1
"distant",48,40
"distant",37,33
"distant",49,48
"distant",32,29
"distant",38,41
"distant",14,8
"distant",28,25
"distant",8,14
"distant",2,5
"distant",45,39
"distant",24,25
"distant",13,35
"distant",3,10
"distant",1,2
"distant",50,48
"distant",51,50
"distant",39,45
"distant",24,17
"distant",28,25
"distant",18,10
"distant",25,32
"distant",46,43
"distant",24,22
"distant",32,30
"distant",28,33
"distant",7,18
"distant",39,37
"distant",31,24
"distant",28,34
"distant",29,35
"distant",4,11
"distant",51,50
"distant",6,10
"distant",21,19
"distant",48,48
"distant",29,20
"distant",11,14
"distant",46,41
"distant",32,23
"distant",37,31
"distant",7,15
"distant",5,12
"distant",42,38
"distant",8,38
"distant",5,23
"distant",18,26
"distant",49,42
"distant",34,28
"distant",28,41
"distant",13,16
"distant",36,45
"distant",43,40
"distant",11,18
"distant",3,1
"distant",25,31
"distant",12,15
"distant",3,8
"distant",41,36
"distant",33,45
"distant",39,31
"distant",22,29
"distant",9,9
"distant",3,8
"distant",8,9
"distant",44,41
"distant",9,6
"distant",37,39
"distant",10,7
"distant",13,25
"distant",51,51
"distant",14,15
"distant",27,21
"distant",44,39
"distant",23,20
"distant",19,38
"distant",45,47
"distant",39,34
"distant",51,50
"distant",40,33
"distant",20,8
"distant",21,15
"distant",10,8
"distant",42,40
"distant",8,11
"distant",34,23
"distant",34,33
"distant",25,36
"distant",17,15
"distant",42,38
"distant",10,8
"distant",51,48
"distant",39,34
"distant",17,18
"distant",10,11
"distant",36,42
"distant",31,28
"distant",10,10
"distant",36,49
"distant",3,8
"distant",13,12
"distant",20,19
"distant",4,3
"distant",25,18
"distant",7,23
"distant",6,12
"distant",9,8
"distant",10,3
"distant",3,2
"distant",16,29
"distant",17,28
"distant",16,20
"distant",49,45
"distant",15,18
"distant",47,41
"distant",50,50
"distant",51,48
"distant",51,43
"distant",24,19
"distant",23,19
"distant",30,27
"distant",35,43
"distant",20,20
"distant",43,44
"distant",41,33
"distant",50,47
"distant",36,20
"distant",41,34
"distant",51,50
"distant",47,48
"distant",25,21
"distant",22,19
"distant",18,31
"distant",3,5
"distant",31,32
"distant",14,22
"distant",6,6
"distant",44,42
"distant",46,37
"distant",16,9
"distant",41,47
"distant",48,44
"distant",32,26
"distant",7,7
"distant",8,20
"distant",21,22
"distant",18,26
"distant",49,47
"distant",28,34
"distant",18,15
"distant",13,15
"distant",6,11
"distant",31,27
"distant",22,17
"distant",38,35
"distant",49,46
"distant",22,23
"distant",40,34
"distant",50,47
"distant",4,3
"distant",11,25
"distant",1,10
"distant",23,26
"distant",7,6
"distant",34,30
"distant",5,8
"distant",23,23
"distant",23,19
"distant",1,1
"distant",50,47
"distant",22,20
"distant",3,5
"distant",5,13
"distant",19,18
"distant",40,37
"distant",31,28
"distant",18,11
"distant",2,4
"distant",51,50
"distant",38,37
"distant",2,3
"distant",38,45
"distant",5,10
"distant",32,25
"distant",49,50
"distant",42,44
"distant",46,48
"distant",32,32
"distant",50,48
"distant",35,41
"distant",20,19
"distant",1,1
"distant",51,50
"distant",24,21
"distant",29,33
"distant",21,17
"distant",25,29
"distant",45,39
"distant",2,8
"distant",30,40
"distant",9,6
"distant",46,46
"distant",31,30
"distant",1,1
"distant",17,18
"distant",25,21
"distant",22,20
"distant",45,44
"distant",13,17
"distant",50,45
"distant",5,33
"distant",28,27
"distant",24,33
"distant",35,35
"distant",18,30
"distant",13,8
"distant",8,8
"distant",39,35
"distant",43,43
"distant",19,24
"distant",6,25
"distant",6,13
"distant",1,1
"distant",6,9
"distant",44,40
"distant",15,31
"distant",33,35
"distant",3,2
"distant",2,1
"distant",33,40
"distant",34,33
"distant",33,26
"distant",2,4
"distant",14,23
"distant",50,44
"distant",43,36
"distant",3,2
"distant",11,13
"distant",15,17
"distant",28,38
"distant",26,25
"distant",41,37
"distant",20,23
"distant",31,28
"distant",16,9
"distant",47,42
"distant",50,48
"distant",20,18
"distant",14,22
"distant",30,22
"distant",14,19
"distant",43,30
"distant",46,40
"distant",8,3
"distant",44,41
"distant",33,38
"distant",21,24
"distant",3,1
"distant",14,12
"distant",12,26
"distant",48,44
"distant",42,37
"distant",12,11
"distant",42,36
"distant",13,12
"distant",37,24
"distant",20,16
"distant",21,18
"distant",12,13
"distant",4,2
"distant",42,39
"distant",51,51
"distant",33,34
"distant",45,44
"distant",3,3
"distant",41,38
"distant",14,26
"distant",8,3
"distant",37,39
"distant",20,19
"distant",20,15
"distant",41,36
"distant",14,13
"distant",1,1
"distant",2,2
"distant",2,2
"distant",6,2
"distant",20,20
"distant",33,42
"distant",21,40
"distant",23,14
"distant",12,11
"distant",6,9
"distant",29,20
"distant",45,43
"distant",36,36
"distant",51,48
"distant",50,50
"distant",22,22
"distant",3,4
"distant",21,19
"distant",30,24
"distant",26,37
"distant",27,23
"distant",47,49
"distant",29,22
"distant",44,37
"distant",48,49
"distant",18,15
"distant",10,11
"distant",40,47
"distant",3,18
"distant",3,1
"distant",51,49
"distant",30,33
"distant",14,20
"distant",22,29
"distant",25,20
"distant",47,42
"distant",32,33
"distant",9,2
"distant",14,16
"distant",49,51
"distant",23,16
"distant",39,28
"distant",19,18
"distant",2,10
"distant",37,36
"distant",46,48
"distant",3,1
"distant",29,19
"distant",16,21
"distant",18,11
"distant",49,49
"distant",27,23
"distant",30,26
"distant",40,29
"distant",37,48
"distant",44,46
"distant",20,21
"distant",1,7
"distant",17,19
"distant",20,31
"distant",14,16
"distant",3,5
"distant",4,6
"distant",6,3
"distant",41,34
"distant",51,48
"distant",48,47
"distant",8,6
"distant",38,42
"distant",5,9
"distant",49,49
"distant",37,40
"distant",47,45
"distant",50,47
"distant",7,6
"distant",46,44
"distant",25,16
"distant",45,36
"distant",7,20
"distant",29,26
"distant",49,43
"distant",38,30
"distant",27,18
"distant",8,5
"distant",48,50
"distant",21,11
"distant",2,6
"distant",5,6
"distant",51,51
"distant",43,39
"distant",2,2
"distant",5,2
"distant",1,1
"distant",8,10
"distant",21,23
"distant",5,10
"distant",34,21
"distant",5,10
"distant",16,34
"distant",22,20
"distant",20,8
"distant",33,27
"distant",13,17
"distant",24,29
"distant",2,3
"distant",46,50
"distant",30,23
"distant",44,40
"distant",26,29
"distant",18,20
"distant",25,33
"distant",1,2
"distant",10,14
"distant",5,3
"distant",20,14
"distant",51,48
"distant",21,34
"distant",2,8
"distant",46,33
"distant",18,20
"distant",31,29
"distant",19,12
"distant",2,8
"distant",16,15
"distant",13,19
"distant",40,41
"distant",4,5
"distant",30,26
"distant",42,33
"distant",22,21
"distant",5,7
"distant",13,15
"distant",5,5
"distant",3,6
"distant",8,11
"distant",21,46
"distant",19,23
"distant",37,33
"distant",21,22
"distant",9,3
"distant",5,7
"distant",17,15
"distant",17,13
"distant",40,30
"distant",14,12
"distant",14,7
"distant",6,7
"distant",21,31
"distant",17,15
"distant",6,9
"distant",49,45
"distant",35,28
"distant",26,25
"distant",21,35
"distant",48,46
"distant",40,33
"distant",14,13
"distant",3,3
"distant",38,38
"distant",36,28
"distant",10,16
"distant",22,37
"distant",9,6
"distant",23,27
"distant",15,17
"distant",49,48
"distant",17,29
"distant",6,4
"distant",1,4
"distant",2,8
"distant",49,35
"distant",2,1
"distant",47,44
"distant",1,1
"distant",34,30
"distant",10,24
"distant",32,30
"distant",51,51
"distant",46,48
"distant",48,46
"distant",14,24
"distant",37,44
"distant",33,32
"distant",11,15
"distant",10,11
"distant",46,46
"distant",1,2
"distant",17,13
"distant",46,41
"distant",1,1
"distant",20,28
"distant",18,14
"distant",8,12
"distant",38,43
"distant",22,11
"distant",37,43
"distant",10,4
"distant",14,12
"distant",38,36
"distant",7,8
"distant",8,7
"distant",6,17
"distant",10,12
"distant",21,20
"distant",21,22
"distant",36,34
"distant",22,15
"distant",19,29
"distant",2,2
"distant",14,11
"distant",15,19
"distant",4,31
"distant",22,23
"distant",35,31
"distant",14,14
"distant",16,17
"distant",12,14
"distant",36,32
"distant",42,33
"distant",40,49
"distant",15,19
"distant",22,21
"distant",5,2
"distant",51,51
"distant",16,17
"distant",31,32
"distant",13,22
"distant",2,6
"distant",44,37
"distant",45,36
"distant",12,35
"distant",34,24
"distant",37,38
"distant",7,18
"distant",3,5
"distant",31,26
"distant",10,8
"distant",45,47
"distant",50,48
"distant",10,8
"distant",45,35
"distant",4,2
"distant",2,5
"distant",6,8
"distant",8,4
"distant",44,43
"distant",40,42
"distant",7,15
"distant",5,9
"distant",26,24
"distant",32,23
"distant",2,23
"distant",12,20
"distant",34,27
"distant",50,47
"distant",1,1
"distant",17,21
"distant",34,23
"distant",24,16
"distant",47,41
"distant",28,39
"distant",29,24
"distant",27,21
"distant",43,48
"distant",43,43
"distant",51,50
"distant",12,15
"distant",29,34
"distant",51,51
"distant",3,6
"distant",31,40
"distant",35,28
"distant",2,2
"distant",28,19
"distant",19,9
"distant",7,12
"distant",50,49
"distant",30,27
"distant",12,12
"distant",14,10
"distant",49,51
"distant",5,3
"distant",10,15
"distant",30,22
"distant",41,34
"distant",31,34
"distant",51,49
"distant",21,35
"distant",13,23
"distant",16,24
"distant",50,48
"distant",21,34
"distant",26,19
"distant",12,39
"distant",3,6
"distant",16,13
"distant",51,51
"distant",31,32
"distant",48,51
"distant",16,20
"distant",9,15
"distant",13,6
"distant",6,3
"distant",47,46
"distant",14,9
"distant",30,28
"distant",21,24
"distant",29,28
"distant",16,20
"distant",44,42
"distant",37,41
"distant",24,32
"distant",17,25
"distant",11,6
"distant",44,46
"distant",6,2
"distant",49,47
"distant",32,38
"distant",51,51
"distant",44,37
"distant",47,45
"distant",6,10
"distant",22,24
"distant",25,31
"distant",23,25
"distant",41,38
"distant",28,36
"distant",50,48
"distant",7,5
"distant",22,32
"distant",46,38
"distant",29,31
"distant",8,7
"distant",28,22
"distant",18,9
"distant",1,2
"distant",9,4
"distant",20,15
"distant",37,33
"distant",41,32
"distant",42,28
"distant",46,43
"distant",15,25
"distant",20,15
"distant",16,37
"distant",11,7
"distant",25,28
"distant",5,2
"distant",31,33
"distant",4,2
"distant",19,29
"distant",16,21
"distant",51,51
"distant",47,45
"distant",4,2
"distant",26,41
"distant",24,25
"distant",17,17
"distant",16,12
"distant",51,50
"distant",4,5
"distant",23,34
"distant",40,40
"distant",19,21
"distant",7,6
"distant",22,21
"distant",5,5
"distant",4,5
"distant",17,17
"distant",11,9
"distant",11,30
"distant",51,47
"distant",1,2
"distant",20,16
"distant",31,36
"distant",31,30
"distant",16,28
"distant",50,46
"distant",6,3
"distant",34,22
"distant",11,13
"distant",24,16
"distant",50,50
"distant",34,46
"distant",5,25
"distant",41,41
"distant",32,35
"distant",28,41
"distant",43,48
"distant",40,46
"distant",32,40
"distant",14,14
"distant",10,9
"distant",45,38
"distant",10,11
"distant",8,7
"distant",26,29
"distant",26,15
"distant",39,42
"distant",31,26
"distant",20,24
"distant",2,1
"distant",32,44
"distant",19,17
"distant",49,43
"distant",10,12
"distant",17,12
"distant",4,3
"distant",14,26
"distant",39,45
"distant",18,12
"distant",50,45
"distant",7,5
"distant",35,16
"distant",47,47
"distant",1,2
"distant",41,39
"distant",14,5
"distant",46,42
"distant",32,49
"distant",21,15
"distant",22,22
"distant",27,22
"distant",25,27
"distant",2,6
"distant",47,46
"distant",50,50
"distant",17,19
"distant",5,3
"distant",51,46
"distant",8,9
"distant",49,46
"distant",30,27
"distant",10,14
"distant",29,40
"distant",50,50
"distant",8,6
"distant",47,37
"distant",10,18
"distant",31,40
"distant",29,31
"distant",4,4
"distant",12,9
"distant",1,1
"distant",18,14
"distant",25,21
"distant",48,48
"distant",21,11
"distant",28,14
"distant",20,23
"distant",14,18
"distant",10,14
"distant",4,2
"distant",50,45
"distant",12,1
"distant",22,14
"distant",14,11
"distant",50,47
"distant",51,49
"distant",9,13
"distant",27,26
"distant",1,1
"distant",23,26
"distant",38,39
"distant",22,15
"distant",47,49
"distant",5,6
"distant",50,47
"distant",10,4
"distant",22,29
"distant",41,30
"distant",36,30
"distant",2,1
"distant",29,20
"distant",5,11
"distant",38,47
"distant",9,9
"distant",6,9
"distant",51,51
"distant",12,22
"distant",50,39
"distant",32,31
"distant",16,20
"distant",18,23
"distant",10,11
"distant",33,28
"distant",28,17
"distant",7,12
"distant",16,20
"distant",1,5
"distant",48,45
"distant",24,21
"distant",39,28
"distant",38,34
"distant",12,7
"distant",6,2
"distant",11,20
"distant",36,27
"distant",14,30
"distant",40,29
"distant",40,40
"distant",4,4
"distant",39,42
"distant",7,10
"distant",13,11
"distant",25,22
"distant",11,6
"distant",24,22
"distant",31,24
"distant",22,22
"distant",1,1
"distant",22,23
"distant",41,42
"distant",39,31
"distant",8,13
"distant",40,39
"distant",43,39
"distant",36,29
"distant",23,23
"distant",2,3
"distant",7,7
"distant",11,12
"distant",16,12
"distant",11,11
"distant",18,37
"distant",4,2
"distant",35,38
"distant",22,20
"distant",10,9
"distant",31,27
"distant",7,14
"distant",21,22
"distant",17,11
"distant",4,7
"distant",7,15
"distant",48,39
"distant",38,38
"distant",6,3
"distant",50,49
"distant",42,43
"distant",51,35
"distant",2,3
"distant",11,12
"distant",21,18
"distant",33,42
"distant",36,27
"distant",39,36
"distant",6,8
"distant",13,9
"distant",11,17
"distant",6,20
"distant",51,47
"distant",39,37
"distant",20,15
"distant",49,48
"distant",40,34
"distant",46,36
"distant",22,11
"distant",8,13
"distant",35,29
"distant",8,22
"distant",12,13
"distant",6,3
"distant",34,36
"distant",26,23
"distant",34,36
"distant",46,36
"distant",30,39
"distant",39,29
"distant",12,18
"distant",37,30
"distant",17,19
"distant",49,46
"distant",9,16
"distant",50,50
"distant",35,28
"distant",38,48
"distant",33,21
"distant",32,36
"distant",27,42
"distant",12,24
"distant",2,1
"distant",11,9
"distant",45,44
"distant",43,42
"distant",26,22
"distant",15,10
"distant",50,50
"distant",15,22
"distant",50,48
"distant",8,9
"distant",23,19
"distant",17,24
"distant",26,20
"distant",33,31
"distant",7,15
"distant",10,6
"distant",50,50
"distant",43,40
"distant",46,37
"distant",5,6
"distant",13,11
"distant",30,37
"distant",20,16
"distant",30,32
"distant",26,37
"distant",36,38
"distant",46,35
"distant",12,13
"distant",51,49
"distant",46,37
"distant",4,6
"distant",51,50
"distant",1,11
"distant",13,47
"distant",8,14
"distant",13,12
"distant",20,20
"distant",29,41
"distant",28,20
"distant",6,9
"distant",28,30
"distant",6,20
"distant",33,34
"distant",32,33
"distant",36,29
"distant",35,32
"distant",30,28
"distant",14,15
"distant",40,33
"distant",35,25
"distant",17,26
"distant",40,44
"distant",7,3
"distant",36,29
"distant",51,48
"distant",11,7
"distant",5,5
"distant",41,41
"distant",14,15
"distant",32,31
"distant",48,43
"distant",3,5
"distant",18,34
"distant",23,23
"distant",23,30
"distant",23,41
"distant",14,27
"distant",35,40
"distant",42,36
"distant",16,21
"distant",5,1
"distant",27,23
"distant",39,42
"distant",43,37
"distant",11,33
"distant",46,45
"distant",26,16
"distant",1,3
"distant",50,48
"distant",24,16
"distant",47,36
"distant",13,16
"distant",31,32
"distant",48,48
"distant",4,3
"distant",11,9
"distant",6,2
"distant",12,24
"distant",16,18
"distant",13,9
"distant",45,41
"distant",48,44
"distant",38,32
"distant",36,41
"distant",5,3
"distant",35,28
"distant",42,39
"distant",39,37
"distant",14,13
"distant",2,2
"distant",15,37
"distant",45,37
"distant",2,1
"distant",17,19
"distant",51,51
"distant",19,19
"distant",8,19
"distant",12,13
"distant",40,37
"distant",44,37
"distant",2,18
"distant",13,6
"distant",36,27
"distant",40,35
"distant",21,9
"distant",44,44
"distant",9,7
"distant",17,12
"distant",13,8
"distant",43,42
"distant",16,25
"distant",1,7
"distant",42,39
"distant",10,11
"distant",27,22
"distant",39,35
"distant",39,35
"distant",11,19
"distant",7,3
"distant",21,16
"distant",36,27
"distant",49,46
"distant",35,28
"distant",31,30
"distant",22,14
"distant",13,22
"distant",11,11
"distant",32,35
"distant",10,24
"distant",51,51
"distant",10,6
"distant",51,47
"distant",10,4
"distant",4,7
"distant",19,15
"distant",47,37
"distant",50,49
"distant",48,44
"distant",11,7
"distant",33,39
"distant",12,14
"distant",26,20
"distant",10,9
"distant",11,17
"distant",14,27
"distant",9,10
"distant",30,27
"distant",30,24
"distant",4,8
"distant",13,22
"distant",51,50
"distant",45,47
"distant",1,2
"distant",7,7
"distant",25,23
"distant",1,3
"distant",51,51
"distant",11,7
"distant",28,35
"distant",44,39
"distant",31,32
"distant",4,3
"distant",17,14
"distant",47,38
"distant",9,4
"distant",17,16
"distant",19,19
"distant",45,40
"distant",44,35
"distant",36,42
"distant",37,34
"distant",40,30
"distant",50,49
"distant",4,5
"distant",1,1
"distant",24,22
"distant",22,17
"distant",48,42
"distant",51,51
"distant",16,18
"distant",23,18
"distant",47,43
"distant",6,3
"distant",6,24
"distant",19,22
"distant",24,31
"distant",23,18
"distant",22,32
"distant",51,51
"distant",37,40
"distant",51,43
"distant",37,35
"distant",32,34
"distant",10,21
"distant",48,44
"distant",45,48
"distant",24,19
"distant",43,45
"distant",47,42
"distant",48,32
"distant",47,41
"distant",51,46
"distant",38,42
"distant",10,8
"distant",49,43
"distant",38,32
"distant",31,32
"distant",40,32
"distant",37,38
"distant",51,51
"distant",13,14
"distant",3,2
"distant",21,21
"distant",3,1
"distant",10,8
"distant",5,18
"distant",15,24
"distant",11,18
"distant",14,19
"distant",13,9
"distant",31,29
"distant",28,31
"distant",35,33
"distant",33,25
"distant",34,25
"distant",31,29
"distant",18,18
"distant",27,29
"distant",4,2
"distant",2,1
"distant",1,1
"distant",7,10
"distant",38,38
"distant",43,32
"distant",12,18
"distant",1,7
"distant",5,5
"distant",25,29
"distant",49,50
"distant",49,48
"distant",44,42
"distant",6,4
"distant",3,1
"distant",46,42
"distant",3,11
"distant",39,39
"distant",50,47
"distant",1,1
"distant",41,41
"distant",15,13
"distant",2,2
"distant",23,17
"distant",36,29
"distant",24,34
"distant",28,20
"distant",43,36
"distant",22,35
"distant",4,10
"distant",12,11
"distant",14,12
"distant",35,27
"distant",21,16
"distant",12,12
"distant",25,17
"distant",24,19
"distant",15,11
"distant",32,23
"distant",43,35
"distant",50,47
"distant",26,23
"distant",46,40
"distant",39,28
"distant",3,3
"distant",5,3
"distant",7,22
"distant",22,22
"distant",19,26
"distant",51,51
"distant",25,29
"distant",51,51
"distant",9,7
"distant",4,7
"distant",17,23
"distant",46,47
"distant",16,7
"distant",11,17
"distant",5,25
"distant",41,45
"distant",35,21
"distant",37,30
"distant",31,22
"distant",27,37
"distant",43,35
"distant",18,19
"distant",12,16
"distant",50,47
"distant",12,9
"distant",33,26
"distant",48,45
"distant",18,29
"distant",51,42
"distant",9,5
"distant",2,3
"distant",49,46
"distant",46,46
"distant",5,8
"distant",36,41
"distant",51,51
"distant",6,4
"distant",42,28
"distant",6,3
"distant",38,40
"distant",49,36
"distant",24,40
"distant",9,8
"distant",36,24
"distant",27,44
"distant",16,18
"distant",12,26
"distant",8,10
"distant",4,4
"distant",35,35
"distant",27,35
"distant",8,4
"distant",41,41
"distant",30,31
"distant",43,49
"distant",8,11
"distant",1,3
"distant",24,23
"distant",16,31
"distant",3,3
"distant",16,14
"distant",40,35
"distant",39,40
"distant",50,46
"distant",45,38
"distant",7,18
"distant",27,43
"distant",30,24
"distant",46,42
"distant",49,47
"distant",28,37
"distant",36,26
"distant",8,6
"distant",15,11
"distant",44,31
"distant",51,49
"distant",25,32
"distant",17,13
"distant",1,1
"distant",11,21
"distant",51,51
"distant",50,46
"distant",49,47
"distant",39,30
"distant",6,8
"distant",10,4
"distant",50,49
"distant",20,30
"distant",49,51
"distant",17,24
"distant",49,50
"distant",3,6
"distant",27,41
"distant",2,23
"distant",3,11
"distant",19,15
"distant",45,49
"distant",30,19
"distant",35,27
"distant",9,10
"distant",47,44
"distant",25,23
"distant",3,6
"distant",15,17
"distant",38,25
"distant",28,45
"distant",22,17
"distant",31,23
"distant",49,45
"distant",16,15
"distant",12,22
"distant",44,36
"distant",31,24
"distant",21,14
"distant",27,22
"distant",20,16
"distant",41,46
"distant",24,30
"distant",22,38
"distant",11,23
"distant",39,35
"distant",7,5
"distant",39,31
"distant",9,20
"distant",44,34
"distant",13,17
"distant",9,7
"distant",11,25
"distant",48,43
"distant",3,1
"distant",4,4
"distant",7,15
"distant",23,27
"distant",17,22
"distant",34,27
"distant",3,4
"distant",32,32
"distant",3,2
"distant",9,14
"distant",46,42
"distant",24,22
"distant",12,10
"distant",13,18
"distant",6,4
"distant",17,22
"distant",41,47
"distant",38,48
"distant",3,10
"distant",1,1
"distant",25,29
"distant",11,5
"distant",21,32
"distant",17,14
"distant",17,14
"distant",3,2
"distant",1,1
"distant",16,21
"distant",51,50
"distant",49,49
"distant",9,6
"distant",27,28
"distant",11,11
"distant",18,11
"distant",36,43
"distant",45,35
"distant",1,2
"distant",32,33
"distant",1,2
"distant",16,12
"distant",2,1
"distant",39,27
"distant",39,34
"distant",8,3
"distant",51,51
"distant",5,3
"distant",20,33
"distant",4,5
"distant",34,31
"distant",47,48
"distant",22,18
"distant",4,3
"distant",51,49
"distant",41,28
"distant",38,39
"distant",50,45
"distant",20,31
"distant",23,29
"distant",30,40
"distant",50,43
"distant",15,22
"distant",28,33
"distant",9,32
"distant",2,3
"distant",8,4
"distant",1,1
"distant",4,16
"distant",39,40
"distant",25,29
"distant",33,20
"distant",39,36
"distant",10,19
"distant",33,28
"distant",3,4
"distant",16,13
"distant",4,2
"distant",42,38
"distant",48,40
"distant",7,17
"distant",36,37
"distant",49,49
"distant",36,36
"distant",25,43
"distant",21,20
"distant",19,26
"distant",19,29
"distant",25,30
"distant",10,21
"distant",1,1
"distant",11,16
"distant",22,16
"distant",7,15
"distant",45,44
"distant",10,23
"distant",13,11
"distant",51,49
"distant",44,37
"distant",20,15
"distant",33,31
"distant",40,25
"distant",4,2
"distant",8,8
"distant",6,15
"distant",30,46
"distant",49,37
"distant",24,26
"distant",49,46
"distant",42,41
"distant",11,10
"distant",3,4
"distant",27,22
"distant",16,22
"distant",27,21
"distant",51,51
"distant",16,10
"distant",38,45
"distant",22,19
"distant",13,12
"distant",39,36
"distant",23,28
"distant",25,10
"distant",51,48
"distant",7,7
"distant",51,51
"distant",5,11
"distant",12,9
"distant",36,38
"distant",51,51
"distant",4,10
"distant",50,49
"distant",37,45
"distant",6,4
"distant",50,51
"distant",30,26
"distant",1,1
"distant",50,43
"distant",7,25
"distant",34,45
"distant",19,33
"distant",10,16
"distant",10,36
"distant",29,39
"distant",12,10
"distant",45,35
"distant",38,26
"distant",5,5
"distant",24,19
"distant",14,27
"distant",2,7
"distant",51,51
"distant",37,41
"distant",1,1
"distant",46,36
"distant",6,13
"distant",20,28
"distant",16,46
"distant",46,45
"distant",39,30
"distant",1,8
"distant",33,23
"distant",44,38
"distant",4,10
"distant",14,9
"distant",11,5
"distant",36,26
"distant",2,1
"distant",31,44
"distant",50,44
"distant",44,34
"distant",16,23
"distant",39,28
"distant",50,48
"distant",39,40
"distant",41,37
"distant",14,29
"distant",42,38
"distant",34,30
"distant",29,30
"distant",16,17
"distant",25,24
"distant",8,13
"distant",9,28
"distant",19,45
"distant",3,6
"distant",23,19
"distant",1,1
"distant",39,35
"distant",51,51
"distant",12,6
"distant",51,51
"distant",23,32
"distant",19,16
"distant",2,6
"distant",51,50
"distant",25,22
"distant",47,42
"distant",27,26
"distant",1,5
"distant",48,47
"distant",13,21
"distant",48,44
"distant",23,24
"distant",14,10
"distant",48,49
"distant",31,43
"distant",1,1
"distant",7,9
"distant",33,35
"distant",38,35
"distant",13,13
"distant",34,29
"distant",45,49
"distant",19,13
"distant",12,11
"distant",26,17
"distant",13,36
"distant",1,1
"distant",34,35
"distant",23,21
"distant",42,30
"distant",44,44
"distant",4,19
"distant",3,4
"distant",36,35
"distant",46,42
"distant",24,20
"distant",24,23
"distant",42,36
"distant",16,11
"distant",3,2
"distant",22,22
"distant",20,18
"distant",47,39
"distant",10,8
"distant",1,2
"distant",31,27
"distant",24,25
"distant",9,17
"distant",49,46
"distant",24,24
"distant",21,23
"distant",25,26
"distant",45,40
"distant",6,3
"distant",16,28
"distant",3,3
"distant",26,20
"distant",37,37
"distant",25,21
"distant",51,46
"distant",47,40
"distant",50,50
"distant",41,38
"distant",2,2
"distant",7,4
"distant",42,45
"distant",34,49
"distant",51,50
"distant",8,11
"distant",43,42
"distant",49,47
"distant",25,31
"distant",3,4
"distant",40,40
"distant",35,29
"distant",21,28
"distant",9,11
"distant",44,42
"distant",26,26
"distant",51,51
"distant",32,27
"distant",51,50
"distant",34,29
"distant",45,43
"distant",29,27
"distant",2,7
"distant",17,17
"distant",30,42
"distant",50,47
"distant",33,32
"distant",50,41
"distant",51,42
"distant",50,49
"distant",46,45
"distant",51,48
"distant",46,37
"distant",24,20
"distant",15,24
"distant",50,49
"distant",35,31
"distant",35,30
"distant",44,39
"distant",27,21
"distant",11,19
"distant",18,15
"distant",13,9
"distant",26,23
"distant",25,19
"distant",1,5
"distant",49,43
"distant",8,11
"distant",46,47
"distant",11,11
"distant",27,21
"distant",9,8
"distant",32,39
"distant",37,37
"distant",41,43
"distant",28,21
"distant",20,31
"distant",35,36
"distant",2,3
"distant",17,28
"distant",49,51
"distant",11,6
"distant",9,7
"distant",47,47
"distant",46,48
"distant",46,43
"distant",4,16
"distant",34,27
"distant",51,50
"distant",2,1
"distant",47,42
"distant",51,50
"distant",13,25
"distant",12,8
"distant",4,2
"distant",16,16
"distant",32,19
"distant",1,4
"distant",41,34
"distant",19,14
"distant",33,40
"distant",2,6
"distant",15,24
"distant",19,17
"distant",39,32
"distant",27,24
"distant",28,24
"distant",13,29
"distant",47,41
"distant",27,23
"distant",25,35
"distant",47,46
"distant",29,47
"distant",15,16
"distant",8,21
"distant",29,33
"distant",32,36
"distant",7,4
"distant",43,35
"distant",33,37
"distant",22,11
"distant",51,49
"distant",14,9
"distant",4,8
"distant",42,40
"distant",10,10
"distant",25,35
"distant",31,31
"distant",36,24
"distant",10,11
"distant",37,29
"distant",15,12
"distant",50,47
"distant",2,1
"distant",50,51
"distant",7,7
"distant",37,25
"distant",17,27
"distant",43,38
"distant",11,20
"distant",37,35
"distant",42,40
"distant",5,3
"distant",18,28
"distant",2,4
"distant",15,10
"distant",1,2
"distant",34,43
"distant",37,39
"distant",17,23
"distant",21,22
"distant",33,37
"distant",14,15
"distant",15,19
"distant",17,18
"distant",7,4
"distant",48,50
"distant",50,49
"distant",2,9
"distant",33,25
"distant",9,13
"distant",9,9
"distant",21,19
"distant",10,14
"distant",15,26
"distant",24,20
"distant",37,26
"distant",18,23
"distant",45,33
"distant",51,50
"distant",14,21
"distant",49,49
"distant",1,1
"distant",9,6
"distant",30,25
"distant",10,21
"distant",22,33
"distant",1,5
"distant",33,34
"distant",50,45
"distant",4,4
"distant",33,33
"distant",43,40
"distant",5,7
"distant",25,35
"distant",13,6
"distant",50,48
"distant",37,42
"distant",25,27
"distant",3,6
"distant",25,22
"distant",5,15
"distant",5,9
"distant",27,32
"distant",20,12
"distant",25,16
"distant",51,51
"distant",4,3
"distant",30,21
"distant",22,23
"distant",42,41
"distant",49,47
"distant",9,14
"distant",25,23
"distant",48,51
"distant",47,40
"distant",41,30
"distant",33,35
"distant",26,37
"distant",36,36
"distant",46,33
"distant",9,9
"distant",35,32
"distant",41,30
"distant",15,19
"distant",25,33
"distant",6,8
"distant",19,18
"distant",35,31
"distant",25,33
"distant",7,6
"distant",37,37
"distant",43,35
"distant",42,41
"distant",1,17
"distant",30,24
"distant",20,14
"distant",28,33
"distant",43,36
"distant",21,11
"distant",40,33
"distant",9,5
"distant",4,10
"distant",1,1
"distant",44,35
"distant",45,38
"distant",48,42
"distant",33,28
"distant",35,30
"distant",7,10
"distant",37,46
"distant",40,26
"distant",22,30
"distant",14,22
"distant",48,48
"distant",41,41
"distant",30,32
"distant",16,7
"distant",3,5
"distant",9,6
"distant",9,16
"distant",49,49
"distant",50,50
"distant",23,18
"distant",48,46
"distant",12,12
"distant",1,3
"distant",14,15
"distant",23,13
"distant",24,23
"distant",38,37
"distant",28,22
"distant",15,19
"distant",17,41
"distant",10,14
"distant",6,9
"distant",9,4
"distant",51,48
"distant",7,6
"distant",44,30
"distant",4,9
"distant",51,46
"distant",40,44
"distant",17,17
"distant",16,10
"distant",10,8
"distant",40,49
"distant",21,17
"distant",50,48
"distant",32,34
"distant",34,28
"distant",7,5
"distant",27,25
"distant",4,6
"distant",51,48
"distant",48,45
"distant",12,13
"distant",34,32
"distant",26,24
"distant",14,24
"distant",27,27
"distant",29,38
"distant",29,19
"distant",50,43
"distant",14,13
"distant",7,6
"distant",3,5
"distant",51,48
"distant",12,12
"distant",44,39
"distant",22,13
"distant",1,1
"distant",25,25
"distant",14,20
"distant",23,20
"distant",4,1
"distant",15,25
"distant",45,35
"distant",19,16
"distant",3,4
"distant",33,30
"distant",40,31
"distant",47,37
"distant",46,36
"distant",46,43
"distant",20,26
"distant",3,5
"distant",8,6
"distant",40,30
"distant",26,25
"distant",39,43
"distant",35,32
"distant",26,25
"distant",40,38
"distant",47,42
"distant",16,8
"distant",40,51
"distant",26,32
"distant",4,5
"distant",48,40
"distant",33,23
"distant",47,46
"distant",9,9
"distant",2,4
"distant",3,28
"distant",17,7
"distant",40,48
"distant",19,20
"distant",29,28
"distant",45,42
"distant",28,29
"distant",12,30
"distant",20,24
"distant",33,34
"distant",21,25
"distant",12,11
"distant",10,17
"distant",50,48
"distant",33,35
"distant",1,4
"distant",15,13
"distant",30,25
"distant",50,50
"distant",26,38
"distant",33,34
"distant",19,19
"distant",8,9
"distant",16,42
"distant",11,18
"distant",19,13
"distant",35,32
"distant",37,39
"distant",34,35
"distant",33,39
"distant",13,16
"distant",51,49
"distant",12,17
"distant",37,30
"distant",31,47
"distant",24,18
"distant",1,2
"distant",17,37
"distant",4,7
"distant",45,36
"distant",15,15
"distant",2,2
"distant",48,43
"distant",34,37
"distant",9,15
"distant",13,21
"distant",2,1
"distant",47,41
"distant",10,11
"distant",51,50
"distant",51,45
"distant",21,13
"distant",50,44
"distant",49,46
"distant",6,2
"distant",27,19
"distant",48,45
"distant",5,5
"distant",20,14
"distant",23,40
"distant",34,28
"distant",37,40
"distant",13,15
"distant",17,19
"distant",5,2
"distant",6,14
"distant",12,13
"distant",48,46
"distant",15,17
"distant",2,1
"distant",27,27
"distant",12,10
"distant",47,49
"distant",21,26
"distant",9,13
"distant",13,11
"distant",38,32
"distant",7,13
"distant",51,51
"distant",24,13
"distant",34,28
"distant",51,44
"distant",37,30
"distant",11,9
"distant",10,30
"distant",9,26
"distant",6,6
"distant",40,37
"distant",21,14
"distant",51,48
"distant",43,40
"distant",51,51
"distant",35,25
"distant",50,48
"distant",8,6
"distant",28,24
"distant",15,13
"distant",5,4
"distant",31,31
"distant",21,33
"distant",33,30
"distant",8,11
"distant",21,31
"distant",39,38
"distant",31,34
"distant",19,10
"distant",23,24
"distant",24,11
"distant",16,15
"distant",48,48
"distant",18,26
"distant",50,51
"distant",13,11
"distant",39,32
"distant",34,35
"distant",34,24
"distant",5,4
"distant",21,16
"distant",35,34
"distant",7,21
"distant",42,40
"distant",50,51
"distant",16,22
"distant",24,28
"distant",42,40
"distant",14,12
"distant",11,14
"distant",19,13
"distant",49,40
"distant",38,35
"distant",46,43
"distant",48,50
"distant",24,21
"distant",43,45
"distant",2,4
"distant",34,37
"distant",45,37
"distant",4,2
"distant",31,42
"distant",6,3
"distant",15,24
"distant",10,25
"distant",31,33
"distant",33,31
"distant",36,30
"distant",20,20
"distant",20,36
"distant",13,13
"distant",33,30
"distant",50,50
"distant",47,44
"distant",29,48
"distant",31,29
"distant",36,36
"distant",29,35
"distant",28,27
"distant",32,28
"distant",19,16
"distant",45,42
"distant",23,17
"distant",27,26
"distant",3,17
"distant",13,10
"distant",32,32
"distant",3,8
"distant",9,7
"distant",4,6
"distant",12,13
"distant",19,27
"distant",6,15
"distant",3,3
"distant",15,31
"distant",23,21
"distant",51,46
"distant",24,25
"distant",22,27
"distant",42,45
"distant",37,41
"distant",32,23
"distant",40,31
"distant",47,44
"distant",17,10
"distant",51,49
"distant",46,48
"distant",32,43
"distant",41,34
"distant",50,49
"distant",20,15
"distant",15,17
"distant",9,25
"distant",13,13
"distant",40,36
"distant",47,44
"distant",38,42
"distant",17,23
"distant",3,1
"distant",50,41
"distant",37,28
"distant",21,22
"distant",48,43
"distant",29,33
"distant",48,49
"distant",21,25
"distant",26,26
"distant",50,51
"distant",39,29
"distant",27,15
"distant",7,5
"distant",24,11
"distant",28,27
"distant",49,47
"distant",51,51
"distant",14,28
"distant",49,45
"distant",18,20
"distant",18,38
"distant",38,39
"distant",2,1
"distant",51,51
"distant",20,19
"distant",38,35
"distant",17,28
"distant",22,27
"distant",18,17
"distant",48,49
"distant",26,21
"distant",47,48
"distant",6,8
"distant",14,19
"distant",23,31
"distant",29,29
"distant",46,42
"distant",2,33
"distant",11,9
"distant",16,18
"distant",2,4
"distant",4,30
"distant",18,15
"distant",51,50
"distant",10,16
"distant",18,35
"distant",34,31
"distant",30,36
"distant",7,11
"distant",36,26
"distant",2,4
"distant",28,25
"distant",15,10
"distant",4,9
"distant",22,22
"distant",43,39
"distant",47,45
"distant",50,42
"distant",13,11
"distant",8,17
"distant",48,45
"distant",49,41
"distant",42,42
"distant",8,10
"distant",3,10
"distant",31,26
"distant",12,11
"distant",51,51
"distant",14,9
"distant",51,49
"distant",41,47
"distant",45,47
"distant",33,30
"distant",13,7
"distant",18,11
"distant",17,19
"distant",8,12
"distant",35,32
"distant",25,22
"distant",46,42
"distant",7,16
"distant",4,2
"distant",6,6
"distant",18,28
"distant",2,2
"distant",44,43
"distant",13,15
"distant",16,15
"distant",29,34
"distant",51,45
"distant",14,19
"distant",8,3
"distant",19,20
"distant",11,15
"distant",12,22
"distant",34,36
"distant",32,27
"distant",51,51
"distant",39,36
"distant",6,9
"distant",44,43
"distant",6,11
"distant",51,51
"distant",19,11
"distant",24,23
"distant",43,37
"distant",21,27
"distant",4,9
"distant",30,32
"distant",10,11
"distant",25,23
"distant",1,3
"distant",43,46
"distant",14,20
"distant",14,12
"distant",23,29
"distant",40,40
"distant",1,1
"distant",3,13
"distant",37,32
"distant",51,51
"distant",43,34
"distant",38,34
"distant",8,20
"distant",41,42
"distant",6,23
"distant",47,37
"distant",25,35
"distant",47,39
"distant",37,25
"distant",41,42
"distant",5,6
"distant",4,3
"distant",48,47
"distant",22,13
"distant",5,5
"distant",16,19
"distant",31,32
"distant",6,7
"distant",38,26
"distant",13,14
"distant",12,21
"distant",20,24
"distant",33,42
"distant",10,12
"distant",38,30
"distant",19,24
"distant",20,14
"distant",2,5
"distant",40,35
"distant",23,15
"distant",7,13
"distant",31,28
"distant",37,41
"distant",18,12
"distant",47,37
"distant",50,49
"distant",31,39
"distant",36,32
"distant",38,42
"distant",34,25
"distant",35,29
"distant",24,21
"distant",45,40
"distant",9,10
"distant",16,28
"distant",24,13
"distant",44,40
"distant",51,50
"distant",5,5
"distant",37,35
"distant",24,23
"distant",50,50
"distant",33,29
"distant",2,3
"distant",35,28
"distant",25,24
"distant",51,49
"distant",3,2
"distant",28,30
"distant",43,37
"distant",36,41
"distant",47,44
"distant",17,32
"distant",21,22
"distant",37,26
"distant",16,18
"distant",16,11
"distant",19,21
"distant",41,46
"distant",35,28
"distant",13,15
"distant",15,17
"distant",19,22
"distant",39,30
"distant",17,31
"distant",40,42
"distant",38,29
"distant",51,47
"distant",8,10
"distant",49,44
"distant",23,22
"distant",50,49
"distant",2,3
"distant",37,30
"distant",12,11
"distant",15,12
"distant",48,51
"distant",24,20
"distant",19,19
"distant",37,35
"distant",5,2
"distant",18,11
"distant",35,34
"distant",33,33
"distant",17,13
"distant",13,14
"distant",20,26
"distant",35,30
"distant",19,17
"distant",47,45
"distant",49,47
"distant",38,46
"distant",11,15
"distant",26,24
"distant",3,2
"distant",51,51
"distant",25,23
"distant",22,33
"distant",51,48
"distant",22,32
"distant",51,50
"distant",28,30
"distant",50,46
"distant",15,14
"distant",31,19
"distant",50,49
"distant",20,26
"distant",38,36
"distant",38,48
"distant",17,22
"distant",41,42
"distant",26,37
"distant",48,45
"distant",51,51
"distant",23,31
"distant",49,51
"distant",22,16
"distant",18,15
"distant",39,33
"distant",31,22
"distant",20,15
"distant",10,8
"distant",9,12
"distant",27,20
"distant",16,5
"distant",50,45
"distant",12,7
"distant",36,28
"distant",33,31
"distant",8,10
"distant",35,37
"distant",41,36
"distant",43,34
"distant",39,35
"distant",28,22
"distant",17,17
"distant",38,43
"distant",26,20
"distant",39,35
"distant",11,14
"distant",28,23
"distant",41,37
"distant",3,22
"distant",2,2
"distant",5,7
"distant",37,35
"distant",22,22
"distant",1,5
"distant",50,51
"distant",41,34
"distant",29,21
"distant",39,37
"distant",2,9
"distant",14,26
"distant",45,48
"distant",21,21
"distant",48,48
"distant",17,14
"distant",27,37
"distant",33,41
"distant",41,41
"distant",22,26
"distant",9,4
"distant",50,45
"distant",19,26
"distant",50,47
"distant",9,27
"distant",5,5
"distant",10,24
"distant",48,37
"distant",43,37
"distant",26,28
"distant",32,34
"distant",6,4
"distant",6,9
"distant",10,18
"distant",17,9
"distant",29,17
"distant",8,5
"distant",49,39
"distant",47,36
"distant",31,31
"distant",6,14
"distant",25,23
"distant",50,44
"distant",35,38
"distant",12,8
"distant",5,13
"distant",22,25
"distant",24,30
"distant",8,6
"distant",7,10
"distant",51,51
"distant",45,40
"distant",15,10
"distant",48,50
"distant",37,33
"distant",5,6
"distant",37,30
"distant",34,42
"distant",7,9
"distant",36,32
"distant",6,8
"distant",6,4
"distant",22,17
"distant",51,51
"distant",26,35
"distant",28,30
"distant",38,44
"distant",18,23
"distant",30,22
"distant",17,18
"distant",8,5
"distant",33,32
"distant",28,31
"distant",25,39
"distant",10,18
"distant",14,29
"distant",37,43
"distant",41,41
"distant",45,43
"distant",47,36
"distant",2,20
"distant",23,40
"distant",2,5
"distant",3,6
"distant",35,41
"distant",31,22
"distant",18,20
"distant",36,43
"distant",12,9
"distant",13,6
"distant",32,35
"distant",35,41
"distant",47,40
"distant",34,25
"distant",51,51
"distant",49,37
"distant",21,26
"distant",19,15
"distant",37,33
"distant",49,48
"distant",6,4
"distant",29,28
"distant",18,11
"distant",2,1
"distant",28,20
"distant",22,21
"distant",5,5
"distant",48,51
"distant",33,30
"distant",12,11
"distant",42,43
"distant",45,46
"distant",33,33
"distant",20,16
"distant",6,9
"distant",16,17
"distant",7,7
"distant",19,16
"distant",6,4
"distant",12,13
"distant",27,25
"distant",50,46
"distant",9,16
"distant",10,23
"distant",42,45
"distant",2,2
"distant",38,36
"distant",10,6
"distant",33,26
"distant",9,20
"distant",2,1
"distant",9,26
"distant",15,15
"distant",17,22
"distant",8,5
"distant",47,42
"distant",38,28
"distant",21,16
"distant",16,13
"distant",13,12
"distant",12,10
"distant",45,37
"distant",19,18
"distant",45,44
"distant",43,43
"distant",20,11
"distant",21,14
"distant",7,3
"distant",1,2
"distant",14,10
"distant",3,14
"distant",31,36
"distant",8,18
"distant",42,36
"distant",51,51
"distant",10,10
"distant",18,11
"distant",21,26
"distant",41,40
"distant",49,48
"distant",23,18
"distant",25,29
"distant",14,12
"distant",37,42
"distant",11,5
"distant",6,10
"distant",5,8
"distant",29,36
"distant",42,47
"distant",46,49
"distant",14,10
"distant",35,31
"distant",23,27
"distant",20,27
"distant",47,44
"distant",33,39
"distant",51,50
"distant",49,39
"distant",3,4
"distant",31,20
"distant",3,5
"distant",13,8
"distant",36,44
"distant",43,35
"distant",21,28
"distant",51,46
"distant",24,45
"distant",47,48
"distant",23,26
"distant",33,37
"distant",48,45
"distant",29,29
"distant",2,2
"distant",22,22
"distant",46,37
"distant",50,39
"distant",10,12
"distant",46,43
"distant",44,44
"distant",8,4
"distant",8,5
"distant",6,19
"distant",16,9
"distant",4,6
"distant",6,6
"distant",40,40
"distant",18,26
"distant",35,31
"distant",38,33
"distant",51,47
"distant",34,29
"distant",49,48
"distant",7,9
"distant",8,16
"distant",41,43
"distant",13,7
"distant",48,47
"distant",30,20
"distant",23,21
"distant",21,19
"distant",15,17
"distant",10,7
"distant",39,32
"distant",31,18
"distant",34,36
"distant",38,36
"distant",48,44
"distant",23,15
"distant",34,31
"distant",15,19
"distant",19,21
"distant",31,22
"distant",4,8
"distant",38,40
"distant",32,24
"distant",51,48
"distant",50,48
"distant",25,31
"distant",25,26
"distant",18,11
"distant",13,5
"distant",14,25
"distant",25,27
"distant",47,46
"distant",50,46
"distant",51,51
"distant",13,14
"distant",35,43
"distant",5,8
"distant",6,10
"distant",9,6
"distant",50,46
"distant",42,38
"distant",15,11
"distant",12,19
"distant",44,34
"distant",13,9
"distant",47,43
"distant",11,15
"distant",21,17
"distant",48,43
"distant",4,4
"distant",15,20
"distant",8,10
"distant",17,15
"distant",13,13
"distant",51,50
"distant",26,26
"distant",26,26
"distant",51,50
"distant",20,11
"distant",47,45
"distant",44,38
"distant",49,40
"distant",23,16
"distant",8,7
"distant",18,14
"distant",48,44
"distant",36,34
"distant",10,17
"distant",51,51
"distant",33,30
"distant",22,34
"distant",4,13
"distant",3,4
"distant",18,21
"distant",16,19
"distant",24,21
"distant",41,39
"distant",24,25
"distant",13,11
"distant",6,8
"distant",38,33
"distant",50,49
"distant",45,47
"distant",51,49
"distant",25,37
"distant",51,49
"distant",10,7
"distant",30,20
"distant",3,3
"distant",5,15
"distant",12,4
"distant",38,38
"distant",1,2
"distant",50,43
"distant",14,25
"distant",17,29
"distant",4,28
"distant",49,46
"distant",5,8
"distant",2,2
"distant",17,10
"distant",4,16
"distant",37,45
"distant",16,20
"distant",17,17
"distant",11,9
"distant",6,8
"distant",5,13
"distant",38,37
"distant",14,24
"distant",32,33
"distant",44,34
"distant",9,13
"distant",11,12
"distant",24,32
"distant",25,40
"distant",38,49
"distant",16,16
"distant",35,47
"distant",5,23
"distant",7,29
"distant",46,38
"distant",7,5
"distant",23,15
"distant",11,14
"distant",49,43
"distant",2,4
"distant",49,48
"distant",29,49
"distant",18,14
"distant",51,51
"distant",16,19
"distant",1,8
"distant",1,8
"distant",1,1
"distant",36,33
"distant",43,38
"distant",23,24
"distant",5,11
"distant",5,14
"distant",23,29
"distant",51,49
"distant",45,44
"distant",13,8
"distant",42,40
"distant",31,32
"distant",47,43
"distant",6,12
"distant",1,1
"distant",17,30
"distant",20,12
"distant",49,41
"distant",23,37
"distant",36,46
"distant",15,17
"distant",9,8
"distant",14,21
"distant",15,15
"distant",40,31
"distant",28,31
"distant",29,15
"distant",3,7
"distant",30,34
"distant",35,33
"distant",8,10
"distant",39,39
"distant",39,29
"distant",4,2
"distant",25,25
"distant",31,32
"distant",33,31
"distant",19,12
"distant",20,13
"distant",44,39
"distant",8,5
"distant",42,39
"distant",16,17
"distant",19,33
"distant",48,44
"distant",25,32
"distant",36,35
"distant",15,13
"distant",22,24
"distant",3,2
"distant",18,20
"distant",51,49
"distant",18,6
"distant",5,9
"distant",48,46
"distant",29,31
"distant",51,49
"distant",51,50
"distant",46,40
"distant",51,50
"distant",44,45
"distant",44,43
"distant",16,14
"distant",51,48
"distant",17,10
"distant",49,46
"distant",2,4
"distant",49,44
"distant",9,11
"distant",20,22
"distant",48,41
"distant",49,47
"distant",46,41
"distant",25,27
"distant",51,51
"distant",8,5
"distant",32,41
"distant",32,33
"distant",47,47
"distant",20,19
"distant",26,27
"distant",17,7
"distant",35,29
"distant",48,44
"distant",25,27
"distant",25,34
"distant",7,8
"distant",44,36
"distant",24,23
"distant",3,4
"distant",1,1
"distant",27,33
"distant",20,16
"distant",40,50
"distant",37,34
"distant",50,47
"distant",46,46
"distant",2,3
"distant",22,24
"distant",18,14
"distant",27,39
"distant",40,36
"distant",2,6
"distant",3,2
"distant",42,36
"distant",6,17
"distant",42,40
"distant",47,37
"distant",17,23
"distant",42,34
"distant",14,18
"distant",51,51
"distant",28,20
"distant",3,1
"distant",24,20
"distant",8,4
"distant",22,16
"distant",44,34
"distant",42,44
"distant",16,26
"distant",24,21
"distant",18,22
"distant",9,19
"distant",32,21
"distant",29,19
"distant",10,10
"distant",15,10
"distant",16,16
"distant",8,9
"distant",21,30
"distant",15,15
"distant",19,21
"distant",9,3
"distant",50,47
"distant",42,41
"distant",14,28
"distant",17,26
"distant",43,43
"distant",2,2
"distant",40,33
"distant",15,16
"distant",48,39
"distant",49,49
"distant",49,43
"distant",44,38
"distant",22,44
"distant",10,17
"distant",29,25
"distant",28,33
"distant",15,21
"distant",30,17
"distant",43,48
"distant",37,27
"distant",29,29
"distant",33,32
"distant",15,22
"distant",40,43
"distant",45,37
"distant",25,23
"distant",36,38
"distant",51,46
"distant",4,3
"distant",16,18
"distant",49,49
"distant",3,16
"distant",26,26
"distant",11,10
"distant",10,20
"distant",37,31
"distant",28,31
"distant",11,18
"distant",27,20
"distant",40,44
"distant",12,15
"distant",47,42
"distant",38,28
"distant",48,45
"distant",44,37
"distant",45,38
"distant",9,7
"distant",29,20
"distant",33,27
"distant",34,40
"distant",21,20
"distant",38,33
"distant",46,41
"distant",40,43
"distant",32,29
"distant",37,23
"distant",41,41
"distant",2,2
"distant",29,22
"distant",51,51
"distant",26,28
"distant",50,50
"distant",39,34
"distant",51,46
"distant",3,3
"distant",46,41
"distant",17,28
"distant",48,47
"distant",29,23
"distant",3,12
"distant",2,4
"distant",14,15
"distant",6,2
"distant",44,43
"distant",32,26
"distant",28,27
"distant",51,49
"distant",38,44
"distant",45,40
"distant",44,40
"distant",51,46
"distant",1,1
"distant",34,37
"distant",13,13
"distant",22,14
"distant",8,17
"distant",51,51
"distant",28,26
"distant",51,47
"distant",45,40
"distant",40,35
"distant",1,4
"distant",18,18
"distant",14,9
"distant",51,51
"distant",34,18
"distant",10,6
"distant",9,10
"distant",6,3
"distant",31,21
"distant",26,34
"distant",25,14
"distant",27,19
"distant",11,5
"distant",9,17
"distant",20,32
"distant",24,28
"distant",32,22
"distant",21,25
"distant",42,34
"distant",25,28
"distant",28,37
"distant",43,37
"distant",35,24
"distant",1,1
"distant",3,3
"distant",48,48
"distant",50,46
"distant",1,1
"distant",43,36
"distant",41,46
"distant",14,17
"distant",11,10
"distant",2,2
"distant",45,43
"distant",29,18
"distant",45,39
"distant",44,39
"distant",29,33
"distant",45,37
"distant",29,29
"distant",3,5
"distant",22,23
"distant",16,14
"distant",12,23
"distant",35,32
"distant",49,43
"distant",1,2
"distant",12,9
"distant",47,44
"distant",38,36
"distant",42,39
"distant",10,11
"distant",46,44
"distant",31,25
"distant",29,25
"distant",26,44
"distant",13,9
"distant",32,26
"distant",50,47
"distant",35,39
"distant",48,49
"distant",40,43
"distant",31,28
"distant",20,10
"distant",47,37
"distant",35,27
"distant",32,29
"distant",2,1
"distant",5,5
"distant",26,23
"distant",12,13
"distant",4,10
"distant",26,26
"distant",3,8
"distant",5,9
"distant",11,13
"distant",35,33
"distant",28,32
"distant",14,14
"distant",41,46
"distant",26,31
"distant",41,28
"distant",50,48
"distant",9,11
"distant",29,30
"distant",38,21
"distant",29,27
"distant",26,39
"distant",24,45
"distant",13,13
"distant",25,23
"distant",7,10
"distant",4,4
"distant",12,9
"distant",41,41
"distant",43,35
"distant",26,31
"distant",29,38
"distant",49,46
"distant",5,5
"distant",37,30
"distant",44,39
"distant",46,48
"distant",51,49
"distant",9,8
"distant",24,23
"distant",14,14
"distant",43,40
"distant",32,21
"distant",15,20
"distant",30,34
"distant",43,44
"distant",29,23
"distant",45,35
"distant",15,14
"distant",46,38
"distant",39,33
"distant",5,7
"distant",17,14
"distant",44,36
"distant",39,45
"distant",2,6
"distant",31,22
"distant",45,37
"distant",8,8
"distant",14,12
"distant",9,5
"distant",51,48
"distant",41,34
"distant",19,26
"distant",6,4
"distant",22,29
"distant",46,42
"distant",15,14
"distant",2,5
"distant",36,28
"distant",18,20
"distant",1,1
"distant",19,16
"distant",14,26
"distant",47,46
"distant",9,4
"distant",39,44
"distant",19,17
"distant",33,28
"distant",13,19
"distant",24,26
"distant",19,18
"distant",9,12
"distant",1,6
"distant",49,44
"distant",27,18
"distant",3,2
"distant",45,38
"distant",1,1
"distant",51,48
"distant",18,20
"distant",25,21
"distant",51,48
"distant",49,41
"distant",3,3
"distant",9,6
"distant",7,5
"distant",26,34
"distant",28,28
"distant",14,9
"distant",47,43
"distant",1,2
"distant",45,45
"distant",8,6
"distant",13,16
"distant",8,5
"distant",20,18
"distant",24,12
"distant",12,27
"distant",50,49
"distant",40,34
"distant",4,2
"distant",14,29
"distant",2,2
"distant",12,14
"distant",9,14
"distant",16,8
"distant",51,49
"distant",9,13
"distant",17,21
"distant",42,32
"distant",41,41
"distant",21,11
"distant",26,21
"distant",7,5
"distant",24,16
"distant",49,39
"distant",26,22
"distant",35,26
"distant",40,41
"distant",24,29
"distant",24,29
"distant",41,37
"distant",1,1
"distant",3,1
"distant",40,37
"distant",8,8
"distant",46,46
"distant",16,17
"distant",37,36
"distant",49,36
"distant",10,7
"distant",35,37
"distant",51,49
"distant",40,30
"distant",49,41
"distant",8,13
"distant",37,46
"distant",15,15
"distant",51,51
"distant",42,40
"distant",4,22
"distant",7,13
"distant",6,14
"distant",51,51
"distant",38,33
"distant",30,28
"distant",9,9
"distant",16,19
"distant",16,21
"distant",29,20
"distant",12,21
"distant",8,7
"distant",35,36
"distant",3,13
"distant",20,24
"distant",2,3
"distant",11,12
"distant",28,20
"distant",29,16
"distant",25,27
"distant",48,46
"distant",2,1
"distant",49,47
"distant",23,22
"distant",1,4
"distant",2,4
"distant",17,15
"distant",5,3
"distant",23,34
"distant",16,17
"distant",11,25
"distant",28,33
"distant",49,50
"distant",11,5
"distant",14,26
"distant",28,30
"distant",47,41
"distant",48,46
"distant",34,29
"distant",45,43
"distant",13,14
"distant",1,1
"distant",13,23
"distant",14,18
"distant",5,5
"distant",34,43
"distant",34,30
"distant",48,51
"distant",17,29
"distant",51,47
"distant",18,18
"distant",37,27
"distant",3,1
"distant",37,33
"distant",3,12
"distant",47,39
"distant",49,49
"distant",14,10
"distant",42,40
"distant",38,47
"distant",11,15
"distant",23,34
"distant",33,21
"distant",13,15
"distant",45,33
"distant",31,23
"distant",5,3
"distant",46,44
"distant",34,41
"distant",51,49
"distant",21,16
"distant",48,42
"distant",41,33
"distant",33,34
"distant",13,11
"distant",47,50
"distant",12,9
"distant",6,12
"distant",11,21
"distant",6,33
"distant",8,12
"distant",28,19
"distant",32,31
"distant",4,3
"distant",13,9
"distant",18,12
"distant",16,18
"distant",13,10
"distant",51,50
"distant",27,22
"distant",45,42
"distant",40,34
"distant",19,28
"distant",34,45
"distant",14,23
"distant",35,29
"distant",38,23
"distant",50,49
"distant",3,7
"distant",42,37
"distant",51,44
"distant",42,41
"distant",12,24
"distant",51,47
"distant",1,14
"distant",19,14
"distant",16,12
"distant",41,37
"distant",20,34
"distant",12,35
"distant",27,31
"distant",41,40
"distant",12,15
"distant",25,19
"distant",6,4
"distant",16,7
"distant",22,18
"distant",50,44
"distant",44,39
"distant",40,44
"distant",9,28
"distant",41,24
"distant",4,3
"distant",6,10
"distant",3,1
"distant",3,2
"distant",51,43
"distant",39,36
"distant",39,27
"distant",32,23
"distant",8,4
"distant",34,26
"distant",42,34
"distant",47,42
"distant",4,4
"distant",31,25
"distant",22,17
"distant",19,19
"distant",13,10
"distant",45,44
"distant",31,33
"distant",30,27
"distant",51,51
"distant",45,48
"distant",33,36
"distant",51,49
"distant",24,31
"distant",15,19
"distant",1,5
"distant",51,49
"distant",2,6
"distant",13,21
"distant",28,18
"distant",19,10
"distant",6,2
"distant",17,14
"distant",50,49
"distant",51,49
"distant",34,38
"distant",48,45
"distant",4,3
"distant",44,46
"distant",36,29
"distant",24,26
"distant",36,25
"distant",22,20
"distant",13,6
"distant",1,2
"distant",47,45
"distant",50,44
"distant",15,12
"distant",11,11
"distant",50,48
"distant",50,45
"distant",5,10
"distant",34,30
"distant",6,3
"distant",7,5
"distant",38,48
"distant",17,19
"distant",23,21
"distant",19,36
"distant",22,28
"distant",16,20
"distant",45,41
"distant",29,32
"distant",32,20
"distant",19,27
"distant",2,1
"distant",48,38
"distant",2,4
"distant",3,5
"distant",39,44
"distant",31,33
"distant",15,32
"distant",30,17
"distant",29,13
"distant",6,8
"distant",36,29
"distant",27,32
"distant",42,41
"distant",34,38
"distant",45,46
"distant",25,23
"distant",2,2
"distant",17,12
"distant",28,25
"distant",1,1
"distant",47,43
"distant",47,48
"distant",22,38
"distant",11,28
"distant",48,44
"distant",34,33
"distant",21,24
"distant",21,37
"distant",34,27
"distant",17,19
"distant",12,15
"distant",25,34
"distant",27,25
"distant",41,32
"distant",19,23
"distant",29,27
"distant",2,7
"distant",35,33
"distant",35,31
"distant",11,22
"distant",7,15
"distant",9,17
"distant",47,44
"distant",51,51
"distant",16,32
"distant",51,50
"distant",49,43
"distant",42,29
"distant",39,29
"distant",6,8
"distant",30,32
"distant",51,51
"distant",38,37
"distant",27,29
"distant",41,42
"distant",34,40
"distant",29,23
"distant",6,5
"distant",21,31
"distant",33,34
"distant",22,18
"distant",3,3
"distant",18,34
"distant",1,1
"distant",41,32
"distant",31,27
"distant",3,5
"distant",6,9
"distant",30,28
"distant",4,6
"distant",4,15
"distant",51,43
"distant",30,27
"distant",14,16
"distant",3,20
"distant",26,28
"distant",12,20
"distant",41,32
"distant",44,41
"distant",4,9
"distant",18,27
"distant",11,12
"distant",8,14
"distant",10,21
"distant",47,40
"distant",23,28
"distant",42,36
"distant",42,44
"distant",6,8
"distant",13,8
"distant",24,20
"distant",8,1
"distant",33,28
"distant",14,13
"distant",12,16
"distant",21,39
"distant",27,30
"distant",44,48
"distant",13,8
"distant",50,50
"distant",24,28
"distant",8,34
"distant",3,3
"distant",36,34
"distant",6,13
"distant",2,15
"distant",13,11
"distant",15,14
"distant",26,41
"distant",1,3
"distant",50,45
"distant",32,27
"distant",20,24
"distant",11,10
"distant",4,8
"distant",12,15
"distant",4,5
"distant",48,46
"distant",4,11
"distant",45,42
"distant",44,37
"distant",4,2
"distant",3,7
"distant",28,20
"distant",35,36
"distant",23,22
"distant",17,16
"distant",1,3
"distant",50,38
"distant",23,17
"distant",26,23
"distant",33,32
"distant",49,47
"distant",43,44
"distant",37,34
"distant",1,1
"distant",31,25
"distant",47,45
"distant",27,18
"distant",8,8
"distant",20,22
"distant",26,25
"distant",38,36
"distant",9,28
"distant",9,8
"distant",51,51
"distant",30,33
"distant",50,50
"distant",20,28
"distant",11,20
"distant",43,31
"distant",25,24
"distant",49,46
"distant",48,43
"distant",3,2
"distant",44,30
"distant",5,4
"distant",12,15
"distant",31,25
"distant",15,25
"distant",46,44
"distant",8,16
"distant",33,32
"distant",51,49
"distant",2,6
"distant",42,42
"distant",23,26
"distant",33,38
"distant",51,50
"distant",23,16
"distant",6,12
"distant",1,4
"distant",45,46
"distant",13,15
"distant",12,18
"distant",28,22
"distant",27,17
"distant",6,19
"distant",19,14
"distant",14,20
"distant",1,3
"distant",26,23
"distant",42,48
"distant",6,7
"distant",36,33
"distant",51,45
"distant",10,21
"distant",41,39
"distant",30,19
"distant",13,9
"distant",51,46
"distant",12,16
"distant",3,11
"distant",42,38
"distant",49,48
"distant",28,32
"distant",1,10
"distant",43,47
"distant",37,31
"distant",27,22
"distant",5,10
"distant",45,50
"distant",4,5
"distant",31,22
"distant",6,8
"distant",44,46
"distant",8,16
"distant",41,31
"distant",5,3
"distant",3,7
"distant",38,28
"distant",15,24
"distant",48,49
"distant",29,25
"distant",31,23
"distant",49,45
"distant",20,10
"distant",1,1
"distant",26,17
"distant",37,30
"distant",7,12
"distant",17,33
"distant",8,3
"distant",4,15
"distant",2,2
"distant",33,30
"distant",2,2
"distant",17,16
"distant",51,47
"distant",33,31
"distant",50,46
"distant",32,26
"distant",1,3
"distant",25,36
"distant",34,29
"distant",50,50
"distant",38,38
"distant",2,2
"distant",21,19
"distant",30,25
"distant",45,33
"distant",14,14
"distant",24,22
"distant",30,39
"distant",49,42
"distant",44,39
"distant",32,26
"distant",24,11
"distant",39,47
"distant",31,45
"distant",51,48
"distant",12,17
"distant",18,13
"distant",51,45
"distant",8,6
"distant",46,39
"distant",50,49
"distant",1,6
"distant",37,33
"distant",5,25
"distant",2,4
"distant",5,4
"distant",15,9
"distant",29,34
"distant",14,20
"distant",14,18
"distant",50,41
"distant",20,24
"distant",19,17
"distant",51,51
"distant",6,6
"distant",51,47
"distant",19,21
"distant",51,49
"distant",1,1
"distant",32,32
"distant",33,25
"distant",48,47
"distant",3,1
"distant",30,28
"distant",4,1
"distant",19,20
"distant",51,48
"distant",11,12
"distant",48,40
"distant",38,39
"distant",45,42
"distant",48,49
"distant",20,22
"distant",13,33
"distant",13,21
"distant",9,7
"distant",5,5
"distant",4,4
"distant",41,44
"distant",14,17
"distant",36,37
"distant",31,25
"distant",43,48
"distant",7,8
"distant",27,31
"distant",25,20
"distant",23,29
"distant",36,27
"distant",5,5
"distant",19,11
"distant",14,41
"distant",51,51
"distant",16,14
"distant",42,41
"distant",6,2
"distant",15,8
"distant",3,10
"distant",20,22
"distant",5,1
"distant",3,6
"distant",47,34
"distant",2,5
"distant",31,25
"distant",17,24
"distant",19,23
"distant",15,21
"distant",37,43
"distant",51,51
"distant",51,49
"distant",7,10
"distant",5,7
"distant",44,42
"distant",37,35
"distant",12,13
"distant",43,28
"distant",25,32
"distant",3,1
"distant",7,16
"distant",44,35
"distant",48,45
"distant",42,41
"distant",7,5
"distant",37,38
"distant",46,41
"distant",27,36
"distant",16,16
"distant",9,3
"distant",38,44
"distant",5,2
"distant",48,40
"distant",9,14
"distant",51,50
"distant",32,27
"distant",25,19
"distant",47,39
"distant",15,8
"distant",17,22
"distant",13,13
"distant",39,35
"distant",21,16
"distant",31,26
"distant",28,21
"distant",19,11
"distant",7,4
"distant",38,32
"distant",1,3
"distant",39,34
"distant",15,13
"distant",36,21
"distant",11,12
"distant",38,37
"distant",25,42
"distant",51,50
"distant",5,5
"distant",1,3
"distant",16,29
"distant",3,9
"distant",26,34
"distant",2,2
"distant",5,1
"distant",50,48
"distant",35,32
"distant",12,7
"distant",48,51
"distant",9,9
"distant",14,12
"distant",14,11
"distant",38,47
"distant",15,14
"distant",26,19
"distant",20,8
"distant",4,6
"distant",47,47
"distant",42,41
"distant",31,25
"distant",40,43
"distant",48,46
"distant",19,27
"distant",1,1
"distant",10,35
"distant",49,43
"distant",49,45
"distant",5,7
"distant",41,44
"distant",41,33
"distant",22,16
"distant",22,11
"distant",11,37
"distant",21,23
"distant",51,51
"distant",45,40
"distant",1,2
"distant",18,38
"distant",11,11
"distant",3,3
"distant",46,41
"distant",37,48
"distant",1,1
"distant",14,14
"distant",17,10
"distant",23,13
"distant",51,49
"distant",41,34
"distant",4,9
"distant",11,14
"distant",8,3
"distant",15,24
"distant",7,10
"distant",38,25
"distant",40,32
"distant",17,27
"distant",4,2
"distant",20,23
"distant",51,47
"distant",3,2
"distant",1,20
"distant",8,11
"distant",27,22
"distant",51,47
"distant",9,10
"distant",21,34
"distant",2,4
"distant",25,25
"distant",48,42
"distant",3,15
"distant",20,22
"distant",29,19
"distant",4,4
"distant",18,15
"distant",15,12
"distant",18,39
"distant",42,43
"distant",42,38
"distant",51,51
"distant",24,19
"distant",8,12
"distant",16,11
"distant",48,47
"distant",33,36
"distant",51,51
"distant",16,11
"distant",18,29
"distant",15,10
"distant",23,29
"distant",1,3
"distant",42,41
"distant",32,29
"distant",28,27
"distant",43,29
"distant",37,32
"distant",47,44
"distant",49,50
"distant",44,43
"distant",12,21
"distant",2,3
"distant",9,11
"distant",14,13
"distant",42,40
"distant",33,37
"distant",46,44
"distant",47,41
"distant",39,38
"distant",8,22
"distant",35,47
"distant",16,32
"distant",4,16
"distant",25,26
"distant",38,31
"distant",9,4
"distant",13,13
"distant",10,10
"distant",42,32
"distant",34,30
"distant",10,5
"distant",4,10
"distant",49,45
"distant",4,11
"distant",23,29
"distant",19,36
"distant",29,28
"distant",51,45
"distant",37,32
"distant",50,42
"distant",29,26
"distant",19,27
"distant",21,16
"distant",5,2
"distant",2,3
"distant",16,38
"distant",47,36
"distant",10,10
"distant",25,18
"distant",23,26
"distant",13,10
"distant",34,34
"distant",3,4
"distant",10,7
"distant",30,31
"distant",17,25
"distant",5,15
"distant",13,22
"distant",21,40
"distant",36,39
"distant",21,37
"distant",8,7
"distant",11,16
"distant",24,22
"distant",20,13
"distant",36,32
"distant",2,5
"distant",14,7
"distant",48,44
"distant",3,14
"distant",6,8
"distant",51,51
"distant",31,25
"distant",8,21
"distant",17,26
"distant",39,35
"distant",2,2
"distant",2,2
"distant",15,11
"distant",2,3
"distant",36,32
"distant",42,47
"distant",3,7
"distant",8,12
"distant",6,7
"distant",29,29
"distant",30,17
"distant",50,49
"distant",31,34
"distant",44,32
"distant",3,4
"distant",13,15
"distant",51,51
"distant",12,14
"distant",47,41
"distant",25,27
"distant",44,31
"distant",42,41
"distant",8,9
"distant",11,39
"distant",1,2
"distant",1,2
"distant",48,46
"distant",16,18
"distant",18,23
"distant",7,10
"distant",27,30
"distant",25,48
"distant",2,8
"distant",34,33
"distant",34,36
"distant",16,16
"distant",49,48
"distant",5,7
"distant",20,19
"distant",44,37
"distant",21,41
"distant",51,47
"distant",26,18
"distant",6,15
"distant",23,15
"distant",51,50
"distant",48,47
"distant",5,10
"distant",34,25
"distant",51,45
"distant",9,3
"distant",31,29
"distant",28,28
"distant",14,15
"distant",9,4
"distant",45,45
"distant",8,7
"distant",25,18
"distant",43,36
"distant",11,22
"distant",17,17
"distant",48,39
"distant",28,35
"distant",51,47
"distant",4,9
"distant",2,3
"distant",13,23
"distant",47,48
"distant",21,38
"distant",50,50
"distant",29,20
"distant",1,6
"distant",38,47
"distant",14,27
"distant",8,26
"distant",29,29
"distant",46,40
"distant",7,10
"distant",14,13
"distant",42,34
"distant",50,49
"distant",16,10
"distant",22,27
"distant",7,20
"distant",12,13
"distant",49,38
"distant",5,12
"distant",1,1
"distant",26,26
"distant",41,47
"distant",26,38
"distant",44,39
"distant",13,32
"distant",9,5
"distant",27,22
"distant",43,48
"distant",18,10
"distant",39,42
"distant",36,35
"distant",42,44
"distant",9,36
"distant",47,49
"distant",51,50
"distant",7,14
"distant",26,33
"distant",24,29
"distant",7,5
"distant",6,17
"distant",45,45
"distant",14,10
"distant",19,14
"distant",6,6
"distant",22,15
"distant",51,49
"distant",22,21
"distant",2,2
"distant",49,44
"distant",14,32
"distant",8,6
"distant",41,33
"distant",50,46
"distant",3,5
"distant",5,6
"distant",51,50
"distant",44,45
"distant",51,48
"distant",47,41
"distant",17,10
"distant",48,42
"distant",32,25
"distant",22,22
"distant",36,33
"distant",7,6
"distant",9,6
"distant",13,10
"distant",2,1
"distant",14,30
"distant",32,47
"distant",44,42
"distant",29,22
"distant",51,50
"distant",4,6
"distant",14,10
"distant",4,2
"distant",25,38
"distant",41,36
"distant",43,51
"distant",19,15
"distant",36,29
"distant",42,43
"distant",11,22
"distant",3,3
"distant",38,37
"distant",9,11
"distant",50,45
"distant",20,20
"distant",2,1
"distant",21,30
"distant",34,33
"distant",45,45
"distant",32,41
"distant",28,23
"distant",16,20
"distant",27,23
"distant",48,39
"distant",45,32
"distant",50,46
"distant",25,18
"distant",12,27
"distant",5,8
"distant",41,31
"distant",7,9
"distant",4,3
"distant",44,35
"distant",14,11
"distant",22,18
"distant",23,15
"distant",20,29
"distant",1,3
"distant",8,10
"distant",51,50
"distant",14,11
"distant",31,25
"distant",32,25
"distant",50,46
"distant",23,29
"distant",16,25
"distant",6,6
"distant",28,22
"distant",27,25
"distant",15,18
"distant",8,8
"distant",19,27
"distant",43,43
"distant",50,46
"distant",7,7
"distant",23,21
"distant",6,9
"distant",7,5
"distant",5,15
"distant",11,13
"distant",14,17
"distant",3,3
"distant",51,49
"distant",45,43
"distant",39,31
"distant",46,38
"distant",45,40
"distant",49,46
"distant",30,29
"distant",32,30
"distant",40,51
"distant",37,47
"distant",47,44
"distant",12,12
"distant",44,42
"distant",5,8
"distant",33,34
"distant",37,31
"distant",47,44
"distant",29,26
"distant",42,45
"distant",13,25
"distant",20,22
"distant",16,9
"distant",8,4
"distant",15,10
"distant",39,35
"distant",3,5
"distant",41,36
"distant",8,16
"distant",41,35
"distant",3,8
"distant",5,5
"distant",48,49
"distant",44,38
"distant",36,33
"distant",20,14
"distant",16,17
"distant",4,2
"distant",43,33
"distant",51,49
"distant",11,9
"distant",5,10
"distant",23,13
"distant",25,14
"distant",51,50
"distant",21,15
"distant",29,20
"distant",14,8
"distant",2,5
"distant",31,38
"distant",10,21
"distant",23,27
"distant",51,48
"distant",38,33
"distant",3,3
"distant",42,39
"distant",50,49
"distant",15,16
"distant",43,37
"distant",46,43
"distant",16,19
"distant",15,21
"distant",41,40
"distant",17,11
"distant",45,38
"distant",10,11
"distant",21,19
"distant",13,11
"distant",42,42
"distant",10,17
"distant",12,8
"distant",22,28
"distant",30,29
"distant",41,48
"distant",50,46
"distant",7,11
"distant",8,7
"distant",25,24
"distant",50,47
"distant",34,32
"distant",13,12
"distant",50,47
"distant",19,13
"distant",24,23
"distant",28,23
"distant",21,30
"distant",38,32
"distant",15,30
"distant",34,35
"distant",50,43
"distant",23,39
"distant",30,24
"distant",42,43
"distant",35,37
"distant",28,27
"distant",37,31
"distant",50,46
"distant",45,48
"distant",44,38
"distant",11,16
"distant",38,34
"distant",3,2
"distant",47,48
"distant",3,1
"distant",32,28
"distant",15,28
"distant",21,19
"distant",40,38
"distant",13,11
"distant",36,30
"distant",51,45
"distant",12,14
"distant",15,6
"distant",10,16
"distant",33,31
"distant",4,11
"distant",18,14
"distant",16,13
"distant",34,34
"distant",10,15
"distant",51,51
"distant",7,8
"distant",5,14
"distant",46,41
"distant",47,38
"distant",45,42
"distant",7,19
"distant",51,50
"distant",16,15
"distant",33,23
"distant",25,14
"distant",4,6
"distant",33,33
"distant",51,51
"distant",40,30
"distant",30,25
"distant",15,10
"distant",7,8
"distant",45,47
"distant",4,10
"distant",37,27
"distant",51,50
"distant",8,20
"distant",37,36
"distant",37,32
"distant",37,37
"distant",51,49
"distant",48,45
"distant",25,27
"distant",14,9
"distant",7,6
"distant",10,7
"distant",27,36
"distant",48,40
"distant",35,23
"distant",2,1
"distant",34,25
"distant",41,46
"distant",37,27
"distant",17,25
"distant",51,50
"distant",16,6
"distant",45,43
"distant",10,6
"distant",11,10
"distant",38,41
"distant",25,13
"distant",47,35
"distant",12,10
"distant",44,39
"distant",51,50
"distant",13,20
"distant",4,4
"distant",13,13
"distant",1,1
"distant",14,17
"distant",50,43
"distant",8,13
"distant",17,12
"distant",2,3
"distant",26,25
"distant",27,19
"distant",51,51
"distant",4,7
"distant",12,11
"distant",2,6
"distant",12,4
"distant",16,42
"distant",7,14
"distant",46,36
"distant",17,12
"distant",12,21
"distant",33,25
"distant",18,12
"distant",45,38
"distant",16,15
"distant",23,28
"distant",35,31
"distant",18,17
"distant",21,21
"distant",16,14
"distant",3,2
"distant",35,29
"distant",8,7
"distant",6,19
"distant",31,35
"distant",28,18
"distant",13,9
"distant",2,4
"distant",43,32
"distant",32,23
"distant",31,44
"distant",3,5
"distant",11,29
"distant",50,50
"distant",43,39
"distant",8,9
"distant",24,29
"distant",21,23
"distant",31,20
"distant",25,29
"distant",17,11
"distant",37,35
"distant",34,34
"distant",47,44
"distant",11,14
"distant",35,33
"distant",34,33
"distant",1,1
"distant",35,38
"distant",9,15
"distant",13,7
"distant",30,25
"distant",18,11
"distant",3,7
"distant",19,30
"distant",22,16
"distant",47,38
"distant",42,34
"distant",13,17
"distant",10,6
"distant",10,11
"distant",30,36
"distant",18,21
"distant",16,11
"distant",14,14
"distant",51,51
"distant",36,27
"distant",1,3
"distant",37,29
"distant",2,6
"distant",31,27
"distant",29,34
"distant",15,31
"distant",20,34
"distant",31,26
"distant",13,13
"distant",42,40
"distant",24,22
"distant",10,7
"distant",12,8
"distant",47,42
"distant",14,15
"distant",42,41
"distant",20,39
"distant",14,12
"distant",4,2
"distant",21,16
"distant",44,33
"distant",33,24
"distant",47,40
"distant",50,45
"distant",32,41
"distant",26,22
"distant",13,8
"distant",40,41
"distant",13,21
"distant",4,3
"distant",34,32
"distant",7,9
"distant",38,43
"distant",29,30
"distant",3,7
"distant",8,13
"distant",7,8
"distant",48,43
"distant",28,23
"distant",42,41
"distant",1,6
"distant",13,34
"distant",13,23
"distant",46,42
"distant",30,31
"distant",37,29
"distant",6,10
"distant",15,20
"distant",49,46
"distant",19,20
"distant",36,28
"distant",51,51
"distant",8,10
"distant",37,35
"distant",7,10
"distant",37,30
"distant",51,49
"distant",18,17
"distant",2,1
"distant",46,48
"distant",5,6
"distant",14,21
"distant",4,4
"distant",44,42
"distant",49,44
"distant",51,46
"distant",40,46
"distant",1,1
"distant",13,21
"distant",12,17
"distant",48,45
"distant",23,39
"distant",40,40
"distant",43,38
"distant",27,25
"distant",46,39
"distant",25,32
"distant",51,51
"distant",19,20
"distant",51,49
"distant",43,43
"distant",35,38
"distant",40,39
"distant",8,7
"distant",20,33
"distant",51,51
"distant",26,15
"distant",30,31
"distant",50,47
"distant",9,19
"distant",6,10
"distant",3,3
"distant",35,27
"distant",48,50
"distant",51,49
"distant",19,24
"distant",50,44
"distant",30,34
"distant",51,50
"distant",24,25
"distant",1,1
"distant",6,15
"distant",51,50
"distant",35,30
"distant",28,37
"distant",11,7
"distant",16,24
"distant",15,23
"distant",46,33
"distant",16,17
"distant",39,34
"distant",50,49
"distant",16,18
"distant",1,4
"distant",51,49
"distant",21,10
"distant",45,46
"distant",18,15
"distant",5,6
"distant",39,31
"distant",4,19
"distant",44,38
"distant",34,24
"distant",6,12
"distant",12,11
"distant",41,27
"distant",34,47
"distant",14,18
"distant",1,1
"distant",50,49
"distant",41,37
"distant",38,40
"distant",11,19
"distant",7,10
"distant",48,46
"distant",2,3
"distant",18,12
"distant",14,15
"distant",33,27
"distant",42,37
"distant",38,43
"distant",46,37
"distant",43,44
"distant",25,20
"distant",33,42
"distant",38,29
"distant",3,1
"distant",26,21
"distant",5,12
"distant",25,19
"distant",45,33
"distant",28,26
"distant",4,10
"distant",7,17
"distant",20,15
"distant",40,43
"distant",18,17
"distant",4,9
"distant",43,44
"distant",4,12
"distant",6,13
"distant",25,30
"distant",48,36
"distant",1,3
"distant",31,30
"distant",25,37
"distant",21,20
"distant",51,51
"distant",7,14
"distant",51,48
"distant",16,20
"distant",43,36
"distant",30,39
"distant",26,20
"distant",15,21
"distant",30,41
"distant",25,19
"distant",4,3
"distant",36,30
"distant",27,27
"distant",41,33
"distant",12,12
"distant",9,10
"distant",2,1
"distant",23,14
"distant",6,3
"distant",25,25
"distant",34,32
"distant",9,10
"distant",12,31
"distant",19,21
"distant",27,20
"distant",47,46
"distant",51,50
"distant",48,41
"distant",13,14
"distant",3,11
"distant",15,14
"distant",49,48
"distant",49,43
"distant",47,46
"distant",35,36
"distant",19,35
"distant",47,34
"distant",50,48
"distant",30,23
"distant",46,48
"distant",23,21
"distant",47,49
"distant",34,38
"distant",18,35
"distant",4,5
"distant",35,42
"distant",35,42
"distant",1,2
"distant",11,35
"distant",47,48
"distant",41,33
"distant",6,18
"distant",25,18
"distant",27,24
"distant",50,47
"distant",49,47
"distant",13,17
"distant",51,51
"distant",48,49
"distant",24,24
"distant",51,51
"distant",17,10
"distant",24,21
"distant",18,12
"distant",24,13
"distant",34,32
"distant",38,37
"distant",46,47
"distant",43,36
"distant",1,10
"distant",44,47
"distant",22,21
"distant",13,7
"distant",15,5
"distant",36,31
"distant",49,47
"distant",51,47
"distant",4,4
"distant",17,17
"distant",38,48
"distant",1,2
"distant",34,39
"distant",18,28
"distant",8,4
"distant",22,19
"distant",20,14
"distant",13,16
"distant",18,19
"distant",34,26
"distant",1,4
"distant",22,25
"distant",4,13
"distant",35,30
"distant",1,5
"distant",4,7
"distant",36,36
"distant",21,21
"distant",8,16
"distant",11,20
"distant",50,51
"distant",51,51
"distant",27,33
"distant",11,30
"distant",1,3
"distant",19,11
"distant",10,22
"distant",6,4
"distant",42,45
"distant",4,7
"distant",13,11
"distant",29,37
"distant",27,34
"distant",3,2
"distant",23,29
"distant",20,19
"distant",18,21
"distant",47,40
"distant",2,3
"distant",22,27
"distant",8,9
"distant",48,45
"distant",32,23
"distant",34,38
"distant",35,44
"distant",49,41
"distant",24,15
"distant",28,27
"distant",7,6
"distant",17,9
"distant",45,46
"distant",42,36
"distant",10,16
"distant",39,32
"distant",34,47
"distant",39,34
"distant",12,8
"distant",10,11
"distant",25,25
"distant",34,38
"distant",9,10
"distant",33,35
"distant",9,4
"distant",40,34
"distant",32,35
"distant",22,21
"distant",3,6
"distant",47,47
"distant",35,29
"distant",9,10
"distant",20,19
"distant",14,17
"distant",1,5
"distant",16,17
"distant",16,6
"distant",29,30
"distant",8,14
"distant",47,42
"distant",35,43
"distant",12,11
"distant",12,5
"distant",38,32
"distant",49,45
"distant",11,5
"distant",2,2
"distant",16,15
"distant",8,9
"distant",9,5
"distant",37,30
"distant",12,20
"distant",33,26
"distant",30,27
"distant",20,20
"distant",11,4
"distant",9,14
"distant",36,33
"distant",48,40
"distant",5,12
"distant",15,15
"distant",50,47
"distant",19,8
"distant",31,26
"distant",51,51
"distant",16,14
"distant",36,40
"distant",7,21
"distant",42,37
"distant",37,28
"distant",19,20
"distant",12,17
"distant",11,9
"distant",33,36
"distant",37,31
"distant",19,17
"distant",17,18
"distant",30,31
"distant",43,34
"distant",33,38
"distant",44,39
"distant",13,32
"distant",48,43
"distant",22,22
"distant",17,34
"distant",22,17
"distant",50,49
"distant",28,25
"distant",42,34
"distant",45,31
"distant",21,15
"distant",51,51
"distant",13,12
"distant",51,50
"distant",15,13
"distant",38,37
"distant",28,24
"distant",44,40
"distant",41,39
"distant",9,27
"distant",28,26
"distant",49,44
"distant",15,8
"distant",3,5
"distant",43,32
"distant",37,40
"distant",15,19
"distant",47,43
"distant",31,33
"distant",1,1
"distant",39,48
"distant",17,23
"distant",7,7
"distant",38,27
"distant",13,11
"distant",48,43
"distant",17,25
"distant",48,42
"distant",23,28
"distant",13,7
"distant",33,36
"distant",28,26
"distant",42,30
"distant",26,22
"distant",46,48
"distant",20,16
"distant",10,8
"distant",8,9
"distant",5,5
"distant",39,28
"distant",37,43
"distant",36,24
"distant",8,8
"distant",22,23
"distant",29,17
"distant",49,49
"distant",34,32
"distant",18,26
"distant",17,3
"distant",51,48
"distant",42,41
"distant",8,8
"distant",39,30
"distant",1,3
"distant",26,19
"distant",6,18
"distant",51,50
"distant",30,18
"distant",34,30
"distant",4,10
"distant",3,3
"distant",2,1
"distant",29,17
"distant",51,51
"distant",48,44
"distant",34,31
"distant",24,24
"distant",42,39
"distant",45,41
"distant",31,32
"distant",28,35
"distant",36,28
"distant",2,15
"distant",24,26
"distant",51,51
"distant",23,31
"distant",38,28
"distant",42,35
"distant",20,33
"distant",16,7
"distant",47,36
"distant",5,13
"distant",20,18
"distant",49,45
"distant",51,51
"distant",46,37
"distant",4,1
"distant",46,44
"distant",13,9
"distant",23,30
"distant",7,10
"distant",51,47
"distant",12,12
"distant",51,49
"distant",48,39
"distant",17,26
"distant",29,29
"distant",13,10
"distant",43,38
"distant",30,20
"distant",12,20
"distant",19,31
"distant",50,48
"distant",3,3
"distant",50,47
"distant",27,20
"distant",32,35
"distant",44,41
"distant",3,3
"distant",36,22
"distant",38,32
"distant",41,31
"distant",39,28
"distant",20,22
"distant",9,15
"distant",27,29
"distant",31,21
"distant",46,41
"distant",6,7
"distant",20,23
"distant",24,26
"distant",18,19
"distant",2,3
"distant",14,5
"distant",35,42
"distant",37,28
"distant",14,10
"distant",33,49
"distant",11,9
"distant",11,30
"distant",8,6
"distant",20,13
"distant",43,36
"distant",29,18
"distant",18,20
"distant",50,47
"distant",15,15
"distant",5,6
"distant",51,48
"distant",11,12
"distant",16,11
"distant",42,38
"distant",5,17
"distant",48,47
"distant",24,17
"distant",49,38
"distant",4,4
"distant",3,6
"distant",37,44
"distant",23,22
"distant",44,42
"distant",30,35
"distant",1,2
"distant",1,6
"distant",17,29
"distant",51,50
"distant",9,10
"distant",37,33
"distant",13,18
"distant",23,15
"distant",48,48
"distant",51,50
"distant",34,29
"distant",44,35
"distant",45,45
"distant",10,22
"distant",4,23
"distant",44,39
"distant",5,3
"distant",16,18
"distant",24,18
"distant",9,7
"distant",12,22
"distant",32,24
"distant",45,46
"distant",21,29
"distant",12,11
"distant",17,18
"distant",39,36
"distant",7,12
"distant",6,4
"distant",37,29
"distant",19,20
"distant",26,26
"distant",31,28
"distant",50,46
"distant",48,45
"distant",14,12
"distant",3,5
"distant",29,32
"distant",1,4
"distant",51,51
"distant",17,19
"distant",40,23
"distant",40,33
"distant",48,48
"distant",49,49
"distant",33,28
"distant",7,4
"distant",24,29
"distant",51,49
"distant",9,13
"distant",23,20
"distant",34,23
"distant",6,17
"distant",11,17
"distant",10,17
"distant",18,22
"distant",7,11
"distant",12,28
"distant",45,38
"distant",18,13
"distant",43,38
"distant",34,41
"distant",18,32
"distant",33,31
"distant",2,4
"distant",11,7
"distant",24,17
"distant",11,8
"distant",17,34
"distant",1,1
"distant",43,41
"distant",5,6
"distant",11,10
"distant",37,29
"distant",2,5
"distant",31,29
"distant",33,30
"distant",24,49
"distant",36,33
"distant",43,44
"distant",12,6
"distant",27,22
"distant",47,44
"distant",50,50
"distant",40,35
"distant",8,4
"distant",15,27
"distant",30,28
"distant",47,43
"distant",14,24
"distant",2,1
"distant",27,20
"distant",30,34
"distant",15,7
"distant",35,33
"distant",15,20
"distant",42,48
"distant",40,32
"distant",33,30
"distant",30,19
"distant",25,18
"distant",12,12
"distant",25,14
"distant",39,26
"distant",31,36
"distant",16,15
"distant",3,5
"distant",48,45
"distant",26,17
"distant",46,39
"distant",27,24
"distant",12,9
"distant",47,35
"distant",30,25
"distant",8,13
"distant",7,4
"distant",7,2
"distant",23,24
"distant",42,36
"distant",14,24
"distant",51,50
"distant",41,39
"distant",29,23
"distant",45,44
"distant",1,28
"distant",31,30
"distant",5,5
"distant",51,48
"distant",34,41
"distant",39,36
"distant",50,43
"distant",50,50
"distant",21,25
"distant",5,5
"distant",7,5
"distant",10,3
"distant",35,43
"distant",38,32
"distant",47,47
"distant",37,27
"distant",3,3
"distant",12,10
"distant",12,20
"distant",11,12
"distant",17,34
"distant",33,26
"distant",51,49
"distant",32,27
"distant",4,2
"distant",25,40
"distant",44,38
"distant",35,41
"distant",32,33
"distant",47,38
"distant",40,35
"distant",44,29
"distant",51,48
"distant",28,34
"distant",20,17
"distant",6,5
"distant",48,38
"distant",2,1
"distant",2,3
"distant",45,47
"distant",27,27
"distant",19,15
"distant",8,6
"distant",24,16
"distant",43,40
"distant",50,46
"distant",35,32
"distant",8,24
"distant",48,47
"distant",16,17
"distant",32,33
"distant",10,9
"distant",49,45
"distant",13,14
"distant",41,28
"distant",7,7
"distant",9,13
"distant",1,1
"distant",25,22
"distant",4,12
"distant",42,39
"distant",51,50
"distant",21,27
"distant",35,27
"distant",14,7
"distant",18,28
"distant",27,26
"distant",36,39
"distant",40,34
"distant",22,25
"distant",9,21
"distant",41,38
"distant",50,46
"distant",51,51
"distant",7,11
"distant",9,11
"distant",15,14
"distant",51,48
"distant",4,37
"distant",17,19
"distant",50,50
"distant",48,46
"distant",47,47
"distant",41,38
"distant",39,49
"distant",5,1
"distant",3,7
"distant",25,30
"distant",7,20
"distant",16,9
"distant",29,29
"distant",17,15
"distant",30,34
"distant",8,9
"distant",36,31
"distant",15,21
"distant",28,17
"distant",45,42
"distant",47,37
"distant",23,24
"distant",43,40
"distant",21,18
"distant",48,46
"distant",32,33
"distant",16,29
"distant",28,16
"distant",35,26
"distant",29,24
"distant",24,27
"distant",37,29
"distant",47,41
"distant",51,51
"distant",47,47
"distant",42,39
"distant",31,30
"distant",14,17
"distant",21,15
"distant",8,9
"distant",24,30
"distant",29,40
"distant",17,11
"distant",51,51
"distant",5,15
"distant",17,9
"distant",1,1
"distant",51,48
"distant",6,1
"distant",27,36
"distant",34,24
"distant",13,21
"distant",40,33
"distant",18,16
"distant",29,41
"distant",36,33
"distant",4,5
"distant",10,38
"distant",26,28
"distant",47,34
"distant",24,31
"distant",49,46
"distant",32,37
"distant",39,31
"distant",26,23
"distant",44,38
"distant",51,50
"distant",15,8
"distant",32,27
"distant",48,40
"distant",6,8
"distant",44,45
"distant",35,35
"distant",7,10
"distant",43,43
"distant",31,35
"distant",50,48
"distant",25,34
"distant",50,48
"distant",23,37
"distant",22,15
"distant",10,9
"distant",51,51
"distant",1,2
"distant",43,43
"distant",17,12
"distant",43,43
"distant",49,47
"distant",25,46
"distant",23,22
"distant",19,23
"distant",47,40
"distant",50,49
"distant",24,20
"distant",28,27
"distant",48,46
"distant",7,11
"distant",46,41
"distant",28,21
"distant",6,26
"distant",51,50
"distant",2,8
"distant",38,33
"distant",8,4
"distant",5,8
"distant",47,48
"distant",25,36
"distant",44,46
"distant",30,42
"distant",51,49
"distant",3,1
"distant",31,30
"distant",29,19
"distant",38,39
"distant",24,15
"distant",43,44
"distant",33,47
"distant",27,31
"distant",19,31
"distant",3,11
"distant",46,43
"distant",31,23
"distant",51,50
"distant",16,15
"distant",9,7
"distant",33,25
"distant",15,26
"distant",11,10
"distant",6,6
"distant",36,32
"distant",51,49
"distant",49,43
"distant",20,16
"distant",51,49
"distant",14,23
"distant",7,6
"distant",19,18
"distant",51,51
"distant",15,23
"distant",13,12
"distant",18,15
"distant",32,17
"distant",43,41
"distant",47,41
"distant",3,4
"distant",51,45
"distant",33,29
"distant",14,21
"distant",15,19
"distant",42,46
"distant",31,35
"distant",23,29
"distant",51,46
"distant",29,31
"distant",16,13
"distant",16,26
"distant",17,20
"distant",4,2
"distant",20,20
"distant",26,19
"distant",44,44
"distant",25,19
"distant",41,49
"distant",18,31
"distant",22,21
"distant",25,31
"distant",23,29
"distant",28,30
"distant",1,6
"distant",19,31
"distant",37,30
"distant",13,7
"distant",6,4
"distant",22,32
"distant",46,42
"distant",48,44
"distant",43,42
"distant",15,13
"distant",15,8
"distant",25,40
"distant",51,51
"distant",40,44
"distant",7,8
"distant",51,50
"distant",4,7
"distant",18,17
"distant",47,42
"distant",45,34
"distant",36,34
"distant",32,31
"distant",33,36
"distant",6,4
"distant",10,16
"distant",50,47
"distant",16,12
"distant",16,36
"distant",1,1
"distant",1,1
"distant",6,10
"distant",49,46
"distant",21,29
"distant",45,42
"distant",23,31
"distant",7,15
"distant",35,40
"distant",39,36
"distant",10,9
"distant",46,41
"distant",42,47
"distant",5,11
"distant",18,24
"distant",34,27
"distant",30,21
"distant",50,42
"distant",51,51
"distant",51,50
"distant",13,22
"distant",15,30
"distant",17,16
"distant",10,15
"distant",51,51
"distant",7,7
"distant",48,44
"distant",32,26
"distant",28,18
"distant",41,37
"distant",21,19
"distant",48,37
"distant",16,18
"distant",34,26
"distant",36,33
"distant",10,13
"distant",33,29
"distant",43,35
"distant",25,25
"distant",18,26
"distant",51,50
"distant",30,26
"distant",43,43
"distant",3,4
"distant",18,45
"distant",29,28
"distant",47,46
"distant",37,35
"distant",10,12
"distant",50,50
"distant",31,29
"distant",10,25
"distant",32,34
"distant",32,46
"distant",6,7
"distant",5,7
"distant",12,4
"distant",46,44
"distant",40,36
"distant",51,48
"distant",7,12
"distant",44,36
"distant",14,23
"distant",4,6
"distant",8,4
"distant",40,34
"distant",1,1
"distant",27,16
"distant",35,34
"distant",27,21
"distant",17,21
"distant",28,27
"distant",1,2
"distant",1,1
"distant",51,47
"distant",26,27
"distant",28,24
"distant",6,3
"distant",17,16
"distant",28,41
"distant",45,45
"distant",32,30
"distant",22,44
"distant",31,36
"distant",3,1
"distant",5,5
"distant",10,10
"distant",10,9
"distant",49,40
"distant",14,15
"distant",2,1
"distant",29,36
"distant",15,21
"distant",33,27
"distant",14,20
"distant",3,3
"distant",6,3
"distant",18,15
"distant",46,36
"distant",12,18
"distant",31,31
"distant",29,28
"distant",47,42
"distant",19,23
"distant",38,28
"distant",13,4
"distant",28,24
"distant",48,39
"distant",18,27
"distant",13,16
"distant",8,15
"distant",25,27
"distant",10,10
"distant",19,16
"distant",51,47
"distant",12,7
"distant",38,32
"distant",12,34
"distant",12,9
"distant",13,31
"distant",46,44
"distant",2,2
"distant",40,38
"distant",24,15
"distant",37,28
"distant",6,18
"distant",25,14
"distant",4,3
"distant",17,14
"distant",12,19
"distant",25,20
"distant",29,16
"distant",34,28
"distant",44,41
"distant",5,12
"distant",21,32
"distant",1,3
"distant",6,4
"distant",19,18
"distant",50,47
"distant",27,30
"distant",51,51
"distant",22,16
"distant",11,20
"distant",41,42
"distant",20,14
"distant",31,44
"distant",14,16
"distant",16,15
"distant",6,7
"distant",1,3
"distant",22,12
"distant",45,39
"distant",35,18
"distant",36,41
"distant",13,15
"distant",18,18
"distant",37,28
"distant",11,12
"distant",23,43
"distant",1,1
"distant",9,9
"distant",9,7
"distant",30,31
"distant",3,5
"distant",29,29
"distant",36,33
"distant",30,34
"distant",32,27
"distant",36,37
"distant",40,41
"distant",6,5
"distant",40,36
"distant",7,11
"distant",9,33
"distant",11,4
"distant",25,34
"distant",39,35
"distant",46,44
"distant",44,44
"distant",22,20
"distant",44,42
"distant",31,31
"distant",27,23
"distant",2,3
"distant",50,45
"distant",47,47
"distant",7,5
"distant",46,43
"distant",40,37
"distant",1,1
"distant",34,25
"distant",51,51
"distant",10,13
"distant",34,32
"distant",47,41
"distant",43,37
"distant",7,7
"distant",27,28
"distant",32,24
"distant",1,1
"distant",24,29
"distant",6,12
"distant",47,39
"distant",36,39
"distant",42,37
"distant",46,40
"distant",19,14
"distant",44,40
"distant",6,15
"distant",9,10
"distant",42,33
"distant",9,15
"distant",47,42
"distant",42,33
"distant",39,36
"distant",44,36
"distant",37,31
"distant",16,17
"distant",10,9
"distant",40,34
"distant",16,18
"distant",45,45
"distant",46,41
"distant",14,25
"distant",9,18
"distant",27,14
"distant",40,33
"distant",50,47
"distant",39,37
"distant",15,14
"distant",9,20
"distant",29,23
"distant",29,31
"distant",18,23
"distant",50,49
"distant",28,23
"distant",9,6
"distant",39,37
"distant",49,46
"distant",9,2
"distant",44,46
"distant",23,26
"distant",35,27
"distant",24,17
"distant",19,14
"distant",20,15
"distant",2,3
"distant",27,21
"distant",16,22
"distant",8,2
"distant",2,3
"distant",45,49
"distant",38,35
"distant",38,38
"distant",32,39
"distant",41,37
"distant",1,3
"distant",41,48
"distant",17,19
"distant",43,42
"distant",19,23
"distant",18,13
"distant",14,14
"distant",6,3
"distant",16,16
"distant",32,23
"distant",21,18
"distant",36,44
"distant",46,40
"distant",4,6
"distant",15,7
"distant",9,10
"distant",3,3
"distant",2,3
"distant",2,13
"distant",7,10
"distant",40,34
"distant",42,28
"distant",40,36
"distant",16,16
"distant",51,47
"distant",28,29
"distant",43,38
"distant",19,20
"distant",40,30
"distant",11,27
"distant",5,6
"distant",7,4
"distant",47,40
"distant",17,6
"distant",5,12
"distant",37,29
"distant",8,12
"distant",20,38
"distant",13,17
"distant",20,17
"distant",51,51
"distant",4,2
"distant",51,51
"distant",15,18
"distant",40,37
"distant",18,25
"distant",20,24
"distant",51,51
"distant",16,35
"distant",34,33
"distant",29,20
"distant",51,44
"distant",19,42
"distant",19,26
"distant",39,36
"distant",15,8
"distant",19,20
"distant",21,22
"distant",30,18
"distant",37,37
"distant",3,13
"distant",5,7
"distant",44,37
"distant",15,14
"distant",28,21
"distant",19,12
"distant",13,8
"distant",41,36
"distant",45,36
"distant",26,40
"distant",46,42
"distant",16,19
"distant",42,39
"distant",18,11
"distant",18,33
"distant",26,13
"distant",44,36
"distant",9,9
"distant",1,1
"distant",30,26
"distant",12,4
"distant",31,33
"distant",41,36
"distant",2,4
"distant",28,36
"distant",20,16
"distant",10,13
"distant",25,28
"distant",7,12
"distant",21,14
"distant",7,9
"distant",7,10
"distant",38,38
"distant",19,10
"distant",49,47
"distant",12,19
"distant",21,28
"distant",30,26
"distant",41,44
"distant",48,48
"distant",5,6
"distant",50,49
"distant",18,25
"distant",2,2
"distant",24,20
"distant",31,31
"distant",37,29
"distant",39,36
"distant",3,15
"distant",42,40
"distant",50,46
"distant",8,13
"distant",41,39
"distant",25,19
"distant",9,5
"distant",48,41
"distant",17,17
"distant",8,8
"distant",15,27
"distant",51,49
"distant",32,37
"distant",17,21
"distant",7,3
"distant",34,36
"distant",22,33
"distant",48,44
"distant",8,13
"distant",23,26
"distant",8,12
"distant",51,49
"distant",24,18
"distant",12,10
"distant",8,8
"distant",44,34
"distant",28,22
"distant",35,30
"distant",31,30
"distant",32,30
"distant",32,19
"distant",25,30
"distant",36,33
"distant",12,16
"distant",2,2
"distant",22,16
"distant",49,46
"distant",18,19
"distant",10,14
"distant",26,21
"distant",38,29
"distant",19,22
"distant",41,40
"distant",28,24
"distant",51,49
"distant",1,2
"distant",8,7
"distant",13,24
"distant",11,7
"distant",41,47
"distant",2,9
"distant",3,4
"distant",1,1
"distant",45,37
"distant",47,44
"distant",33,35
"distant",22,24
"distant",4,8
"distant",19,24
"distant",41,44
"distant",12,10
"distant",43,45
"distant",36,31
"distant",18,24
"distant",31,30
"distant",1,4
"distant",22,23
"distant",30,27
"distant",24,30
"distant",37,21
"distant",1,12
"distant",21,15
"distant",45,43
"distant",3,8
"distant",22,34
"distant",26,24
"distant",38,33
"distant",8,17
"distant",22,20
"distant",48,50
"distant",31,25
"distant",37,44
"distant",26,21
"distant",32,35
"distant",19,27
"distant",7,1
"distant",20,21
"distant",3,4
"distant",43,48
"distant",30,27
"distant",31,37
"distant",15,16
"distant",1,3
"distant",45,43
"distant",27,19
"distant",25,19
"distant",38,35
"distant",7,10
"distant",46,39
"distant",14,26
"distant",23,23
"distant",13,18
"distant",23,19
"distant",4,6
"distant",13,16
"distant",34,38
"distant",41,45
"distant",3,10
"distant",19,17
"distant",9,11
"distant",51,47
"distant",12,10
"distant",39,46
"distant",6,8
"distant",35,42
"distant",51,47
"distant",33,23
"distant",29,44
"distant",24,15
"distant",40,41
"distant",33,44
"distant",51,50
"distant",8,3
"distant",8,15
"distant",18,14
"distant",14,9
"distant",29,33
"distant",27,31
"distant",7,11
"distant",28,26
"distant",45,40
"distant",45,45
"distant",12,11
"distant",26,24
"distant",6,7
"distant",48,47
"distant",9,7
"distant",51,51
"distant",20,25
"distant",22,33
"distant",11,13
"distant",14,9
"distant",1,1
"distant",18,11
"distant",14,15
"distant",43,34
"distant",8,13
"distant",32,29
"distant",5,5
"distant",49,44
"distant",48,41
"distant",51,49
"distant",49,47
"distant",22,26
"distant",21,19
"distant",12,18
"distant",8,11
"distant",3,8
"distant",38,35
"distant",22,20
"distant",12,8
"distant",3,1
"distant",20,35
"distant",22,29
"distant",40,38
"distant",38,46
"distant",31,38
"distant",50,45
"distant",21,35
"distant",8,6
"distant",23,21
"distant",38,42
"distant",40,47
"distant",19,14
"distant",1,3
"distant",51,49
"distant",21,23
"distant",1,1
"distant",40,31
"distant",48,37
"distant",11,17
"distant",4,4
"distant",6,16
"distant",1,3
"distant",1,2
"distant",1,2
"distant",45,38
"distant",50,35
"distant",47,40
"distant",9,4
"distant",28,33
"distant",11,25
"distant",13,20
"distant",43,39
"distant",11,15
"distant",8,5
"distant",36,34
"distant",41,33
"distant",30,40
"distant",50,50
"distant",20,20
"distant",7,4
"distant",15,19
"distant",8,6
"distant",35,29
"distant",18,12
"distant",13,15
"distant",9,22
"distant",9,6
"distant",33,23
"distant",48,45
"distant",29,22
"distant",47,41
"distant",28,23
"distant",42,34
"distant",28,21
"distant",14,13
"distant",2,2
"distant",41,31
"distant",51,49
"distant",4,2
"distant",8,24
"distant",1,3
"distant",10,26
"distant",3,16
"distant",7,9
"distant",13,10
"distant",28,24
"distant",40,32
"distant",43,46
"distant",22,35
"distant",50,48
"distant",22,15
"distant",20,20
"distant",1,4
"distant",19,19
"distant",49,37
"distant",4,12
"distant",26,15
"distant",23,30
"distant",25,32
"distant",8,27
"distant",18,23
"distant",50,48
"distant",37,37
"distant",7,18
"distant",37,37
"distant",8,6
"distant",28,39
"distant",49,45
"distant",24,24
"distant",13,16
"distant",19,13
"distant",45,48
"distant",37,37
"distant",16,11
"distant",23,14
"distant",36,32
"distant",25,25
"distant",49,42
"distant",28,39
"distant",13,9
"distant",15,19
"distant",26,22
"distant",51,51
"distant",51,51
"distant",7,5
"distant",48,43
"distant",29,33
"distant",15,17
"distant",9,16
"distant",51,51
"distant",18,13
"distant",24,30
"distant",51,49
"distant",40,32
"distant",43,39
"distant",30,30
"distant",37,39
"distant",29,28
"distant",9,11
"distant",26,22
"distant",49,43
"distant",32,33
"distant",19,27
"distant",11,8
"distant",35,18
"distant",51,47
"distant",44,34
"distant",38,29
"distant",51,50
"distant",51,49
"distant",26,27
"distant",33,46
"distant",38,25
"distant",23,23
"distant",6,18
"distant",16,36
"distant",15,14
"distant",39,35
"distant",1,9
"distant",51,50
"distant",44,43
"distant",23,30
"distant",48,47
"distant",10,19
"distant",15,11
"distant",30,42
"distant",17,27
"distant",4,6
"distant",17,21
"distant",51,44
"distant",34,30
"distant",11,16
"distant",25,27
"distant",37,44
"distant",40,43
"distant",43,41
"distant",32,24
"distant",40,29
"distant",39,28
"distant",26,27
"distant",10,9
"distant",48,39
"distant",40,40
"distant",39,33
"distant",3,4
"distant",46,44
"distant",16,12
"distant",33,29
"distant",41,36
"distant",31,37
"distant",14,18
"distant",17,19
"distant",8,2
"distant",47,41
"distant",45,38
"distant",44,44
"distant",1,2
"distant",1,32
"distant",15,24
"distant",18,24
"distant",49,47
"distant",20,25
"distant",51,49
"distant",3,2
"distant",2,2
"distant",13,9
"distant",2,2
"distant",45,42
"distant",4,1
"distant",29,28
"distant",44,42
"distant",13,24
"distant",18,29
"distant",26,21
"distant",38,34
"distant",6,13
"distant",45,49
"distant",29,24
"distant",39,37
"distant",26,40
"distant",6,9
"distant",26,27
"distant",11,16
"distant",1,2
"distant",38,36
"distant",29,28
"distant",11,13
"distant",47,47
"distant",29,19
"distant",46,42
"distant",35,26
"distant",6,7
"distant",50,50
"distant",33,31
"distant",6,8
"distant",47,47
"distant",27,24
"distant",45,36
"distant",51,49
"distant",3,8
"distant",48,50
"distant",35,28
"distant",36,32
"distant",18,23
"distant",51,45
"distant",48,38
"distant",29,31
"distant",51,51
"distant",14,5
"distant",50,48
"distant",50,47
"distant",4,5
"distant",21,20
"distant",10,21
"distant",28,15
"distant",31,20
"distant",9,9
"distant",15,22
"distant",27,35
"distant",45,42
"distant",44,35
"distant",17,14
"distant",3,3
"distant",8,9
"distant",6,16
"distant",41,38
"distant",15,15
"distant",36,37
"distant",9,10
"distant",9,19
"distant",7,11
"distant",19,13
"distant",40,33
"distant",7,4
"distant",31,23
"distant",34,21
"distant",51,51
"distant",23,16
"distant",20,35
"distant",24,27
"distant",7,6
"distant",19,17
"distant",13,6
"distant",5,1
"distant",8,23
"distant",2,3
"distant",14,15
"distant",10,20
"distant",21,19
"distant",30,21
"distant",20,22
"distant",1,2
"distant",8,11
"distant",28,41
"distant",21,19
"distant",8,3
"distant",9,3
"distant",36,28
"distant",23,24
"distant",35,29
"distant",11,8
"distant",6,2
"distant",28,21
"distant",34,29
"distant",20,17
"distant",9,2
"distant",39,31
"distant",50,40
"distant",2,8
"distant",6,7
"distant",42,42
"distant",39,42
"distant",18,19
"distant",13,18
"distant",13,14
"distant",49,46
"distant",51,51
"distant",20,30
"distant",34,18
"distant",51,44
"distant",45,47
"distant",6,4
"distant",7,5
"distant",45,44
"distant",51,48
"distant",4,6
"distant",50,46
"distant",11,11
"distant",4,19
"distant",45,46
"distant",2,6
"distant",45,45
"distant",11,22
"distant",16,18
"distant",19,27
"distant",10,24
"distant",24,14
"distant",27,19
"distant",51,51
"distant",2,4
"distant",6,9
"distant",46,41
"distant",34,43
"distant",42,42
"distant",1,2
"distant",35,32
"distant",3,2
"distant",28,26
"distant",10,8
"distant",38,30
"distant",24,24
"distant",27,39
"distant",46,50
"distant",27,20
"distant",48,42
"distant",2,7
"distant",31,33
"distant",5,7
"distant",12,12
"distant",21,30
"distant",40,34
"distant",16,32
"distant",42,46
"distant",23,25
"distant",2,2
"distant",29,35
"distant",45,43
"distant",26,35
"distant",1,1
"distant",6,5
"distant",7,1
"distant",50,46
"distant",1,1
"distant",47,45
"distant",30,16
"distant",17,15
"distant",43,38
"distant",27,37
"distant",46,46
"distant",48,47
"distant",51,51
"distant",10,11
"distant",49,44
"distant",51,50
"distant",24,29
"distant",9,8
"distant",29,20
"distant",32,36
"distant",42,36
"distant",16,19
"distant",23,22
"distant",17,23
"distant",30,27
"distant",51,50
"distant",43,39
"distant",6,15
"distant",25,14
"distant",49,51
"distant",23,25
"distant",16,31
"distant",38,35
"distant",3,12
"distant",1,4
"distant",10,5
"distant",44,31
"distant",31,28
"distant",16,21
"distant",10,4
"distant",4,13
"distant",34,41
"distant",20,20
"distant",6,6
"distant",49,49
"distant",10,10
"distant",31,38
"distant",10,9
"distant",2,1
"distant",20,16
"distant",4,3
"distant",51,51
"distant",12,13
"distant",50,44
"distant",7,25
"distant",14,11
"distant",4,8
"distant",8,10
"distant",14,24
"distant",47,47
"distant",1,2
"distant",10,10
"distant",1,2
"distant",11,19
"distant",43,41
"distant",44,42
"distant",3,21
"distant",15,15
"distant",40,44
"distant",3,4
"distant",13,13
"distant",8,7
"distant",47,43
"distant",16,27
"distant",10,10
"distant",7,3
"distant",23,28
"distant",6,4
"distant",46,38
"distant",12,15
"distant",12,10
"distant",51,51
"distant",20,14
"distant",10,5
"distant",33,25
"distant",9,14
"distant",30,20
"distant",35,32
"distant",5,9
"distant",22,15
"distant",13,16
"distant",51,50
"distant",36,34
"distant",28,22
"distant",48,41
"distant",6,4
"distant",7,17
"distant",44,36
"distant",18,16
"distant",28,26
"distant",29,28
"distant",36,28
"distant",7,7
"distant",1,17
"distant",50,48
"distant",11,18
"distant",6,4
"distant",1,2
"distant",51,43
"distant",50,46
"distant",11,32
"distant",8,5
"distant",7,10
"distant",15,19
"distant",29,29
"distant",46,41
"distant",28,31
"distant",46,41
"distant",37,47
"distant",9,11
"distant",33,39
"distant",48,32
"distant",3,3
"distant",14,14
"distant",30,20
"distant",11,14
"distant",47,46
"distant",30,35
"distant",51,51
"distant",50,47
"distant",15,27
"distant",35,31
"distant",17,12
"distant",48,47
"distant",18,14
"distant",44,47
"distant",20,12
"distant",44,46
"distant",28,20
"distant",49,50
"distant",25,17
"distant",1,1
"distant",31,32
"distant",27,18
"distant",10,11
"distant",22,34
"distant",33,30
"distant",20,21
"distant",49,46
"distant",38,32
"distant",47,44
"distant",2,6
"distant",18,24
"distant",47,40
"distant",49,47
"distant",24,21
"distant",19,20
"distant",37,24
"distant",22,30
"distant",47,46
"distant",34,30
"distant",48,47
"distant",50,48
"distant",27,22
"distant",29,29
"distant",35,31
"distant",9,19
"distant",21,10
"distant",17,9
"distant",7,13
"distant",32,25
"distant",51,44
"distant",25,21
"distant",46,40
"distant",11,12
"distant",41,42
"distant",36,35
"distant",18,31
"distant",34,34
"distant",30,19
"distant",11,29
"distant",36,21
"distant",8,7
"distant",2,2
"distant",26,20
"distant",43,39
"distant",48,44
"distant",1,1
"distant",40,31
"distant",24,18
"distant",4,5
"distant",23,20
"distant",44,37
"distant",11,10
"distant",30,26
"distant",25,37
"distant",18,17
"distant",35,30
"distant",11,5
"distant",41,40
"distant",17,7
"distant",31,41
"distant",12,20
"distant",34,30
"distant",10,22
"distant",1,1
"distant",10,14
"distant",33,32
"distant",31,36
"distant",29,30
"distant",37,30
"distant",16,16
"distant",10,15
"distant",41,35
"distant",21,40
"distant",30,17
"distant",9,4
"distant",17,10
"distant",11,7
"distant",25,28
"distant",33,22
"distant",21,32
"distant",15,16
"distant",41,37
"distant",46,38
"distant",31,25
"distant",10,21
"distant",34,32
"distant",16,9
"distant",43,43
"distant",51,50
"distant",11,8
"distant",46,37
"distant",28,21
"distant",44,38
"distant",39,43
"distant",47,40
"distant",40,41
"distant",27,38
"distant",12,23
"distant",3,2
"distant",16,28
"distant",5,7
"distant",16,13
"distant",9,5
"distant",49,44
"distant",22,34
"distant",42,39
"distant",38,35
"distant",3,26
"distant",49,45
"distant",50,50
"distant",12,15
"distant",24,26
"distant",23,26
"distant",38,31
"distant",24,26
"distant",49,44
"distant",13,25
"distant",42,30
"distant",22,17
"distant",6,9
"distant",4,7
"distant",51,48
"distant",27,23
"distant",9,17
"distant",5,9
"distant",17,17
"distant",38,32
"distant",47,39
"distant",30,26
"distant",8,19
"distant",11,13
"distant",2,3
"distant",19,16
"distant",49,43
"distant",8,7
"distant",17,12
"distant",44,36
"distant",14,24
"distant",49,44
"distant",10,5
"distant",51,47
"distant",16,19
"distant",8,19
"distant",6,17
"distant",24,25
"distant",27,26
"distant",50,50
"distant",5,2
"distant",24,21
"distant",51,48
"distant",47,49
"distant",49,47
"distant",38,36
"distant",47,48
"distant",30,20
"distant",28,42
"distant",3,3
"distant",50,50
"distant",24,35
"distant",23,33
"distant",38,27
"distant",35,37
"distant",1,2
"distant",41,43
"distant",27,17
"distant",51,51
"distant",14,11
"distant",46,34
"distant",1,1
"distant",35,39
"distant",18,21
"distant",11,31
"distant",15,11
"distant",6,8
"distant",9,5
"distant",1,2
"distant",40,32
"distant",50,47
"distant",23,18
"distant",20,17
"distant",35,38
"distant",32,23
"distant",23,27
"distant",7,22
"distant",39,48
"distant",49,47
"distant",1,7
"distant",29,29
"distant",30,20
"distant",16,13
"distant",2,3
"distant",12,19
"distant",15,24
"distant",2,8
"distant",30,20
"distant",2,1
"distant",2,6
"distant",10,11
"distant",12,31
"distant",11,13
"distant",32,20
"distant",7,3
"distant",8,26
"distant",21,28
"distant",46,41
"distant",6,3
"distant",30,23
"distant",35,34
"distant",4,10
"distant",31,22
"distant",10,17
"distant",10,5
"distant",50,50
"distant",8,8
"distant",28,18
"distant",44,34
"distant",10,14
"distant",38,35
"distant",41,32
"distant",1,1
"distant",35,38
"distant",7,5
"distant",20,24
"distant",30,31
"distant",47,43
"distant",26,18
"distant",30,35
"distant",19,16
"distant",22,21
"distant",38,40
"distant",45,42
"distant",31,21
"distant",8,30
"distant",5,12
"distant",45,46
"distant",1,3
"distant",51,50
"distant",41,34
"distant",24,18
"distant",16,12
"distant",49,48
"distant",2,8
"distant",45,49
"distant",51,50
"distant",29,35
"distant",31,30
"distant",27,39
"distant",31,38
"distant",39,42
"distant",18,12
"distant",51,43
"distant",39,29
"distant",2,9
"distant",38,38
"distant",6,4
"distant",7,32
"distant",24,20
"distant",12,5
"distant",6,9
"distant",31,27
"distant",34,38
"distant",24,22
"distant",35,28
"distant",51,49
"distant",48,46
"distant",22,10
"distant",4,2
"distant",32,31
"distant",5,4
"distant",23,22
"distant",3,7
"distant",10,16
"distant",37,39
"distant",45,46
"distant",2,1
"distant",11,5
"distant",33,31
"distant",23,18
"distant",50,49
"distant",41,49
"distant",47,44
"distant",16,13
"distant",3,4
"distant",36,30
"distant",28,21
"distant",9,4
"distant",29,23
"distant",18,15
"distant",25,12
"distant",35,49
"distant",7,7
"distant",17,16
"distant",33,42
"distant",41,42
"distant",36,32
"distant",5,5
"distant",42,32
"distant",9,23
"distant",5,8
"distant",15,27
"distant",44,50
"distant",37,41
"distant",26,15
"distant",19,15
"distant",48,41
"distant",47,48
"distant",51,50
"distant",34,38
"distant",29,32
"distant",38,31
"distant",39,42
"distant",27,27
"distant",21,19
"distant",4,8
"distant",43,43
"distant",1,3
"distant",26,13
"distant",27,32
"distant",29,42
"distant",7,20
"distant",47,49
"distant",15,29
"distant",17,18
"distant",44,41
"distant",27,20
"distant",13,6
"distant",48,43
"distant",7,13
"distant",22,14
"distant",34,26
"distant",3,3
"distant",45,39
"distant",9,7
"distant",23,21
"distant",20,16
"distant",20,36
"distant",37,30
"distant",14,16
"distant",50,44
"distant",8,14
"distant",34,23
"distant",43,40
"distant",6,7
"distant",5,8
"distant",16,14
"distant",32,35
"distant",45,36
"distant",10,25
"distant",4,8
"distant",11,27
"distant",3,4
"distant",24,21
"distant",3,9
"distant",51,49
"distant",30,39
"distant",51,51
"distant",39,34
"distant",34,33
"distant",20,17
"distant",3,2
"distant",1,3
"distant",27,31
"distant",18,26
"distant",38,34
"distant",51,50
"distant",11,11
"distant",31,36
"distant",5,11
"distant",45,34
"distant",16,10
"distant",6,14
"distant",39,46
"distant",10,15
"distant",12,12
"distant",12,11
"distant",51,51
"distant",3,1
"distant",11,15
"distant",12,5
"distant",50,48
"distant",11,14
"distant",2,3
"distant",47,48
"distant",51,51
"distant",1,2
"distant",19,43
"distant",31,20
"distant",6,14
"distant",5,15
"distant",4,4
"distant",49,39
"distant",34,28
"distant",30,20
"distant",11,13
"distant",51,50
"distant",30,24
"distant",41,34
"distant",35,37
"distant",17,24
"distant",18,20
"distant",51,51
"distant",2,3
"distant",7,11
"distant",50,48
"distant",4,4
"distant",26,28
"distant",2,5
"distant",25,17
"distant",13,10
"distant",4,7
"distant",43,39
"distant",28,31
"distant",26,17
"distant",1,1
"distant",37,29
"distant",7,7
"distant",10,18
"distant",50,46
"distant",21,18
"distant",40,43
"distant",1,3
"distant",17,16
"distant",13,9
"distant",15,14
"distant",44,39
"distant",37,41
"distant",32,27
"distant",10,7
"distant",51,50
"distant",37,30
"distant",2,4
"distant",46,45
"distant",36,31
"distant",11,11
"distant",4,17
"distant",41,34
"distant",2,5
"distant",8,7
"distant",7,3
"distant",1,1
"distant",28,22
"distant",22,13
"distant",1,17
"distant",2,3
"distant",1,1
"distant",44,44
"distant",21,42
"distant",18,36
"distant",11,9
"distant",15,16
"distant",43,40
"distant",40,40
"distant",29,35
"distant",44,39
"distant",1,1
"distant",19,24
"distant",8,9
"distant",2,6
"distant",13,10
"distant",23,18
"distant",6,5
"distant",44,46
"distant",1,1
"distant",16,10
"distant",8,12
"distant",11,5
"distant",50,49
"distant",40,28
"distant",1,6
"distant",13,11
"distant",23,14
"distant",40,44
"distant",3,9
"distant",21,16
"distant",5,8
"distant",19,18
"distant",23,18
"distant",17,8
"distant",45,44
"distant",13,9
"distant",22,22
"distant",7,6
"distant",1,3
"distant",10,11
"distant",10,12
"distant",8,6
"distant",44,38
"distant",42,36
"distant",13,17
"distant",3,12
"distant",48,43
"distant",35,35
"distant",35,34
"distant",3,2
"distant",29,36
"distant",29,19
"distant",17,20
"distant",51,47
"distant",41,44
"distant",10,12
"distant",50,49
"distant",41,46
"distant",8,12
"distant",45,43
"distant",39,37
"distant",43,39
"distant",41,32
"distant",1,10
"distant",12,10
"distant",34,31
"distant",51,50
"distant",33,34
"distant",36,41
"distant",37,29
"distant",30,23
"distant",8,5
"distant",5,6
"distant",42,40
"distant",39,34
"distant",36,34
"distant",28,24
"distant",23,23
"distant",25,28
"distant",13,24
"distant",5,5
"distant",50,48
"distant",44,32
"distant",50,49
"distant",51,46
"distant",1,1
"distant",1,1
"distant",47,48
"distant",5,11
"distant",7,7
"distant",51,50
"distant",51,50
"distant",51,45
"distant",13,10
"distant",45,39
"distant",47,44
"distant",26,20
"distant",20,20
"distant",50,42
"distant",13,13
"distant",26,17
"distant",42,31
"distant",46,42
"distant",46,37
"distant",1,1
"distant",32,35
"distant",22,31
"distant",2,5
"distant",23,26
"distant",26,39
"distant",5,2
"distant",44,41
"distant",13,6
"distant",41,41
"distant",27,39
"distant",8,12
"distant",28,31
"distant",24,22
"distant",51,51
"distant",45,35
"distant",42,48
"distant",50,50
"distant",10,8
"distant",37,24
"distant",4,22
"distant",6,7
"distant",15,18
"distant",47,39
"distant",44,44
"distant",51,49
"distant",29,34
"distant",49,47
"distant",8,5
"distant",32,27
"distant",5,11
"distant",10,13
"distant",27,17
"distant",23,15
"distant",2,3
"distant",50,46
"distant",12,10
"distant",2,30
"distant",10,11
"distant",10,22
"distant",8,17
"distant",49,48
"distant",43,42
"distant",9,28
"distant",42,35
"distant",42,24
"distant",6,5
"distant",46,48
"distant",49,47
"distant",38,35
"distant",39,40
"distant",44,46
"distant",51,51
"distant",26,28
"distant",41,43
"distant",13,13
"distant",41,29
"distant",32,38
"distant",15,14
"distant",35,29
"distant",46,49
"distant",42,36
"distant",31,21
"distant",19,16
"distant",36,35
"distant",40,48
"distant",51,51
"distant",1,1
"distant",45,35
"distant",35,33
"distant",6,10
"distant",27,25
"distant",38,33
"distant",45,41
"distant",2,2
"distant",51,51
"distant",15,13
"distant",13,12
"distant",14,15
"distant",15,18
"distant",48,38
"distant",51,50
"distant",33,21
"distant",28,43
"distant",42,44
"distant",39,36
"distant",7,11
"distant",12,10
"distant",46,46
"distant",10,6
"distant",40,38
"distant",33,22
"distant",16,21
"distant",42,44
"distant",19,39
"distant",51,48
"distant",7,7
"distant",51,51
"distant",2,5
"distant",30,29
"distant",17,16
"distant",45,46
"distant",9,6
"distant",49,48
"distant",8,9
"distant",40,34
"distant",29,43
"distant",35,46
"distant",32,24
"distant",16,16
"distant",18,18
"distant",1,1
"distant",32,36
"distant",40,28
"distant",40,30
"distant",4,7
"distant",38,34
"distant",51,45
"distant",42,45
"distant",7,5
"distant",18,24
"distant",12,8
"distant",33,37
"distant",28,35
"distant",12,23
"distant",29,28
"distant",19,37
"distant",50,40
"distant",27,23
"distant",41,42
"distant",11,18
"distant",29,21
"distant",17,16
"distant",19,17
"distant",12,11
"distant",8,10
"distant",27,30
"distant",28,33
"distant",36,36
"distant",14,12
"distant",50,41
"distant",1,1
"distant",48,51
"distant",4,4
"distant",14,12
"distant",9,6
"distant",29,26
"distant",51,51
"distant",32,30
"distant",19,15
"distant",4,7
"distant",5,1
"distant",49,43
"distant",47,46
"distant",6,5
"distant",48,42
"distant",51,50
"distant",11,15
"distant",6,15
"distant",51,49
"distant",34,33
"distant",20,26
"distant",10,8
"distant",26,23
"distant",51,47
"distant",47,40
"distant",7,20
"distant",9,10
"distant",51,51
"distant",18,9
"distant",42,45
"distant",32,31
"distant",31,23
"distant",27,29
"distant",38,31
"distant",46,36
"distant",8,12
"distant",33,44
"distant",3,4
"distant",25,16
"distant",45,44
"distant",44,47
"distant",8,7
"distant",11,11
"distant",39,29
"distant",39,33
"distant",3,3
"distant",50,48
"distant",49,50
"distant",10,32
"distant",17,18
"distant",14,25
"distant",51,48
"distant",11,15
"distant",18,23
"distant",50,45
"distant",40,37
"distant",21,20
"distant",14,13
"distant",14,9
"distant",14,25
"distant",3,6
"distant",51,51
"distant",50,43
"distant",33,33
"distant",35,27
"distant",51,50
"distant",32,44
"distant",47,42
"distant",13,15
"distant",8,16
"distant",8,19
"distant",51,50
"distant",10,23
"distant",17,19
"distant",40,45
"distant",40,22
"distant",38,47
"distant",35,47
"distant",22,23
"distant",32,32
"distant",4,7
"distant",7,6
"distant",1,4
"distant",16,11
"distant",18,16
"distant",18,12
"distant",49,46
"distant",28,28
"distant",44,44
"distant",12,14
"distant",12,12
"distant",51,49
"distant",29,23
"distant",17,26
"distant",6,9
"distant",48,48
"distant",42,35
"distant",23,33
"distant",31,26
"distant",48,43
"distant",27,24
"distant",34,29
"distant",18,14
"distant",1,1
"distant",34,22
"distant",29,39
"distant",39,33
"distant",14,8
"distant",19,15
"distant",51,45
"distant",7,9
"distant",4,17
"distant",42,49
"distant",22,19
"distant",26,20
"distant",5,3
"distant",31,29
"distant",24,23
"distant",25,24
"distant",51,51
"distant",12,14
"distant",26,38
"distant",26,21
"distant",16,13
"distant",24,23
"distant",19,23
"distant",15,15
"distant",51,46
"distant",21,29
"distant",22,39
"distant",7,3
"distant",38,27
"distant",42,47
"distant",35,32
"distant",43,43
"distant",4,7
"distant",43,45
"distant",23,14
"distant",38,29
"distant",50,44
"distant",9,4
"distant",45,46
"distant",20,29
"distant",30,36
"distant",29,21
"distant",22,25
"distant",5,12
"distant",25,18
"distant",49,44
"distant",5,3
"distant",41,43
"distant",4,4
"distant",1,2
"distant",16,20
"distant",35,39
"distant",42,48
"distant",20,16
"distant",3,12
"distant",6,6
"distant",24,13
"distant",35,34
"distant",21,26
"distant",21,31
"distant",51,49
"distant",5,5
"distant",9,3
"distant",29,22
"distant",47,45
"distant",49,46
"distant",22,19
"distant",45,38
"distant",9,9
"distant",29,20
"distant",4,11
"distant",50,48
"distant",9,13
"distant",48,48
"distant",2,2
"distant",48,39
"distant",15,19
"distant",51,44
"distant",8,7
"distant",1,2
"distant",16,17
"distant",43,44
"distant",17,40
"distant",7,6
"distant",4,14
"distant",43,42
"distant",21,21
"distant",8,5
"distant",25,25
"distant",51,48
"distant",3,2
"distant",35,26
"distant",27,17
"distant",23,15
"distant",18,13
"distant",34,34
"distant",43,34
"distant",13,20
"distant",21,19
"distant",17,9
"distant",10,7
"distant",42,37
"distant",26,24
"distant",18,18
"distant",9,8
"distant",40,37
"distant",38,30
"distant",22,21
"distant",24,29
"distant",12,12
"distant",2,1
"distant",33,31
"distant",49,47
"distant",2,3
"distant",2,7
"distant",15,14
"distant",5,3
"distant",7,17
"distant",30,26
"distant",36,43
"distant",14,15
"distant",21,15
"distant",48,49
"distant",8,10
"distant",25,31
"distant",3,3
"distant",11,8
"distant",42,44
"distant",15,6
"distant",2,3
"distant",43,44
"distant",11,18
"distant",2,2
"distant",29,28
"distant",5,6
"distant",7,6
"distant",40,31
"distant",7,11
"distant",11,10
"distant",20,17
"distant",19,31
"distant",2,17
"distant",25,14
"distant",46,42
"distant",14,10
"distant",28,33
"distant",9,24
"distant",10,11
"distant",51,49
"distant",19,21
"distant",21,15
"distant",45,33
"distant",13,17
"distant",1,1
"distant",25,19
"distant",2,1
"distant",1,5
"distant",38,45
"distant",37,45
"distant",42,38
"distant",5,15
"distant",44,45
"distant",7,14
"distant",16,22
"distant",42,36
"distant",42,37
"distant",32,35
"distant",17,12
"distant",49,49
"distant",45,32
"distant",28,21
"distant",28,27
"distant",25,34
"distant",1,6
"distant",28,29
"distant",32,22
"distant",18,24
"distant",6,8
"distant",6,7
"distant",10,9
"distant",15,17
"distant",19,9
"distant",21,29
"distant",33,37
"distant",7,5
"distant",15,20
"distant",36,28
"distant",1,12
"distant",44,35
"distant",23,21
"distant",7,6
"distant",4,4
"distant",15,15
"distant",2,1
"distant",40,49
"distant",4,16
"distant",48,38
"distant",2,5
"distant",47,38
"distant",50,51
"distant",4,1
"distant",36,36
"distant",51,51
"distant",32,29
"distant",20,21
"distant",23,24
"distant",51,45
"distant",48,42
"distant",40,38
"distant",50,44
"distant",40,48
"distant",28,27
"distant",34,35
"distant",31,29
"distant",46,39
"distant",13,14
"distant",24,31
"distant",26,23
"distant",40,35
"distant",33,26
"distant",2,1
"distant",16,27
"distant",23,20
"distant",38,31
"distant",50,48
"distant",8,5
"distant",51,50
"distant",25,30
"distant",7,6
"distant",22,24
"distant",51,50
"distant",45,47
"distant",47,47
"distant",6,19
"distant",1,3
"distant",45,42
"distant",39,35
"distant",3,1
"distant",10,12
"distant",16,17
"distant",34,34
"distant",20,23
"distant",39,37
"distant",40,35
"distant",7,12
"distant",37,27
"distant",39,35
"distant",47,47
"distant",12,12
"distant",21,40
"distant",47,36
"distant",48,34
"distant",44,33
"distant",31,23
"distant",10,10
"distant",48,44
"distant",1,1
"distant",27,23
"distant",43,36
"distant",14,10
"distant",6,14
"distant",22,14
"distant",51,48
"distant",7,4
"distant",11,10
"distant",51,39
"distant",43,41
"distant",50,44
"distant",37,42
"distant",39,30
"distant",46,37
"distant",17,11
"distant",36,31
"distant",2,4
"distant",9,10
"distant",22,16
"distant",46,36
"distant",16,7
"distant",42,40
"distant",13,10
"distant",22,21
"distant",27,27
"distant",3,8
"distant",34,25
"distant",7,25
"distant",39,33
"distant",7,5
"distant",8,9
"distant",41,38
"distant",26,20
"distant",2,4
"distant",47,39
"distant",39,28
"distant",24,18
"distant",32,29
"distant",42,41
"distant",13,11
"distant",44,38
"distant",34,29
"distant",38,32
"distant",4,3
"distant",39,42
"distant",30,23
"distant",23,21
"distant",24,27
"distant",18,28
"distant",32,42
"distant",14,20
"distant",24,21
"distant",9,6
"distant",26,44
"distant",9,22
"distant",2,2
"distant",46,50
"distant",39,29
"distant",11,15
"distant",10,9
"distant",42,38
"distant",27,27
"distant",46,41
"distant",7,5
"distant",19,11
"distant",42,45
"distant",29,32
"distant",21,14
"distant",13,15
"distant",49,49
"distant",30,36
"distant",51,51
"distant",14,14
"distant",29,24
"distant",32,34
"distant",16,15
"distant",14,17
"distant",9,7
"distant",8,20
"distant",15,10
"distant",36,33
"distant",14,9
"distant",28,23
"distant",13,11
"distant",19,8
"distant",43,33
"distant",33,36
"distant",35,30
"distant",32,38
"distant",30,26
"distant",32,28
"distant",10,14
"distant",20,11
"distant",47,42
"distant",28,16
"distant",48,47
"distant",39,48
"distant",46,44
"distant",18,12
"distant",28,22
"distant",16,35
"distant",35,37
"distant",22,25
"distant",40,36
"distant",34,32
"distant",27,26
"distant",50,49
"distant",37,28
"distant",7,9
"distant",32,31
"distant",45,35
"distant",5,1
"distant",46,34
"distant",51,50
"distant",18,17
"distant",44,38
"distant",32,40
"distant",6,10
"distant",51,49
"distant",19,19
"distant",43,35
"distant",15,12
"distant",51,51
"distant",51,48
"distant",48,45
"distant",5,11
"distant",21,27
"distant",49,38
"distant",9,11
"distant",20,8
"distant",40,34
"distant",50,50
"distant",48,46
"distant",13,12
"distant",31,28
"distant",50,48
"distant",33,27
"distant",28,36
"distant",45,39
"distant",47,46
"distant",6,10
"distant",9,11
"distant",7,9
"distant",45,38
"distant",51,51
"distant",27,17
"distant",12,13
"distant",47,44
"distant",46,42
"distant",45,34
"distant",50,44
"distant",44,42
"distant",5,18
"distant",28,24
"distant",16,15
"distant",43,47
"distant",1,2
"distant",25,19
"distant",39,37
"distant",50,44
"distant",29,30
"distant",9,9
"distant",41,35
"distant",19,15
"distant",51,51
"distant",10,7
"distant",21,21
"distant",3,3
"distant",47,40
"distant",1,5
"distant",44,50
"distant",29,24
"distant",4,12
"distant",27,36
"distant",10,10
"distant",18,19
"distant",24,32
"distant",26,25
"distant",7,13
"distant",14,18
"distant",30,19
"distant",40,33
"distant",7,9
"distant",51,48
"distant",50,46
"distant",35,27
"distant",40,28
"distant",34,40
"distant",35,24
"distant",4,5
"distant",22,19
"distant",51,47
"distant",24,38
"distant",11,13
"distant",36,39
"distant",1,1
"distant",14,40
"distant",23,23
"distant",40,32
"distant",15,29
"distant",51,51
"distant",1,1
"distant",44,36
"distant",4,10
"distant",1,1
"distant",2,5
"distant",32,41
"distant",44,38
"distant",43,40
"distant",16,13
"distant",44,43
"distant",21,17
"distant",30,18
"distant",36,27
"distant",51,50
"distant",40,36
"distant",36,35
"distant",22,45
"distant",6,22
"distant",48,50
"distant",51,51
"distant",23,34
"distant",51,48
"distant",11,24
"distant",3,3
"distant",22,25
"distant",26,28
"distant",44,35
"distant",47,39
"distant",15,14
"distant",38,38
"distant",34,34
"distant",34,31
"distant",39,33
"distant",12,8
"distant",50,45
"distant",50,45
"distant",41,41
"distant",21,12
"distant",4,14
"distant",47,50
"distant",16,30
"distant",27,25
"distant",21,20
"distant",24,37
"distant",27,15
"distant",51,51
"distant",2,2
"distant",12,15
"distant",35,25
"distant",49,50
"distant",32,38
"distant",2,2
"distant",3,37
"distant",42,37
"distant",32,36
"distant",2,3
"distant",45,38
"distant",26,33
"distant",46,40
"distant",5,6
"distant",36,31
"distant",51,49
"distant",42,42
"distant",42,34
"distant",46,41
"distant",51,50
"distant",11,17
"distant",1,1
"distant",30,26
"distant",16,19
"distant",8,13
"distant",27,16
"distant",24,16
"distant",25,21
"distant",43,43
"distant",11,22
"distant",25,19
"distant",10,12
"distant",48,46
"distant",40,39
"distant",36,43
"distant",4,4
"distant",51,45
"distant",49,41
"distant",17,18
"distant",16,36
"distant",49,47
"distant",5,9
"distant",33,39
"distant",39,32
"distant",21,28
"distant",30,34
"distant",47,31
"distant",27,29
"distant",22,24
"distant",21,25
"distant",17,13
"distant",42,38
"distant",19,12
"distant",33,27
"distant",47,49
"distant",22,18
"distant",39,25
"distant",26,21
"distant",8,5
"distant",23,13
"distant",49,42
"distant",11,11
"distant",4,7
"distant",11,7
"distant",51,46
"distant",46,35
"distant",1,8
"distant",9,8
"distant",23,27
"distant",18,23
"distant",21,27
"distant",9,33
"distant",21,28
"distant",41,43
"distant",14,8
"distant",1,2
"distant",3,15
"distant",29,24
"distant",24,35
"distant",39,43
"distant",21,19
"distant",38,34
"distant",11,18
"distant",47,37
"distant",29,23
"distant",20,23
"distant",50,49
"distant",45,44
"distant",22,17
"distant",8,5
"distant",2,6
"distant",44,46
"distant",12,28
"distant",36,29
"distant",3,19
"distant",5,3
"distant",50,49
"distant",5,6
"distant",26,32
"distant",7,3
"distant",24,26
"distant",13,16
"distant",28,23
"distant",45,36
"distant",49,45
"distant",35,32
"distant",8,3
"distant",47,42
"distant",32,25
"distant",19,26
"distant",51,49
"distant",45,39
"distant",33,19
"distant",35,36
"distant",43,41
"distant",18,21
"distant",18,41
"distant",19,17
"distant",35,30
"distant",39,38
"distant",30,36
"distant",41,30
"distant",45,32
"distant",25,17
"distant",5,14
"distant",30,25
"distant",14,19
"distant",16,16
"distant",22,26
"distant",42,38
"distant",19,17
"distant",38,36
"distant",51,49
"distant",15,10
"distant",18,21
"distant",50,47
"distant",51,51
"distant",51,50
"distant",4,4
"distant",34,26
"distant",39,45
"distant",8,6
"distant",13,10
"distant",10,19
"distant",49,49
"distant",4,6
"distant",49,42
"distant",40,39
"distant",22,12
"distant",19,21
"distant",33,37
"distant",50,49
"distant",19,13
"distant",8,4
"distant",48,42
"distant",38,43
"distant",51,51
"distant",40,38
"distant",37,38
"distant",30,34
"distant",41,38
"distant",30,22
"distant",51,50
"distant",33,29
"distant",50,42
"distant",35,50
"distant",14,16
"distant",46,43
"distant",51,51
"distant",30,21
"distant",51,50
"distant",35,35
"distant",51,40
"distant",28,19
"distant",26,39
"distant",22,30
"distant",50,46
"distant",14,14
"distant",2,6
"distant",11,11
"distant",41,41
"distant",41,50
"distant",50,46
"distant",24,22
"distant",51,50
"distant",35,43
"distant",31,34
"distant",26,34
"distant",40,47
"distant",4,10
"distant",8,20
"distant",12,18
"distant",43,48
"distant",27,22
"distant",9,10
"distant",20,29
"distant",48,47
"distant",19,11
"distant",49,46
"distant",31,16
"distant",12,13
"distant",35,39
"distant",13,14
"distant",41,45
"distant",50,46
"distant",22,18
"distant",32,41
"distant",28,36
"distant",15,11
"distant",5,8
"distant",13,11
"distant",3,5
"distant",4,2
"distant",19,33
"distant",30,24
"distant",4,9
"distant",50,44
"distant",14,15
"distant",3,9
"distant",38,40
"distant",49,42
"distant",50,46
"distant",44,38
"distant",21,24
"distant",35,35
"distant",34,26
"distant",12,3
"distant",6,7
"distant",13,35
"distant",23,23
"distant",51,45
"distant",25,27
"distant",5,12
"distant",15,14
"distant",33,40
"distant",4,8
"distant",51,46
"distant",12,20
"distant",34,24
"distant",1,5
"distant",48,44
"distant",43,45
"distant",38,20
"distant",1,2
"distant",23,21
"distant",14,23
"distant",19,10
"distant",10,32
"distant",40,44
"distant",14,24
"distant",33,19
"distant",25,25
"distant",5,18
"distant",4,9
"distant",34,38
"distant",5,11
"distant",18,13
"distant",51,51
"distant",33,28
"distant",6,22
"distant",47,49
"distant",12,9
"distant",2,1
"distant",27,33
"distant",5,14
"distant",11,13
"distant",43,39
"distant",43,34
"distant",50,46
"distant",17,15
"distant",45,38
"distant",12,11
"distant",44,43
"distant",34,36
"distant",47,40
"distant",23,15
"distant",42,34
"distant",5,9
"distant",6,4
"distant",18,9
"distant",26,35
"distant",30,30
"distant",34,43
"distant",9,9
"distant",34,27
"distant",18,22
"distant",3,2
"distant",45,40
"distant",27,29
"distant",11,17
"distant",46,48
"distant",42,40
"distant",7,9
"distant",26,21
"distant",9,15
"distant",13,17
"distant",50,48
"distant",37,27
"distant",3,2
"distant",5,19
"distant",29,26
"distant",24,29
"distant",17,21
"distant",38,35
"distant",46,47
"distant",41,36
"distant",10,8
"distant",24,26
"distant",29,35
"distant",24,11
"distant",32,27
"distant",6,32
"distant",1,1
"distant",41,40
"distant",35,43
"distant",1,1
"distant",51,51
"distant",27,28
"distant",8,23
"distant",51,49
"distant",33,39
"distant",9,10
"distant",34,23
"distant",36,39
"distant",50,51
"distant",45,47
"distant",36,30
"distant",48,48
"distant",10,27
"distant",8,10
"distant",10,8
"distant",32,35
"distant",37,37
"distant",14,27
"distant",32,42
"distant",25,29
"distant",4,3
"distant",24,18
"distant",31,22
"distant",35,45
"distant",49,51
"distant",21,37
"distant",37,44
"distant",46,47
"distant",45,42
"distant",41,39
"distant",22,18
"distant",39,26
"distant",48,49
"distant",14,7
"distant",48,46
"distant",1,12
"distant",16,28
"distant",13,8
"distant",8,12
"distant",31,26
"distant",39,27
"distant",26,41
"distant",6,21
"distant",47,41
"distant",16,29
"distant",28,29
"distant",42,41
"distant",21,15
"distant",6,12
"distant",4,11
"distant",14,9
"distant",44,39
"distant",16,19
"distant",15,9
"distant",18,14
"distant",3,10
"distant",51,50
"distant",7,15
"distant",19,21
"distant",51,51
"distant",44,41
"distant",37,36
"distant",4,31
"distant",8,10
"distant",46,40
"distant",31,23
"distant",16,21
"distant",25,16
"distant",37,37
"distant",29,28
"distant",7,5
"distant",48,41
"distant",15,11
"distant",11,40
"distant",12,15
"distant",10,21
"distant",28,22
"distant",44,45
"distant",1,4
"distant",1,2
"distant",43,39
"distant",6,8
"distant",51,47
"distant",21,32
"distant",43,39
"distant",20,15
"distant",2,6
"distant",1,1
"distant",24,13
"distant",4,3
"distant",51,51
"distant",9,8
"distant",45,38
"distant",1,2
"distant",28,29
"distant",22,18
"distant",6,8
"distant",21,20
"distant",27,26
"distant",7,1
"distant",34,28
"distant",48,37
"distant",43,43
"distant",4,6
"distant",51,49
"distant",12,34
"distant",3,1
"distant",4,2
"distant",8,9
"distant",51,45
"distant",11,22
"distant",13,8
"distant",32,27
"distant",15,15
"distant",51,49
"distant",9,9
"distant",5,11
"distant",39,40
"distant",6,19
"distant",15,22
"distant",27,17
"distant",4,5
"distant",49,50
"distant",2,5
"distant",47,45
"distant",16,35
"distant",20,32
"distant",10,9
"distant",22,23
"distant",1,3
"distant",46,40
"distant",4,2
"distant",45,38
"distant",49,45
"distant",22,24
"distant",1,1
"distant",50,48
"distant",4,3
"distant",28,27
"distant",13,9
"distant",19,17
"distant",38,43
"distant",35,23
"distant",34,25
"distant",30,27
"distant",7,3
"distant",43,34
"distant",51,50
"distant",49,43
"distant",2,2
"distant",48,38
"distant",1,1
"distant",17,34
"distant",50,48
"distant",13,28
"distant",49,47
"distant",7,4
"distant",39,35
"distant",19,21
"distant",8,11
"distant",16,19
"distant",15,14
"distant",29,34
"distant",12,23
"distant",38,46
"distant",17,26
"distant",8,5
"distant",36,39
"distant",5,4
"distant",12,4
"distant",27,22
"distant",9,13
"distant",11,8
"distant",8,12
"distant",18,25
"distant",49,33
"distant",42,40
"distant",19,35
"distant",42,37
"distant",17,9
"distant",2,1
"distant",47,46
"distant",16,19
"distant",46,48
"distant",44,42
"distant",21,16
"distant",51,48
"distant",42,46
"distant",5,4
"distant",23,25
"distant",16,12
"distant",12,37
"distant",10,5
"distant",36,29
"distant",26,21
"distant",9,5
"distant",40,34
"distant",8,3
"distant",3,1
"distant",49,46
"distant",4,8
"distant",26,20
"distant",35,29
"distant",26,25
"distant",34,35
"distant",21,27
"distant",15,34
"distant",43,37
"distant",50,43
"distant",27,27
"distant",6,14
"distant",3,5
"distant",46,44
"distant",39,37
"distant",45,44
"distant",5,8
"distant",51,48
"distant",38,33
"distant",44,37
"distant",14,18
"distant",35,39
"distant",36,35
"distant",45,41
"distant",5,6
"distant",20,17
"distant",39,29
"distant",4,14
"distant",18,21
"distant",7,8
"distant",49,43
"distant",20,23
"distant",34,42
"distant",13,28
"distant",1,7
"distant",5,9
"distant",3,7
"distant",4,5
"distant",51,48
"distant",45,41
"distant",34,22
"distant",48,50
"distant",25,32
"distant",41,32
"distant",44,41
"distant",47,42
"distant",8,8
"distant",24,38
"distant",23,18
"distant",7,4
"distant",31,25
"distant",48,39
"distant",25,19
"distant",32,25
"distant",35,27
"distant",7,36
"distant",1,1
"distant",21,16
"distant",6,14
"distant",1,1
"distant",5,3
"distant",38,37
"distant",11,10
"distant",21,32
"distant",17,27
"distant",3,13
"distant",47,44
"distant",25,38
"distant",3,6
"distant",48,39
"distant",48,44
"distant",19,19
"distant",5,3
"distant",46,47
"distant",49,47
"distant",15,11
"distant",44,46
"distant",40,31
"distant",48,49
"distant",7,6
"distant",21,19
"distant",20,29
"distant",45,33
"distant",20,26
"distant",41,32
"distant",38,42
"distant",2,4
"distant",45,43
"distant",2,1
"distant",10,16
"distant",42,44
"distant",12,10
"distant",48,47
"distant",27,15
"distant",41,30
"distant",17,17
"distant",32,24
"distant",46,45
"distant",39,31
"distant",9,13
"distant",24,36
"distant",24,38
"distant",42,39
"distant",17,12
"distant",29,27
"distant",42,37
"distant",50,44
"distant",50,45
"distant",5,9
"distant",37,23
"distant",49,50
"distant",2,2
"distant",40,38
"distant",9,7
"distant",11,14
"distant",26,26
"distant",13,10
"distant",9,10
"distant",30,25
"distant",24,26
"distant",1,4
"distant",51,45
"distant",33,45
"distant",41,48
"distant",14,29
"distant",17,7
"distant",16,18
"distant",48,49
"distant",48,48
"distant",51,50
"distant",10,23
"distant",26,17
"distant",27,24
"distant",4,12
"distant",46,49
"distant",4,19
"distant",41,31
"distant",41,36
"distant",35,45
"distant",8,8
"distant",6,19
"distant",12,12
"distant",49,49
"distant",23,17
"distant",30,18
"distant",44,46
"distant",10,14
"distant",37,43
"distant",24,27
"distant",17,24
"distant",10,17
"distant",24,18
"distant",38,29
"distant",18,19
"distant",40,31
"distant",6,9
"distant",11,10
"distant",51,51
"distant",42,42
"distant",24,36
"distant",12,8
"distant",32,28
"distant",49,43
"distant",51,47
"distant",11,10
"distant",38,30
"distant",45,46
"distant",32,36
"distant",14,22
"distant",27,18
"distant",51,51
"distant",31,22
"distant",27,23
"distant",51,49
"distant",49,45
"distant",10,12
"distant",24,27
"distant",51,49
"distant",28,20
"distant",44,50
"distant",20,27
"distant",12,19
"distant",28,23
"distant",10,16
"distant",36,29
"distant",3,6
"distant",51,49
"distant",14,18
"distant",7,9
"distant",33,25
"distant",24,19
"distant",12,23
"distant",38,31
"distant",36,31
"distant",25,16
"distant",20,27
"distant",2,12
"distant",1,2
"distant",2,3
"distant",4,5
"distant",4,2
"distant",50,42
"distant",25,28
"distant",2,6
"distant",20,14
"distant",42,42
"distant",15,17
"distant",8,12
"distant",49,45
"distant",24,23
"distant",19,12
"distant",9,5
"distant",20,12
"distant",3,2
"distant",19,22
"distant",39,36
"distant",40,35
"distant",8,14
"distant",40,37
"distant",31,24
"distant",4,8
"distant",51,47
"distant",10,9
"distant",1,2
"distant",45,36
"distant",23,18
"distant",51,51
"distant",44,34
"distant",3,5
"distant",27,41
"distant",2,7
"distant",41,38
"distant",4,9
"distant",8,9
"distant",20,14
"distant",45,38
"distant",39,41
"distant",20,17
"distant",9,11
"distant",37,26
"distant",15,23
"distant",18,12
"distant",9,7
"distant",37,43
"distant",31,25
"distant",5,21
"distant",40,37
"distant",38,28
"distant",17,11
"distant",42,36
"distant",20,18
"distant",24,40
"distant",32,35
"distant",12,29
"distant",51,49
"distant",20,26
"distant",24,16
"distant",51,46
"distant",33,33
"distant",37,31
"distant",2,13
"distant",3,7
"distant",1,1
"distant",47,43
"distant",24,39
"distant",14,7
"distant",36,40
"distant",37,32
"distant",8,10
"distant",40,38
"distant",3,3
"distant",9,31
"distant",44,38
"distant",18,24
"distant",4,10
"distant",47,40
"distant",37,24
"distant",42,41
"distant",29,22
"distant",30,33
"distant",18,21
"distant",10,20
"distant",3,13
"distant",20,19
"distant",7,4
"distant",51,50
"distant",9,20
"distant",11,8
"distant",9,15
"distant",19,20
"distant",28,23
"distant",37,38
"distant",43,46
"distant",25,27
"distant",10,14
"distant",32,18
"distant",7,7
"distant",33,34
"distant",47,43
"distant",48,47
"distant",23,27
"distant",49,48
"distant",32,25
"distant",15,19
"distant",8,6
"distant",1,4
"distant",7,8
"distant",45,43
"distant",38,41
"distant",1,1
"distant",1,13
"distant",43,39
"distant",3,3
"distant",8,5
"distant",29,27
"distant",42,42
"distant",14,16
"distant",32,36
"distant",20,25
"distant",51,45
"distant",51,51
"distant",6,4
"distant",3,5
"distant",10,15
"distant",50,50
"distant",23,17
"distant",11,17
"distant",24,21
"distant",9,13
"distant",29,29
"distant",9,23
"distant",46,46
"distant",43,42
"distant",44,44
"distant",11,12
"distant",29,31
"distant",16,13
"distant",50,50
"distant",6,8
"distant",24,27
"distant",18,23
"distant",25,16
"distant",25,26
"distant",26,22
"distant",45,41
"distant",10,9
"distant",51,51
"distant",41,29
"distant",47,41
"distant",18,19
"distant",49,47
"distant",35,41
"distant",19,21
"distant",20,29
"distant",50,41
"distant",48,46
"distant",2,2
"distant",3,5
"distant",34,25
"distant",1,3
"distant",47,45
"distant",31,21
"distant",43,41
"distant",49,41
"distant",50,49
"distant",8,7
"distant",16,10
"distant",36,33
"distant",17,8
"distant",1,6
"distant",36,39
"distant",5,6
"distant",9,13
"distant",3,3
"distant",18,20
"distant",39,37
"distant",13,12
"distant",51,47
"distant",14,15
"distant",14,19
"distant",44,43
"distant",13,10
"distant",48,45
"distant",45,43
"distant",11,11
"distant",6,4
"distant",18,11
"distant",34,33
"distant",47,45
"distant",47,40
"distant",12,8
"distant",50,49
"distant",49,45
"distant",43,44
"distant",8,14
"distant",19,35
"distant",12,7
"distant",19,24
"distant",3,4
"distant",8,12
"distant",25,19
"distant",24,26
"distant",8,13
"distant",8,18
"distant",23,16
"distant",3,7
"distant",49,44
"distant",38,33
"distant",17,15
"distant",49,44
"distant",27,40
"distant",1,1
"distant",25,36
"distant",36,38
"distant",26,23
"distant",48,45
"distant",35,32
"distant",37,47
"distant",7,4
"distant",7,11
"distant",7,9
"distant",24,14
"distant",16,23
"distant",10,14
"distant",51,45
"distant",24,30
"distant",46,47
"distant",17,15
"distant",29,34
"distant",24,12
"distant",29,28
"distant",4,23
"distant",51,47
"distant",3,12
"distant",49,43
"distant",32,34
"distant",38,44
"distant",29,28
"distant",31,29
"distant",27,23
"distant",43,37
"distant",7,6
"distant",28,26
"distant",38,31
"distant",2,6
"distant",38,38
"distant",18,13
"distant",38,44
"distant",29,37
"distant",42,35
"distant",27,27
"distant",9,11
"distant",13,15
"distant",21,15
"distant",1,6
"distant",11,17
"distant",30,34
"distant",16,31
"distant",3,1
"distant",50,49
"distant",18,22
"distant",9,9
"distant",26,17
"distant",13,25
"distant",13,10
"distant",46,34
"distant",35,40
"distant",17,16
"distant",16,8
"distant",25,22
"distant",40,42
"distant",49,44
"distant",20,10
"distant",6,6
"distant",36,30
"distant",21,19
"distant",28,27
"distant",37,39
"distant",47,46
"distant",2,6
"distant",40,37
"distant",41,41
"distant",44,39
"distant",23,18
"distant",49,49
"distant",21,14
"distant",46,39
"distant",37,37
"distant",6,6
"distant",39,42
"distant",51,45
"distant",8,3
"distant",39,40
"distant",4,2
"distant",51,47
"distant",10,13
"distant",45,42
"distant",4,5
"distant",45,42
"distant",44,40
"distant",36,37
"distant",28,29
"distant",1,1
"distant",9,4
"distant",43,39
"distant",25,25
"distant",5,6
"distant",51,44
"distant",11,23
"distant",19,13
"distant",51,45
"distant",36,35
"distant",26,15
"distant",51,51
"distant",18,12
"distant",24,43
"distant",18,22
"distant",14,19
"distant",38,27
"distant",3,6
"distant",47,45
"distant",15,13
"distant",2,2
"distant",30,31
"distant",31,29
"distant",34,20
"distant",30,20
"distant",17,17
"distant",39,25
"distant",45,43
"distant",30,28
"distant",26,18
"distant",39,36
"distant",8,8
"distant",12,13
"distant",11,18
"distant",5,7
"distant",12,22
"distant",13,14
"distant",47,45
"distant",26,29
"distant",36,28
"distant",29,33
"distant",10,11
"distant",42,27
"distant",10,13
"distant",32,30
"distant",4,3
"distant",51,48
"distant",8,2
"distant",15,11
"distant",4,7
"distant",17,24
"distant",35,27
"distant",43,27
"distant",50,47
"distant",4,3
"distant",14,17
"distant",34,33
"distant",24,40
"distant",51,51
"distant",10,13
"distant",8,17
"distant",43,41
"distant",35,36
"distant",50,44
"distant",3,4
"distant",34,26
"distant",17,14
"distant",40,39
"distant",11,17
"distant",41,40
"distant",43,29
"distant",12,28
"distant",1,1
"distant",28,21
"distant",23,33
"distant",15,13
"distant",51,48
"distant",30,25
"distant",25,21
"distant",35,40
"distant",4,13
"distant",48,43
"distant",7,18
"distant",42,34
"distant",1,2
"distant",29,26
"distant",31,49
"distant",42,39
"distant",45,46
"distant",40,33
"distant",4,19
"distant",20,16
"distant",10,12
"distant",20,21
"distant",15,18
"distant",42,35
"distant",10,21
"distant",10,8
"distant",41,35
"distant",15,33
"distant",22,18
"distant",45,40
"distant",27,23
"distant",33,38
"distant",28,26
"distant",51,49
"distant",21,33
"distant",28,26
"distant",48,37
"distant",19,17
"distant",4,3
"distant",50,50
"distant",15,17
"distant",10,8
"distant",26,34
"distant",3,24
"distant",51,49
"distant",41,34
"distant",4,2
"distant",51,51
"distant",40,44
"distant",40,41
"distant",51,51
"distant",28,28
"distant",30,32
"distant",29,45
"distant",44,43
"distant",26,19
"distant",13,9
"distant",6,4
"distant",34,26
"distant",10,7
"distant",45,44
"distant",20,28
"distant",29,28
"distant",44,35
"distant",23,32
"distant",45,38
"distant",38,36
"distant",1,5
"distant",33,38
"distant",42,45
"distant",32,26
"distant",29,15
"distant",8,6
"distant",37,42
"distant",31,32
"distant",1,2
"distant",12,10
"distant",7,30
"distant",31,23
"distant",20,15
"distant",1,1
"distant",6,11
"distant",25,30
"distant",51,51
"distant",44,46
"distant",7,3
"distant",4,4
"distant",20,33
"distant",25,19
"distant",50,47
"distant",48,44
"distant",30,42
"distant",51,45
"distant",51,51
"distant",18,12
"distant",15,13
"distant",4,2
"distant",8,9
"distant",2,5
"distant",16,21
"distant",50,39
"distant",31,31
"distant",11,7
"distant",44,32
"distant",44,41
"distant",16,15
"distant",11,8
"distant",7,22
"distant",4,6
"distant",21,20
"distant",1,1
"distant",45,46
"distant",51,51
"distant",1,1
"distant",18,24
"distant",29,30
"distant",9,4
"distant",36,39
"distant",22,24
"distant",25,17
"distant",9,5
"distant",11,9
"distant",39,34
"distant",23,26
"distant",50,43
"distant",6,10
"distant",4,8
"distant",22,17
"distant",49,46
"distant",14,15
"distant",20,17
"distant",33,29
"distant",23,37
"distant",1,1
"distant",3,8
"distant",1,9
"distant",34,33
"distant",42,34
"distant",46,46
"distant",51,51
"distant",28,27
"distant",51,47
"distant",40,33
"distant",29,22
"distant",35,35
"distant",12,15
"distant",51,50
"distant",51,51
"distant",1,9
"distant",40,41
"distant",26,29
"distant",1,2
"distant",1,1
"distant",18,13
"distant",43,37
"distant",6,3
"distant",25,15
"distant",37,46
"distant",19,18
"distant",4,3
"distant",44,39
"distant",51,50
"distant",24,45
"distant",46,50
"distant",29,25
"distant",5,8
"distant",28,30
"distant",36,22
"distant",21,19
"distant",51,50
"distant",13,13
"distant",22,36
"distant",27,41
"distant",51,51
"distant",3,7
"distant",31,32
"distant",11,12
"distant",26,28
"distant",40,32
"distant",24,38
"distant",14,17
"distant",47,49
"distant",26,22
"distant",9,13
"distant",40,45
"distant",38,33
"distant",17,13
"distant",33,47
"distant",27,44
"distant",9,39
"distant",1,2
"distant",25,27
"distant",6,11
"distant",25,40
"distant",4,3
"distant",51,45
"distant",46,39
"distant",42,37
"distant",49,41
"distant",38,29
"distant",12,11
"distant",9,8
"distant",30,24
"distant",33,26
"distant",46,45
"distant",33,34
"distant",51,47
"distant",11,9
"distant",29,32
"distant",50,46
"distant",38,24
"distant",42,37
"distant",47,42
"distant",33,25
"distant",12,11
"distant",28,30
"distant",6,3
"distant",4,11
"distant",50,51
"distant",1,2
"distant",17,18
"distant",14,8
"distant",2,1
"distant",2,1
"distant",1,7
"distant",7,4
"distant",47,42
"distant",51,51
"distant",9,30
"distant",34,24
"distant",50,37
"distant",33,32
"distant",46,42
"distant",45,33
"distant",5,13
"distant",27,33
"distant",32,21
"distant",30,26
"distant",21,15
"distant",20,35
"distant",4,3
"distant",43,34
"distant",47,46
"distant",49,49
"distant",50,40
"distant",24,26
"distant",25,21
"distant",35,29
"distant",6,4
"distant",47,46
"distant",6,5
"distant",5,26
"distant",18,29
"distant",19,15
"distant",37,37
"distant",26,32
"distant",49,43
"distant",22,11
"distant",48,48
"distant",49,47
"distant",21,28
"distant",43,41
"distant",1,4
"distant",15,23
"distant",4,6
"distant",34,33
"distant",39,31
"distant",41,43
"distant",32,34
"distant",41,33
"distant",27,28
"distant",15,17
"distant",22,17
"distant",37,37
"distant",38,46
"distant",13,14
"distant",5,4
"distant",40,41
"distant",13,13
"distant",4,2
"distant",44,36
"distant",51,50
"distant",25,17
"distant",1,1
"distant",12,30
"distant",39,28
"distant",35,39
"distant",3,4
"distant",49,42
"distant",45,47
"distant",29,26
"distant",48,49
"distant",19,17
"distant",51,51
"distant",40,48
"distant",42,38
"distant",36,37
"distant",1,2
"distant",26,23
"distant",40,39
"distant",32,28
"distant",18,38
"distant",22,32
"distant",37,24
"distant",34,33
"distant",37,24
"distant",22,12
"distant",7,15
"distant",20,28
"distant",23,21
"distant",10,17
"distant",48,47
"distant",38,37
"distant",31,27
"distant",30,26
"distant",23,19
"distant",21,29
"distant",13,39
"distant",51,50
"distant",42,29
"distant",49,49
"distant",3,4
"distant",33,24
"distant",43,39
"distant",30,31
"distant",41,28
"distant",22,24
"distant",18,18
"distant",51,48
"distant",14,11
"distant",17,11
"distant",42,36
"distant",7,6
"distant",25,42
"distant",17,15
"distant",3,6
"distant",31,45
"distant",11,11
"distant",51,49
"distant",6,9
"distant",47,45
"distant",1,2
"distant",51,51
"distant",8,11
"distant",25,24
"distant",26,24
"distant",13,12
"distant",4,8
"distant",48,41
"distant",13,14
"distant",43,46
"distant",33,37
"distant",48,51
"distant",20,14
"distant",8,6
"distant",15,26
"distant",9,15
"distant",30,38
"distant",44,44
"distant",7,11
"distant",51,48
"distant",37,40
"distant",11,6
"distant",34,24
"distant",20,14
"distant",35,38
"distant",51,51
"distant",41,37
"distant",45,43
"distant",25,19
"distant",47,48
"distant",24,18
"distant",28,40
"distant",32,45
"distant",19,18
"distant",28,22
"distant",34,29
"distant",37,51
"distant",46,41
"distant",3,14
"distant",5,3
"distant",44,27
"distant",14,14
"distant",8,14
"distant",9,10
"distant",19,11
"distant",16,20
"distant",23,26
"distant",29,28
"distant",10,8
"distant",31,28
"distant",28,22
"distant",3,2
"distant",50,50
"distant",10,7
"distant",22,14
"distant",27,23
"distant",7,18
"distant",31,32
"distant",10,19
"distant",4,8
"distant",47,44
"distant",4,32
"distant",50,42
"distant",8,10
"distant",14,35
"distant",26,40
"distant",2,3
"distant",26,23
"distant",43,33
"distant",2,4
"distant",17,14
"distant",3,3
"distant",11,30
"distant",25,14
"distant",11,7
"distant",39,23
"distant",20,31
"distant",22,14
"distant",11,17
"distant",25,38
"distant",35,35
"distant",7,9
"distant",22,19
"distant",27,27
"distant",20,26
"distant",26,25
"distant",37,34
"distant",14,12
"distant",6,8
"distant",36,39
"distant",7,5
"distant",18,22
"distant",33,30
"distant",6,9
"distant",50,50
"distant",33,41
"distant",11,9
"distant",15,18
"distant",13,8
"distant",48,47
"distant",30,32
"distant",50,50
"distant",22,24
"distant",17,29
"distant",21,23
"distant",2,3
"distant",2,14
"distant",51,50
"distant",36,38
"distant",6,5
"distant",35,31
"distant",19,19
"distant",6,6
"distant",49,40
"distant",17,12
"distant",24,36
"distant",37,35
"distant",5,6
"distant",27,29
"distant",51,47
"distant",51,51
"distant",51,51
"distant",43,35
"distant",9,10
"distant",30,22
"distant",51,50
"distant",29,29
"distant",33,32
"distant",4,9
"distant",37,24
"distant",17,11
"distant",33,21
"distant",50,41
"distant",47,38
"distant",1,1
"distant",4,10
"distant",38,27
"distant",46,43
"distant",50,48
"distant",25,19
"distant",48,42
"distant",5,9
"distant",51,49
"distant",39,39
"distant",4,3
"distant",28,40
"distant",14,39
"distant",51,51
"distant",31,31
"distant",12,11
"distant",7,9
"distant",4,12
"distant",51,43
"distant",40,46
"distant",20,17
"distant",39,37
"distant",2,12
"distant",49,41
"distant",50,47
"distant",3,2
"distant",24,10
"distant",51,49
"distant",13,10
"distant",15,13
"distant",1,3
"distant",26,26
"distant",10,12
"distant",37,30
"distant",6,4
"distant",49,43
"distant",11,22
"distant",44,48
"distant",51,49
"distant",4,11
"distant",6,4
"distant",18,12
"distant",25,24
"distant",1,1
"distant",49,37
"distant",8,9
"distant",10,16
"distant",51,49
"distant",5,4
"distant",12,28
"distant",7,9
"distant",3,16
"distant",14,6
"distant",20,40
"distant",26,22
"distant",16,16
"distant",51,47
"distant",46,44
"distant",18,34
"distant",14,9
"distant",34,29
"distant",29,18
"distant",21,21
"distant",35,32
"distant",9,10
"distant",46,43
"distant",4,5
"distant",41,30
"distant",27,24
"distant",19,30
"distant",47,47
"distant",19,19
"distant",6,6
"distant",15,15
"distant",37,39
"distant",12,14
"distant",31,32
"distant",15,10
"distant",39,33
"distant",17,8
"distant",7,12
"distant",3,7
"distant",45,38
"distant",11,22
"distant",12,12
"distant",49,39
"distant",27,28
"distant",5,30
"distant",37,29
"distant",51,47
"distant",50,45
"distant",51,49
"distant",22,26
"distant",19,16
"distant",51,51
"distant",17,12
"distant",47,48
"distant",38,32
"distant",19,22
"distant",30,22
"distant",29,29
"distant",27,21
"distant",26,17
"distant",28,26
"distant",32,33
"distant",36,29
"distant",14,18
"distant",18,19
"distant",10,10
"distant",48,49
"distant",27,39
"distant",29,26
"distant",16,12
"distant",40,38
"distant",34,30
"distant",26,17
"distant",1,3
"distant",37,33
"distant",33,45
"distant",1,3
"distant",37,32
"distant",39,34
"distant",23,37
"distant",2,4
"distant",27,20
"distant",1,2
"distant",44,38
"distant",27,23
"distant",29,41
"distant",18,15
"distant",35,37
"distant",12,15
"distant",36,28
"distant",43,44
"distant",6,2
"distant",40,47
"distant",21,34
"distant",28,32
"distant",2,1
"distant",11,15
"distant",19,19
"distant",8,7
"distant",13,13
"distant",44,33
"distant",13,13
"distant",34,38
"distant",28,37
"distant",28,34
"distant",7,28
"distant",48,46
"distant",28,22
"distant",6,9
"distant",47,47
"distant",20,25
"distant",21,27
"distant",41,46
"distant",42,46
"distant",12,15
"distant",26,43
"distant",48,42
"distant",8,17
"distant",41,39
"distant",8,10
"distant",11,13
"distant",15,20
"distant",27,26
"distant",43,49
"distant",38,38
"distant",7,10
"distant",1,4
"distant",16,13
"distant",42,33
"distant",3,2
"distant",12,16
"distant",28,25
"distant",31,21
"distant",5,14
"distant",23,23
"distant",21,36
"distant",48,38
"distant",3,3
"distant",47,47
"distant",51,51
"distant",7,13
"distant",27,19
"distant",9,11
"distant",41,35
"distant",12,8
"distant",21,17
"distant",27,29
"distant",50,43
"distant",22,40
"distant",51,48
"distant",10,5
"distant",16,18
"distant",33,25
"distant",11,19
"distant",11,23
"distant",40,25
"distant",29,22
"distant",51,50
"distant",44,32
"distant",50,51
"distant",45,48
"distant",21,23
"distant",12,14
"distant",48,43
"distant",24,33
"distant",29,31
"distant",45,40
"distant",29,40
"distant",51,47
"distant",51,43
"distant",6,6
"distant",51,45
"distant",11,12
"distant",4,20
"distant",40,38
"distant",35,44
"distant",28,23
"distant",51,48
"distant",39,41
"distant",47,42
"distant",25,19
"distant",15,28
"distant",35,29
"distant",48,37
"distant",18,18
"distant",49,43
"distant",8,26
"distant",13,14
"distant",18,19
"distant",25,27
"distant",14,18
"distant",41,39
"distant",31,28
"distant",46,48
"distant",37,30
"distant",21,20
"distant",8,17
"distant",12,19
"distant",51,51
"distant",40,31
"distant",16,12
"distant",1,1
"distant",45,46
"distant",36,31
"distant",19,19
"distant",49,45
"distant",48,43
"distant",32,35
"distant",38,32
"distant",35,38
"distant",17,15
"distant",4,7
"distant",39,32
"distant",34,25
"distant",47,41
"distant",9,13
"distant",51,51
"distant",30,34
"distant",10,5
"distant",49,48
"distant",39,38
"distant",2,1
"distant",51,51
"distant",8,7
"distant",8,10
"distant",16,17
"distant",40,41
"distant",50,49
"distant",3,2
"distant",4,7
"distant",40,33
"distant",6,3
"distant",16,17
"distant",51,50
"distant",3,9
"distant",7,8
"distant",1,6
"distant",5,7
"distant",29,27
"distant",8,9
"distant",11,35
"distant",17,15
"distant",23,21
"distant",27,18
"distant",46,42
"distant",42,39
"distant",11,8
"distant",49,39
"distant",36,28
"distant",35,36
"distant",27,32
"distant",11,15
"distant",47,38
"distant",29,35
"distant",51,48
"distant",48,45
"distant",7,3
"distant",51,49
"distant",36,36
"distant",48,36
"distant",29,25
"distant",6,7
"distant",27,33
"distant",27,31
"distant",50,47
"distant",33,23
"distant",40,42
"distant",51,48
"distant",7,6
"distant",25,20
"distant",6,10
"distant",37,43
"distant",33,35
"distant",24,35
"distant",31,28
"distant",5,9
"distant",49,48
"distant",17,15
"distant",12,6
"distant",31,41
"distant",5,5
"distant",50,43
"distant",23,22
"distant",11,28
"distant",2,5
"distant",43,40
"distant",6,16
"distant",51,49
"distant",1,2
"distant",5,8
"distant",50,49
"distant",9,22
"distant",33,28
"distant",51,51
"distant",34,33
"distant",19,22
"distant",21,33
"distant",9,7
"distant",44,34
"distant",39,38
"distant",6,4
"distant",47,42
"distant",43,30
"distant",51,48
"distant",39,40
"distant",3,3
"distant",33,38
"distant",27,31
"distant",28,28
"distant",13,17
"distant",17,17
"distant",46,42
"distant",18,15
"distant",7,14
"distant",5,5
"distant",28,28
"distant",5,4
"distant",38,33
"distant",12,10
"distant",13,19
"distant",50,47
"distant",48,45
"distant",42,40
"distant",29,23
"distant",5,9
"distant",20,17
"distant",1,1
"distant",27,25
"distant",51,51
"distant",5,9
"distant",28,26
"distant",51,48
"distant",15,23
"distant",44,39
"distant",10,4
"distant",8,9
"distant",50,48
"distant",42,26
"distant",24,19
"distant",4,7
"distant",26,33
"distant",48,47
"distant",24,36
"distant",50,49
"distant",4,3
"distant",8,17
"distant",48,41
"distant",23,18
"distant",51,47
"distant",5,4
"distant",51,51
"distant",51,51
"distant",27,24
"distant",17,23
"distant",5,12
"distant",17,16
"distant",4,6
"distant",51,50
"distant",20,22
"distant",2,4
"distant",2,2
"distant",33,29
"distant",45,44
"distant",5,8
"distant",15,17
"distant",17,13
"distant",25,18
"distant",24,19
"distant",5,2
"distant",25,21
"distant",19,12
"distant",45,48
"distant",42,43
"distant",28,30
"distant",38,38
"distant",50,50
"distant",3,2
"distant",11,12
"distant",15,27
"distant",51,50
"distant",51,50
"distant",36,40
"distant",33,20
"distant",28,28
"distant",34,32
"distant",33,24
"distant",3,12
"distant",8,12
"distant",12,46
"distant",4,6
"distant",51,51
"distant",27,36
"distant",4,19
"distant",10,7
"distant",19,14
"distant",18,23
"distant",51,50
"distant",30,28
"distant",46,47
"distant",32,31
"distant",49,41
"distant",23,21
"distant",13,31
"distant",25,26
"distant",32,37
"distant",2,6
"distant",10,3
"distant",16,21
"distant",30,28
"distant",22,21
"distant",7,9
"distant",28,30
"distant",33,25
"distant",51,50
"distant",4,4
"distant",31,35
"distant",37,41
"distant",42,43
"distant",6,7
"distant",35,37
"distant",44,44
"distant",14,11
"distant",6,7
"distant",33,37
"distant",51,51
"distant",51,50
"distant",23,44
"distant",47,32
"distant",36,36
"distant",12,20
"distant",1,2
"distant",29,28
"distant",20,25
"distant",43,44
"distant",22,20
"distant",48,47
"distant",50,44
"distant",7,3
"distant",27,20
"distant",30,30
"distant",46,40
"distant",8,33
"distant",15,21
"distant",20,45
"distant",28,34
"distant",50,45
"distant",15,12
"distant",5,6
"distant",19,32
"distant",24,15
"distant",9,11
"distant",51,50
"distant",15,17
"distant",11,22
"distant",14,37
"distant",46,48
"distant",7,7
"distant",48,44
"distant",13,16
"distant",15,33
"distant",32,26
"distant",35,31
"distant",38,37
"distant",2,4
"distant",15,20
"distant",29,27
"distant",41,38
"distant",18,22
"distant",23,20
"distant",26,18
"distant",45,42
"distant",39,36
"distant",9,17
"distant",36,31
"distant",2,4
"distant",6,2
"distant",50,46
"distant",41,36
"distant",25,26
"distant",28,31
"distant",4,10
"distant",19,17
"distant",45,45
"distant",39,36
"distant",38,37
"distant",29,23
"distant",45,36
"distant",32,26
"distant",6,4
"distant",7,8
"distant",46,37
"distant",2,3
"distant",28,24
"distant",42,33
"distant",11,10
"distant",51,51
"distant",41,43
"distant",44,39
"distant",27,20
"distant",15,8
"distant",31,32
"distant",40,25
"distant",14,14
"distant",23,24
"distant",3,1
"distant",16,15
"distant",18,18
"distant",9,15
"distant",29,17
"distant",6,11
"distant",35,39
"distant",41,44
"distant",21,25
"distant",42,35
"distant",34,29
"distant",37,46
"distant",47,42
"distant",51,49
"distant",50,43
"distant",50,48
"distant",37,37
"distant",37,28
"distant",2,5
"distant",24,22
"distant",30,15
"distant",17,24
"distant",4,4
"distant",16,19
"distant",17,15
"distant",30,19
"distant",50,49
"distant",28,31
"distant",7,18
"distant",42,48
"distant",17,15
"distant",15,12
"distant",2,8
"distant",9,11
"distant",36,23
"distant",43,41
"distant",51,50
"distant",12,19
"distant",50,45
"distant",21,9
"distant",51,41
"distant",33,28
"distant",44,42
"distant",38,24
"distant",14,9
"distant",40,45
"distant",47,37
"distant",22,27
"distant",33,31
"distant",6,10
"distant",25,34
"distant",46,47
"distant",50,47
"distant",8,16
"distant",12,34
"distant",9,11
"distant",20,18
"distant",14,21
"distant",18,18
"distant",26,29
"distant",38,48
"distant",1,12
"distant",42,41
"distant",19,11
"distant",7,16
"distant",2,1
"distant",8,6
"distant",44,42
"distant",45,43
"distant",22,19
"distant",32,32
"distant",14,12
"distant",42,39
"distant",35,41
"distant",50,43
"distant",19,14
"distant",45,40
"distant",8,6
"distant",8,11
"distant",51,51
"distant",36,35
"distant",45,46
"distant",8,7
"distant",11,12
"distant",21,25
"distant",47,45
"distant",28,41
"distant",1,3
"distant",30,26
"distant",39,48
"distant",23,16
"distant",17,20
"distant",13,22
"distant",31,36
"distant",24,26
"distant",42,38
"distant",48,49
"distant",25,35
"distant",22,25
"distant",35,23
"distant",5,3
"distant",7,15
"distant",49,46
"distant",47,40
"distant",34,34
"distant",34,34
"distant",22,18
"distant",41,36
"distant",40,38
"distant",43,39
"distant",1,1
"distant",2,3
"distant",23,28
"distant",4,22
"distant",16,20
"distant",48,47
"distant",35,27
"distant",8,11
"distant",29,34
"distant",5,5
"distant",1,1
"distant",48,50
"distant",30,33
"distant",51,51
"distant",49,47
"distant",24,44
"distant",40,47
"distant",37,32
"distant",48,49
"distant",21,17
"distant",43,45
"distant",19,18
"distant",20,35
"distant",50,43
"distant",12,15
"distant",16,25
"distant",33,27
"distant",3,5
"distant",17,22
"distant",35,23
"distant",13,16
"distant",3,5
"distant",9,15
"distant",3,2
"distant",39,40
"distant",15,12
"distant",5,5
"distant",41,34
"distant",9,15
"distant",21,16
"distant",51,50
"distant",39,34
"distant",6,5
"distant",51,51
"distant",8,8
"distant",11,14
"distant",16,15
"distant",50,51
"distant",51,51
"distant",1,2
"distant",4,10
"distant",36,34
"distant",11,11
"distant",33,25
"distant",32,17
"distant",4,5
"distant",6,10
"distant",47,48
"distant",16,6
"distant",3,2
"distant",37,29
"distant",4,3
"distant",47,45
"distant",8,10
"distant",14,12
"distant",28,32
"distant",26,19
"distant",13,13
"distant",51,48
"distant",15,24
"distant",20,28
"distant",32,25
"distant",51,51
"distant",27,31
"distant",6,3
"distant",51,51
"distant",5,18
"distant",26,29
"distant",10,6
"distant",2,11
"distant",4,3
"distant",39,39
"distant",36,28
"distant",32,30
"distant",37,36
"distant",6,8
"distant",4,1
"distant",14,32
"distant",28,23
"distant",17,14
"distant",45,38
"distant",49,51
"distant",8,16
"distant",14,13
"distant",2,14
"distant",14,15
"distant",28,21
"distant",16,15
"distant",45,37
"distant",23,23
"distant",46,35
"distant",16,15
"distant",11,11
"distant",1,2
"distant",10,6
"distant",37,27
"distant",29,24
"distant",50,46
"distant",34,22
"distant",13,16
"distant",50,50
"distant",8,11
"distant",5,23
"distant",40,29
"distant",10,24
"distant",40,40
"distant",7,11
"distant",41,26
"distant",32,29
"distant",10,20
"distant",3,3
"distant",3,6
"distant",51,51
"distant",1,4
"distant",17,20
"distant",13,32
"distant",49,41
"distant",50,46
"distant",31,38
"distant",32,28
"distant",47,42
"distant",45,40
"distant",27,29
"distant",47,41
"distant",30,31
"distant",7,13
"distant",42,38
"distant",28,31
"distant",30,28
"distant",44,36
"distant",38,47
"distant",45,38
"distant",23,18
"distant",12,3
"distant",5,16
"distant",24,30
"distant",13,8
"distant",40,38
"distant",26,20
"distant",43,50
"distant",39,37
"distant",38,34
"distant",1,1
"distant",50,39
"distant",47,43
"distant",39,38
"distant",38,40
"distant",4,24
"distant",41,36
"distant",29,21
"distant",18,22
"distant",37,43
"distant",20,18
"distant",1,1
"distant",51,51
"distant",36,40
"distant",7,13
"distant",15,15
"distant",13,18
"distant",40,32
"distant",46,45
"distant",42,35
"distant",33,31
"distant",4,4
"distant",40,41
"distant",5,4
"distant",16,17
"distant",40,48
"distant",17,18
"distant",35,34
"distant",7,3
"distant",2,6
"distant",3,20
"distant",13,41
"distant",49,47
"distant",36,16
"distant",17,17
"distant",35,29
"distant",7,16
"distant",48,39
"distant",38,37
"distant",22,26
"distant",47,45
"distant",19,25
"distant",41,27
"distant",47,47
"distant",33,30
"distant",40,39
"distant",9,14
"distant",40,36
"distant",34,27
"distant",30,28
"distant",45,38
"distant",12,7
"distant",51,45
"distant",51,45
"distant",46,46
"distant",18,13
"distant",2,3
"distant",11,22
"distant",32,27
"distant",9,6
"distant",13,23
"distant",29,44
"distant",19,33
"distant",22,14
"distant",10,14
"distant",16,26
"distant",27,34
"distant",51,46
"distant",28,37
"distant",31,36
"distant",33,28
"distant",27,18
"distant",14,25
"distant",9,17
"distant",29,23
"distant",17,20
"distant",50,42
"distant",44,35
"distant",25,23
"distant",45,47
"distant",32,31
"distant",33,29
"distant",9,23
"distant",5,12
"distant",28,35
"distant",2,2
"distant",9,7
"distant",20,18
"distant",3,2
"distant",33,36
"distant",4,3
"distant",49,50
"distant",12,12
"distant",40,37
"distant",3,3
"distant",19,14
"distant",5,2
"distant",9,15
"distant",9,13
"distant",14,9
"distant",51,51
"distant",20,31
"distant",43,29
"distant",41,45
"distant",16,17
"distant",7,7
"distant",3,2
"distant",51,48
"distant",3,6
"distant",50,51
"distant",37,43
"distant",11,8
"distant",3,5
"distant",1,3
"distant",20,21
"distant",5,9
"distant",48,45
"distant",44,42
"distant",2,13
"distant",38,40
"distant",49,50
"distant",2,7
"distant",30,32
"distant",33,29
"distant",51,47
"distant",16,23
"distant",5,5
"distant",44,43
"distant",17,19
"distant",17,14
"distant",51,49
"distant",15,13
"distant",18,33
"distant",6,6
"distant",42,46
"distant",36,35
"distant",45,42
"distant",22,38
"distant",24,20
"distant",25,16
"distant",33,32
"distant",19,13
"distant",10,17
"distant",23,24
"distant",48,41
"distant",45,42
"distant",3,7
"distant",29,35
"distant",47,40
"distant",10,25
"distant",41,39
"distant",18,32
"distant",1,1
"distant",2,5
"distant",21,20
"distant",10,18
"distant",23,29
"distant",20,22
"distant",33,22
"distant",51,49
"distant",33,20
"distant",42,39
"distant",3,2
"distant",28,23
"distant",16,14
"distant",46,42
"distant",27,25
"distant",30,31
"distant",2,1
"distant",6,3
"distant",49,48
"distant",45,36
"distant",27,30
"distant",2,3
"distant",4,2
"distant",3,7
"distant",49,48
"distant",3,7
"distant",17,10
"distant",11,10
"distant",38,46
"distant",32,42
"distant",25,16
"distant",16,22
"distant",6,5
"distant",3,4
"distant",19,22
"distant",13,8
"distant",24,41
"distant",39,37
"distant",48,45
"distant",3,2
"distant",27,34
"distant",51,47
"distant",44,44
"distant",49,47
"distant",5,3
"distant",51,51
"distant",7,10
"distant",28,22
"distant",19,36
"distant",12,8
"distant",7,32
"distant",16,9
"distant",27,24
"distant",33,29
"distant",36,37
"distant",33,41
"distant",3,3
"distant",27,23
"distant",36,41
"distant",50,49
"distant",45,42
"distant",30,34
"distant",15,31
"distant",34,34
"distant",24,38
"distant",38,42
"distant",7,8
"distant",32,28
"distant",2,3
"distant",1,1
"distant",28,42
"distant",45,41
"distant",11,14
"distant",19,20
"distant",51,50
"distant",41,38
"distant",51,48
"distant",49,46
"distant",50,47
"distant",41,37
"distant",7,8
"distant",51,51
"distant",8,12
"distant",43,40
"distant",29,20
"distant",15,7
"distant",17,18
"distant",35,28
"distant",16,28
"distant",47,47
"distant",36,29
"distant",18,19
"distant",43,27
"distant",4,7
"distant",33,36
"distant",23,15
"distant",40,36
"distant",51,48
"distant",28,23
"distant",1,1
"distant",21,32
"distant",2,2
"distant",43,33
"distant",6,13
"distant",47,41
"distant",20,23
"distant",10,10
"distant",39,35
"distant",12,6
"distant",20,17
"distant",12,13
"distant",35,28
"distant",7,7
"distant",17,9
"distant",10,12
"distant",10,7
"distant",21,14
"distant",48,48
"distant",42,30
"distant",2,1
"distant",8,13
"distant",14,21
"distant",24,21
"distant",33,31
"distant",40,37
"distant",50,43
"distant",31,24
"distant",21,12
"distant",23,22
"distant",2,9
"distant",6,3
"distant",23,25
"distant",39,41
"distant",20,16
"distant",29,25
"distant",3,2
"distant",25,31
"distant",30,32
"distant",13,6
"distant",19,31
"distant",8,5
"distant",11,13
"distant",32,24
"distant",41,31
"distant",49,42
"distant",9,34
"distant",50,48
"distant",43,35
"distant",44,45
"distant",39,39
"distant",16,20
"distant",50,50
"distant",43,34
"distant",50,47
"distant",9,7
"distant",30,22
"distant",39,37
"distant",43,39
"distant",17,19
"distant",27,32
"distant",10,6
"distant",47,41
"distant",6,7
"distant",6,7
"distant",47,41
"distant",3,3
"distant",42,36
"distant",45,36
"distant",40,45
"distant",1,2
"distant",42,36
"distant",15,10
"distant",11,23
"distant",32,33
"distant",39,39
"distant",4,8
"distant",37,32
"distant",14,12
"distant",5,9
"distant",33,35
"distant",32,26
"distant",25,21
"distant",51,51
"distant",34,38
"distant",45,45
"distant",37,32
"distant",10,19
"distant",24,26
"distant",23,21
"distant",49,41
"distant",17,15
"distant",28,31
"distant",51,48
"distant",3,7
"distant",25,23
"distant",49,45
"distant",20,17
"distant",26,41
"distant",29,16
"distant",13,7
"distant",44,42
"distant",17,32
"distant",48,48
"distant",35,36
"distant",34,31
"distant",39,38
"distant",36,31
"distant",39,37
"distant",45,44
"distant",38,42
"distant",13,5
"distant",51,51
"distant",18,22
"distant",21,43
"distant",44,37
"distant",2,3
"distant",33,45
"distant",20,24
"distant",38,46
"distant",8,16
"distant",31,27
"distant",31,27
"distant",1,1
"distant",22,28
"distant",35,25
"distant",31,37
"distant",30,28
"distant",7,12
"distant",18,12
"distant",17,12
"distant",17,20
"distant",25,24
"distant",47,45
"distant",44,44
"distant",44,37
"distant",50,47
"distant",43,30
"distant",37,32
"distant",45,44
"distant",38,42
"distant",41,33
"distant",4,8
"distant",23,37
"distant",22,26
"distant",21,34
"distant",20,19
"distant",11,14
"distant",30,30
"distant",3,8
"distant",10,8
"distant",50,43
"distant",36,41
"distant",8,18
"distant",8,13
"distant",12,15
"distant",23,21
"distant",45,38
"distant",51,51
"distant",23,17
"distant",39,28
"distant",40,34
"distant",27,24
"distant",43,34
"distant",9,10
"distant",47,44
"distant",24,17
"distant",22,17
"distant",13,8
"distant",31,41
"distant",30,27
"distant",13,14
"distant",22,15
"distant",30,22
"distant",50,44
"distant",12,15
"distant",6,5
"distant",41,38
"distant",38,38
"distant",50,49
"distant",2,2
"distant",35,25
"distant",4,4
"distant",10,5
"distant",51,50
"distant",45,40
"distant",40,42
"distant",19,20
"distant",23,20
"distant",27,30
"distant",1,2
"distant",16,12
"distant",50,48
"distant",8,8
"distant",48,47
"distant",4,5
"distant",38,41
"distant",48,45
"distant",5,6
"distant",12,13
"distant",51,48
"distant",14,28
"distant",41,47
"distant",34,35
"distant",42,42
"distant",34,37
"distant",33,26
"distant",16,19
"distant",4,7
"distant",37,27
"distant",42,41
"distant",10,29
"distant",48,42
"distant",11,16
"distant",12,16
"distant",36,41
"distant",27,26
"distant",19,11
"distant",6,13
"distant",47,41
"distant",1,4
"distant",51,51
"distant",49,48
"distant",22,14
"distant",37,36
"distant",12,6
"distant",35,33
"distant",48,42
"distant",10,39
"distant",1,1
"distant",14,24
"distant",20,15
"distant",46,36
"distant",46,47
"distant",11,26
"distant",31,22
"distant",51,50
"distant",51,51
"distant",7,8
"distant",34,37
"distant",26,28
"distant",51,49
"distant",38,32
"distant",33,32
"distant",29,20
"distant",27,32
"distant",13,5
"distant",2,4
"distant",2,1
"distant",44,48
"distant",51,50
"distant",29,35
"distant",15,12
"distant",1,9
"distant",51,48
"distant",23,39
"distant",37,34
"distant",49,40
"distant",24,23
"distant",28,24
"distant",19,33
"distant",11,13
"distant",3,3
"distant",17,15
"distant",51,47
"distant",51,50
"distant",49,45
"distant",2,4
"distant",11,13
"distant",6,4
"distant",50,43
"distant",5,1
"distant",13,7
"distant",44,40
"distant",15,16
"distant",37,42
"distant",1,2
"distant",3,15
"distant",10,33
"distant",29,33
"distant",44,48
"distant",32,35
"distant",32,34
"distant",1,2
"distant",31,28
"distant",10,9
"distant",4,6
"distant",19,13
"distant",14,19
"distant",6,29
"distant",51,51
"distant",19,19
"distant",44,44
"distant",20,19
"distant",49,40
"distant",36,29
"distant",5,10
"distant",42,34
"distant",50,43
"distant",19,18
"distant",50,40
"distant",9,11
"distant",1,1
"distant",50,48
"distant",20,25
"distant",27,26
"distant",2,4
"distant",33,40
"distant",25,24
"distant",11,12
"distant",12,12
"distant",3,6
"distant",47,43
"distant",43,40
"distant",24,23
"distant",14,20
"distant",35,28
"distant",39,34
"distant",33,26
"distant",29,21
"distant",18,42
"distant",6,6
"distant",15,14
"distant",19,30
"distant",24,30
"distant",51,49
"distant",49,46
"distant",6,9
"distant",47,45
"distant",20,43
"distant",8,7
"distant",21,21
"distant",48,47
"distant",20,21
"distant",51,51
"distant",25,12
"distant",49,50
"distant",46,42
"distant",44,40
"distant",40,39
"distant",43,49
"distant",27,18
"distant",2,7
"distant",25,24
"distant",11,12
"distant",48,41
"distant",35,30
"distant",13,19
"distant",22,15
"distant",43,40
"distant",16,18
"distant",46,41
"distant",51,50
"distant",37,39
"distant",47,47
"distant",12,22
"distant",6,7
"distant",6,5
"distant",16,35
"distant",38,37
"distant",5,8
"distant",21,17
"distant",51,49
"distant",18,20
"distant",21,16
"distant",41,36
"distant",7,11
"distant",14,15
"distant",24,21
"distant",43,38
"distant",24,24
"distant",23,26
"distant",46,41
"distant",1,5
"distant",37,45
"distant",49,42
"distant",22,21
"distant",13,8
"distant",40,38
"distant",49,49
"distant",21,19
"distant",34,41
"distant",40,32
"distant",12,9
"distant",24,14
"distant",43,36
"distant",1,5
"distant",38,43
"distant",27,27
"distant",3,1
"distant",5,9
"distant",49,42
"distant",47,46
"distant",21,13
"distant",9,9
"distant",4,1
"distant",26,18
"distant",42,46
"distant",17,25
"distant",41,38
"distant",45,46
"distant",2,3
"distant",26,31
"distant",9,13
"distant",3,25
"distant",4,10
"distant",31,33
"distant",10,14
"distant",15,28
"distant",30,32
"distant",15,25
"distant",22,24
"distant",43,44
"distant",17,29
"distant",27,15
"distant",16,23
"distant",15,38
"distant",41,34
"distant",51,50
"distant",40,42
"distant",48,42
"distant",25,34
"distant",19,25
"distant",37,23
"distant",51,50
"distant",28,34
"distant",46,37
"distant",7,21
"distant",48,41
"distant",9,11
"distant",32,36
"distant",20,15
"distant",51,50
"distant",47,42
"distant",30,26
"distant",16,23
"distant",50,48
"distant",40,41
"distant",51,46
"distant",19,17
"distant",6,10
"distant",26,24
"distant",15,13
"distant",14,10
"distant",18,31
"distant",34,32
"distant",17,22
"distant",10,14
"distant",15,38
"distant",29,23
"distant",38,44
"distant",46,38
"distant",4,8
"distant",51,49
"distant",39,28
"distant",24,22
"distant",25,29
"distant",15,17
"distant",37,31
"distant",40,40
"distant",27,30
"distant",32,19
"distant",15,21
"distant",6,6
"distant",16,13
"distant",4,8
"distant",39,31
"distant",14,22
"distant",50,50
"distant",33,27
"distant",18,11
"distant",46,48
"distant",1,10
"distant",16,20
"distant",43,45
"distant",24,27
"distant",10,21
"distant",36,25
"distant",26,25
"distant",2,4
"distant",12,10
"distant",46,44
"distant",1,2
"distant",42,34
"distant",6,9
"distant",49,49
"distant",49,44
"distant",30,30
"distant",3,10
"distant",41,26
"distant",11,23
"distant",48,50
"distant",9,8
"distant",16,10
"distant",7,4
"distant",1,2
"distant",19,20
"distant",51,50
"distant",27,20
"distant",4,5
"distant",33,32
"distant",1,5
"distant",25,21
"distant",8,16
"distant",44,35
"distant",23,15
"distant",27,46
"distant",18,25
"distant",45,51
"distant",49,43
"distant",15,16
"distant",26,21
"distant",3,1
"distant",42,35
"distant",12,8
"distant",31,23
"distant",39,32
"distant",4,19
"distant",18,9
"distant",19,27
"distant",5,4
"distant",15,12
"distant",4,7
"distant",8,7
"distant",23,18
"distant",43,38
"distant",21,11
"distant",51,50
"distant",47,50
"distant",27,17
"distant",47,41
"distant",16,14
"distant",25,13
"distant",2,2
"distant",42,33
"distant",38,33
"distant",35,32
"distant",14,12
"distant",48,46
"distant",30,23
"distant",29,42
"distant",19,30
"distant",11,6
"distant",26,16
"distant",9,6
"distant",17,15
"distant",14,18
"distant",36,31
"distant",49,50
"distant",26,23
"distant",8,5
"distant",40,24
"distant",34,33
"distant",47,42
"distant",51,48
"distant",43,38
"distant",42,34
"distant",8,6
"distant",17,17
"distant",22,26
"distant",30,28
"distant",2,5
"distant",23,15
"distant",23,13
"distant",28,26
"distant",20,14
"distant",49,47
"distant",8,6
"distant",21,21
"distant",25,15
"distant",1,3
"distant",45,37
"distant",38,24
"distant",1,3
"distant",43,45
"distant",1,7
"distant",34,31
"distant",51,48
"distant",1,11
"distant",51,51
"distant",7,8
"distant",28,24
"distant",4,1
"distant",8,15
"distant",44,34
"distant",27,30
"distant",27,19
"distant",11,35
"distant",15,13
"distant",43,38
"distant",6,25
"distant",5,16
"distant",39,33
"distant",25,26
"distant",6,6
"distant",17,25
"distant",21,13
"distant",3,2
"distant",19,15
"distant",16,9
"distant",3,1
"distant",1,2
"distant",2,4
"distant",2,3
"distant",20,15
"distant",50,45
"distant",50,48
"distant",10,17
"distant",2,2
"distant",17,13
"distant",41,46
"distant",48,45
"distant",12,12
"distant",29,28
"distant",19,14
"distant",39,44
"distant",48,49
"distant",22,19
"distant",13,19
"distant",35,33
"distant",29,36
"distant",39,38
"distant",20,21
"distant",50,46
"distant",50,48
"distant",1,4
"distant",2,2
"distant",41,44
"distant",6,8
"distant",33,34
"distant",8,15
"distant",12,23
"distant",22,29
"distant",46,43
"distant",22,35
"distant",16,13
"distant",44,37
"distant",47,42
"distant",23,32
"distant",20,11
"distant",26,17
"distant",49,47
"distant",18,19
"distant",46,43
"distant",25,32
"distant",6,13
"distant",4,10
"distant",5,5
"distant",24,33
"distant",43,35
"distant",2,11
"distant",47,43
"distant",5,3
"distant",1,3
"distant",29,41
"distant",45,48
"distant",9,9
"distant",28,25
"distant",19,26
"distant",11,12
"distant",3,10
"distant",4,10
"distant",14,21
"distant",50,49
"distant",5,14
"distant",24,28
"distant",40,33
"distant",8,11
"distant",5,5
"distant",1,1
"distant",48,44
"distant",22,10
"distant",18,22
"distant",42,38
"distant",5,2
"distant",44,38
"distant",3,3
"distant",9,9
"distant",51,51
"distant",47,34
"distant",7,11
"distant",13,8
"distant",2,4
"distant",11,15
"distant",14,3
"distant",51,43
"distant",27,26
"distant",24,15
"distant",32,44
"distant",7,10
"distant",25,40
"distant",15,12
"distant",48,46
"distant",15,29
"distant",42,33
"distant",40,35
"distant",15,8
"distant",40,37
"distant",11,18
"distant",17,26
"distant",51,50
"distant",26,17
"distant",51,43
"distant",26,29
"distant",35,45
"distant",38,35
"distant",51,50
"distant",17,14
"distant",46,47
"distant",44,44
"distant",49,49
"distant",51,51
"distant",30,32
"distant",46,42
"distant",3,1
"distant",8,15
"distant",10,29
"distant",34,41
"distant",35,39
"distant",13,8
"distant",44,40
"distant",4,5
"distant",10,17
"distant",3,3
"distant",46,47
"distant",11,9
"distant",36,33
"distant",18,39
"distant",48,50
"distant",21,14
"distant",35,27
"distant",8,10
"distant",6,30
"distant",2,2
"distant",15,13
"distant",50,48
"distant",35,32
"distant",14,15
"distant",44,37
"distant",39,38
"distant",47,45
"distant",50,48
"distant",6,6
"distant",15,14
"distant",43,38
"distant",51,50
"distant",42,42
"distant",49,47
"distant",51,51
"distant",17,12
"distant",24,27
"distant",13,18
"distant",12,14
"distant",51,46
"distant",46,36
"distant",51,51
"distant",3,5
"distant",6,9
"distant",40,46
"distant",10,16
"distant",20,26
"distant",5,4
"distant",51,47
"distant",39,38
"distant",28,30
"distant",49,49
"distant",9,16
"distant",35,42
"distant",7,10
"distant",47,47
"distant",50,38
"distant",5,4
"distant",51,47
"distant",30,26
"distant",28,27
"distant",27,40
"distant",4,11
"distant",45,42
"distant",45,39
"distant",47,39
"distant",37,32
"distant",9,7
"distant",8,12
"distant",22,20
"distant",14,26
"distant",28,45
"distant",35,22
"distant",29,33
"distant",2,6
"distant",4,9
"distant",18,21
"distant",14,19
"distant",30,22
"distant",9,9
"distant",8,7
"distant",34,32
"distant",29,24
"distant",28,23
"distant",49,46
"distant",2,16
"distant",37,35
"distant",10,17
"distant",44,37
"distant",51,49
"distant",29,23
"distant",45,46
"distant",15,15
"distant",27,20
"distant",14,26
"distant",48,44
"distant",42,44
"distant",5,13
"distant",5,21
"distant",2,5
"distant",25,30
"distant",51,50
"distant",28,22
"distant",30,26
"distant",47,45
"distant",11,9
"distant",40,29
"distant",29,29
"distant",22,34
"distant",49,47
"distant",35,39
"distant",2,3
"distant",2,1
"distant",40,34
"distant",10,12
"distant",2,8
"distant",12,35
"distant",5,1
"distant",30,28
"distant",49,45
"distant",12,18
"distant",21,32
"distant",48,45
"distant",15,8
"distant",30,22
"distant",48,41
"distant",11,9
"distant",12,11
"distant",41,34
"distant",17,23
"distant",14,27
"distant",27,20
"distant",4,7
"distant",6,5
"distant",19,18
"distant",30,33
"distant",18,25
"distant",7,27
"distant",3,2
"distant",5,10
"distant",6,5
"distant",35,35
"distant",51,51
"distant",20,27
"distant",8,11
"distant",26,35
"distant",8,12
"distant",7,3
"distant",51,51
"distant",47,47
"distant",50,47
"distant",14,16
"distant",47,40
"distant",6,6
"distant",11,12
"distant",39,28
"distant",51,48
"distant",50,48
"distant",51,48
"distant",38,29
"distant",15,16
"distant",42,40
"distant",15,20
"distant",26,37
"distant",29,41
"distant",4,4
"distant",44,47
"distant",8,6
"distant",51,45
"distant",6,3
"distant",25,32
"distant",22,14
"distant",50,50
"distant",5,1
"distant",49,41
"distant",34,28
"distant",7,4
"distant",26,28
"distant",28,41
"distant",20,19
"distant",35,31
"distant",34,26
"distant",34,34
"distant",41,44
"distant",27,24
"distant",16,23
"distant",1,15
"distant",15,30
"distant",8,9
"distant",28,27
"distant",29,30
"distant",39,35
"distant",46,37
"distant",38,38
"distant",20,39
"distant",23,26
"distant",44,47
"distant",13,10
"distant",23,18
"distant",50,35
"distant",38,33
"distant",5,8
"distant",43,47
"distant",51,50
"distant",2,6
"distant",17,14
"distant",8,23
"distant",11,13
"distant",27,32
"distant",33,37
"distant",51,44
"distant",42,36
"distant",38,28
"distant",10,6
"distant",12,15
"distant",41,44
"distant",31,23
"distant",12,19
"distant",8,9
"distant",47,44
"distant",9,11
"distant",13,17
"distant",12,13
"distant",43,33
"distant",14,36
"distant",32,26
"distant",4,5
"distant",26,16
"distant",50,49
"distant",43,33
"distant",39,44
"distant",29,14
"distant",51,46
"distant",21,14
"distant",26,22
"distant",42,31
"distant",41,46
"distant",7,7
"distant",50,45
"distant",45,45
"distant",25,28
"distant",51,49
"distant",1,9
"distant",47,44
"distant",12,16
"distant",28,16
"distant",33,27
"distant",5,4
"distant",45,35
"distant",29,28
"distant",9,6
"distant",36,24
"distant",13,12
"distant",44,38
"distant",46,42
"distant",25,42
"distant",36,30
"distant",2,2
"distant",2,2
"distant",42,49
"distant",13,8
"distant",18,16
"distant",10,10
"distant",51,45
"distant",46,42
"distant",7,8
"distant",8,13
"distant",17,20
"distant",29,20
"distant",9,8
"distant",16,18
"distant",47,40
"distant",3,10
"distant",34,26
"distant",32,30
"distant",41,34
"distant",42,29
"distant",19,22
"distant",19,25
"distant",18,15
"distant",33,32
"distant",3,4
"distant",49,47
"distant",10,21
"distant",6,2
"distant",23,20
"distant",8,5
"distant",10,17
"distant",16,15
"distant",27,20
"distant",37,25
"distant",14,9
"distant",44,40
"distant",15,14
"distant",9,2
"distant",7,9
"distant",35,37
"distant",50,49
"distant",32,28
"distant",50,43
"distant",40,44
"distant",10,8
"distant",3,3
"distant",19,16
"distant",33,23
"distant",8,17
"distant",7,9
"distant",25,20
"distant",34,38
"distant",47,46
"distant",18,15
"distant",33,31
"distant",9,6
"distant",33,19
"distant",21,25
"distant",10,6
"distant",3,12
"distant",19,13
"distant",3,2
"distant",45,40
"distant",44,36
"distant",47,46
"distant",15,10
"distant",12,12
"distant",39,36
"distant",3,6
"distant",2,12
"distant",44,49
"distant",49,45
"distant",37,38
"distant",13,20
"distant",31,25
"distant",42,46
"distant",9,12
"distant",50,49
"distant",4,10
"distant",28,39
"distant",19,25
"distant",19,27
"distant",11,23
"distant",18,14
"distant",4,6
"distant",12,17
"distant",13,23
"distant",7,12
"distant",13,5
"distant",14,19
"distant",16,11
"distant",48,48
"distant",36,31
"distant",1,2
"distant",4,11
"distant",7,27
"distant",46,42
"distant",51,50
"distant",8,5
"distant",33,22
"distant",17,15
"distant",36,41
"distant",51,47
"distant",6,4
"distant",8,23
"distant",49,48
"distant",39,29
"distant",40,31
"distant",40,37
"distant",10,13
"distant",13,24
"distant",20,24
"distant",36,40
"distant",36,26
"distant",50,47
"distant",38,37
"distant",24,33
"distant",35,27
"distant",31,16
"distant",24,18
"distant",51,48
"distant",4,14
"distant",3,1
"distant",40,39
"distant",37,27
"distant",42,42
"distant",29,24
"distant",3,6
"distant",28,31
"distant",27,25
"distant",33,31
"distant",43,39
"distant",27,16
"distant",13,16
"distant",35,31
"distant",47,42
"distant",45,34
"distant",3,2
"distant",3,5
"distant",50,47
"distant",29,40
"distant",49,46
"distant",10,14
"distant",51,49
"distant",31,25
"distant",41,43
"distant",41,27
"distant",49,47
"distant",25,31
"distant",17,27
"distant",21,23
"distant",15,13
"distant",51,49
"distant",37,35
"distant",11,30
"distant",17,22
"distant",34,24
"distant",1,2
"distant",23,40
"distant",13,8
"distant",5,8
"distant",16,10
"distant",26,22
"distant",32,34
"distant",48,43
"distant",32,19
"distant",41,48
"distant",39,35
"distant",27,24
"distant",13,15
"distant",9,20
"distant",44,48
"distant",50,50
"distant",35,42
"distant",19,19
"distant",18,24
"distant",36,42
"distant",51,49
"distant",50,49
"distant",25,23
"distant",7,15
"distant",51,49
"distant",2,4
"distant",31,30
"distant",34,22
"distant",32,42
"distant",25,30
"distant",51,50
"distant",44,42
"distant",43,41
"distant",8,10
"distant",31,27
"distant",47,42
"distant",50,49
"distant",10,6
"distant",6,5
"distant",11,15
"distant",35,29
"distant",2,6
"distant",50,49
"distant",16,13
"distant",8,5
"distant",50,44
"distant",1,3
"distant",26,24
"distant",12,34
"distant",30,17
"distant",5,4
"distant",50,48
"distant",45,45
"distant",11,16
"distant",21,16
"distant",25,36
"distant",42,33
"distant",22,20
"distant",24,43
"distant",8,15
"distant",3,17
"distant",20,10
"distant",23,15
"distant",51,48
"distant",49,50
"distant",12,24
"distant",30,31
"distant",27,28
"distant",13,15
"distant",24,23
"distant",34,39
"distant",30,37
"distant",20,22
"distant",46,48
"distant",43,44
"distant",42,43
"distant",36,27
"distant",34,30
"distant",1,1
"distant",36,32
"distant",5,11
"distant",5,24
"distant",24,35
"distant",5,3
"distant",17,19
"distant",20,35
"distant",45,39
"distant",3,4
"distant",22,15
"distant",39,33
"distant",23,20
"distant",36,45
"distant",21,24
"distant",27,32
"distant",44,43
"distant",28,23
"distant",16,9
"distant",1,1
"distant",51,50
"distant",39,23
"distant",41,39
"distant",12,9
"distant",16,16
"distant",38,37
"distant",11,8
"distant",46,37
"distant",2,5
"distant",16,10
"distant",51,51
"distant",33,36
"distant",27,22
"distant",5,3
"distant",1,3
"distant",19,21
"distant",48,40
"distant",3,2
"distant",30,28
"distant",10,11
"distant",29,33
"distant",3,1
"distant",44,44
"distant",24,20
"distant",13,13
"distant",11,18
"distant",2,2
"distant",51,46
"distant",5,6
"distant",22,41
"distant",15,15
"distant",11,8
"distant",49,42
"distant",19,25
"distant",4,2
"distant",50,43
"distant",4,9
"distant",14,13
"distant",34,39
"distant",49,48
"distant",5,13
"distant",2,10
"distant",50,41
"distant",5,3
"distant",51,48
"distant",43,38
"distant",6,8
"distant",39,33
"distant",40,35
"distant",10,19
"distant",6,3
"distant",20,22
"distant",34,29
"distant",23,31
"distant",20,30
"distant",12,12
"distant",28,27
"distant",44,42
"distant",33,22
"distant",38,30
"distant",28,27
"distant",25,25
"distant",9,9
"distant",49,49
"distant",40,41
"distant",7,15
"distant",49,49
"distant",28,26
"distant",7,4
"distant",3,6
"distant",3,2
"distant",30,30
"distant",10,30
"distant",6,9
"distant",13,9
"distant",28,40
"distant",23,33
"distant",2,11
"distant",7,13
"distant",31,31
"distant",38,42
"distant",17,25
"distant",51,50
"distant",24,22
"distant",25,21
"distant",4,1
"distant",7,9
"distant",18,16
"distant",43,43
"distant",49,48
"distant",1,4
"distant",49,31
"distant",17,10
"distant",7,4
"distant",12,7
"distant",27,42
"distant",49,37
"distant",33,35
"distant",16,41
"distant",13,19
"distant",8,8
"distant",17,24
"distant",32,28
"distant",7,2
"distant",7,9
"distant",50,46
"distant",3,14
"distant",6,4
"distant",32,34
"distant",21,24
"distant",35,36
"distant",47,44
"distant",49,39
"distant",3,5
"distant",2,3
"distant",14,11
"distant",29,23
"distant",1,1
"distant",37,38
"distant",19,19
"distant",37,41
"distant",5,8
"distant",29,38
"distant",49,47
"distant",48,49
"distant",25,26
"distant",29,30
"distant",4,9
"distant",14,28
"distant",20,35
"distant",26,19
"distant",30,29
"distant",3,3
"distant",2,1
"distant",44,35
"distant",35,41
"distant",15,17
"distant",19,17
"distant",42,38
"distant",51,49
"distant",44,39
"distant",28,24
"distant",25,37
"distant",5,3
"distant",34,34
"distant",42,43
"distant",11,6
"distant",10,23
"distant",9,18
"distant",17,19
"distant",4,8
"distant",1,1
"distant",3,9
"distant",3,32
"distant",30,22
"distant",2,1
"distant",19,39
"distant",36,30
"distant",12,17
"distant",50,49
"distant",34,36
"distant",41,32
"distant",28,20
"distant",22,36
"distant",44,39
"distant",20,16
"distant",34,33
"distant",9,6
"distant",31,25
"distant",13,9
"distant",17,22
"distant",4,13
"distant",9,27
"distant",29,33
"distant",50,46
"distant",1,1
"distant",36,29
"distant",14,17
"distant",46,49
"distant",5,6
"distant",36,29
"distant",45,35
"distant",12,11
"distant",48,43
"distant",41,31
"distant",5,3
"distant",16,14
"distant",47,43
"distant",14,33
"distant",41,37
"distant",19,14
"distant",4,1
"distant",47,44
"distant",32,23
"distant",8,10
"distant",14,31
"distant",42,39
"distant",12,15
"distant",47,46
"distant",15,10
"distant",12,11
"distant",7,6
"distant",41,43
"distant",10,29
"distant",49,47
"distant",29,29
"distant",17,18
"distant",12,14
"distant",23,38
"distant",6,9
"distant",4,12
"distant",15,23
"distant",37,34
"distant",25,27
"distant",31,47
"distant",6,2
"distant",33,29
"distant",49,41
"distant",30,22
"distant",42,40
"distant",35,23
"distant",39,44
"distant",25,28
"distant",46,46
"distant",23,19
"distant",31,31
"distant",51,49
"distant",49,41
"distant",1,4
"distant",27,21
"distant",11,14
"distant",20,27
"distant",11,10
"distant",15,11
"distant",5,2
"distant",38,28
"distant",37,37
"distant",24,24
"distant",46,42
"distant",27,22
"distant",1,1
"distant",2,8
"distant",6,3
"distant",48,40
"distant",44,46
"distant",22,31
"distant",21,32
"distant",25,21
"distant",13,16
"distant",3,4
"distant",9,8
"distant",7,7
"distant",28,38
"distant",1,2
"distant",50,46
"distant",6,6
"distant",30,20
"distant",3,7
"distant",33,28
"distant",3,3
"distant",25,30
"distant",10,24
"distant",2,6
"distant",40,32
"distant",45,45
"distant",7,22
"distant",16,23
"distant",33,41
"distant",16,27
"distant",30,22
"distant",21,9
"distant",37,41
"distant",21,18
"distant",32,40
"distant",22,22
"distant",34,30
"distant",22,19
"distant",38,29
"distant",42,44
"distant",1,2
"distant",17,34
"distant",22,26
"distant",38,46
"distant",3,21
"distant",20,13
"distant",22,27
"distant",51,39
"distant",8,7
"distant",12,23
"distant",32,23
"distant",39,31
"distant",38,31
"distant",34,37
"distant",14,8
"distant",48,50
"distant",28,30
"distant",43,45
"distant",36,29
"distant",48,38
"distant",11,13
"distant",3,1
"distant",29,34
"distant",35,24
"distant",33,30
"distant",39,40
"distant",25,28
"distant",12,13
"distant",1,1
"distant",36,31
"distant",24,16
"distant",6,5
"distant",4,14
"distant",7,8
"distant",42,45
"distant",33,46
"distant",41,38
"distant",34,23
"distant",2,3
"distant",48,48
"distant",39,42
"distant",2,4
"distant",27,27
"distant",51,47
"distant",13,4
"distant",45,42
"distant",10,14
"distant",10,6
"distant",45,43
"distant",17,23
"distant",26,29
"distant",26,21
"distant",25,24
"distant",23,24
"distant",11,31
"distant",27,32
"distant",6,6
"distant",49,50
"distant",5,7
"distant",38,42
"distant",32,21
"distant",49,47
"distant",23,17
"distant",33,31
"distant",37,37
"distant",15,12
"distant",13,16
"distant",21,35
"distant",3,2
"distant",19,26
"distant",4,9
"distant",14,12
"distant",2,4
"distant",9,17
"distant",28,29
"distant",11,10
"distant",51,47
"distant",30,31
"distant",4,6
"distant",14,12
"distant",30,43
"distant",51,47
"distant",24,35
"distant",16,12
"distant",51,49
"distant",51,51
"distant",1,6
"distant",22,13
"distant",28,37
"distant",51,50
"distant",49,45
"distant",14,17
"distant",9,15
"distant",33,28
"distant",51,50
"distant",6,8
"distant",6,13
"distant",50,47
"distant",6,8
"distant",48,46
"distant",41,32
"distant",5,6
"distant",33,32
"distant",48,44
"distant",37,48
"distant",51,47
"distant",6,13
"distant",16,19
"distant",7,7
"distant",16,22
"distant",5,20
"distant",6,8
"distant",49,48
"distant",28,19
"distant",22,26
"distant",47,37
"distant",13,14
"distant",51,51
"distant",43,47
"distant",48,37
"distant",14,41
"distant",14,22
"distant",23,17
"distant",20,14
"distant",48,48
"distant",44,36
"distant",7,26
"distant",37,37
"distant",34,31
"distant",27,29
"distant",6,8
"distant",3,7
"distant",14,11
"distant",38,33
"distant",46,48
"distant",5,3
"distant",9,9
"distant",51,49
"distant",44,44
"distant",48,47
"distant",45,45
"distant",23,40
"distant",40,40
"distant",45,44
"distant",24,21
"distant",19,24
"distant",35,45
"distant",51,51
"distant",44,33
"distant",25,32
"distant",28,27
"distant",51,46
"distant",11,21
"distant",50,42
"distant",8,8
"distant",47,42
"distant",29,21
"distant",37,44
"distant",49,45
"distant",1,1
"distant",1,2
"distant",4,1
"distant",15,15
"distant",17,20
"distant",49,47
"distant",27,40
"distant",5,14
"distant",43,36
"distant",46,48
"distant",22,28
"distant",14,27
"distant",25,23
"distant",39,37
"distant",40,42
"distant",1,1
"distant",21,30
"distant",7,16
"distant",47,41
"distant",38,35
"distant",1,5
"distant",18,22
"distant",43,45
"distant",11,11
"distant",25,36
"distant",43,34
"distant",34,32
"distant",51,51
"distant",13,17
"distant",4,6
"distant",34,37
"distant",19,22
"distant",14,42
"distant",24,23
"distant",7,22
"distant",16,26
"distant",48,44
"distant",40,31
"distant",3,3
"distant",50,47
"distant",29,38
"distant",3,8
"distant",17,26
"distant",25,19
"distant",50,50
"distant",40,37
"distant",22,16
"distant",41,42
"distant",6,11
"distant",9,10
"distant",31,42
"distant",26,29
"distant",11,13
"distant",41,32
"distant",6,8
"distant",3,5
"distant",51,49
"distant",1,2
"distant",41,43
"distant",4,3
"distant",47,41
"distant",22,33
"distant",32,29
"distant",33,26
"distant",28,22
"distant",44,37
"distant",1,2
"distant",21,15
"distant",29,31
"distant",44,40
"distant",48,48
"distant",22,25
"distant",16,20
"distant",6,7
"distant",5,2
"distant",49,50
"distant",14,11
"distant",45,39
"distant",36,40
"distant",4,6
"distant",12,16
"distant",6,15
"distant",10,12
"distant",5,8
"distant",4,4
"distant",35,25
"distant",40,35
"distant",35,33
"distant",1,4
"distant",13,11
"distant",9,7
"distant",11,10
"distant",21,15
"distant",25,23
"distant",34,40
"distant",1,4
"distant",47,46
"distant",13,22
"distant",14,29
"distant",43,39
"distant",29,36
"distant",49,43
"distant",4,9
"distant",32,20
"distant",43,44
"distant",3,6
"distant",19,13
"distant",39,34
"distant",25,19
"distant",50,49
"distant",48,44
"distant",11,7
"distant",20,32
"distant",40,48
"distant",19,14
"distant",18,9
"distant",4,13
"distant",3,3
"distant",49,50
"distant",48,50
"distant",12,9
"distant",41,27
"distant",32,26
"distant",13,10
"distant",47,45
"distant",42,34
"distant",4,15
"distant",30,46
"distant",39,36
"distant",47,43
"distant",43,41
"distant",16,20
"distant",35,28
"distant",30,24
"distant",50,49
"distant",15,16
"distant",51,51
"distant",46,48
"distant",20,31
"distant",27,18
"distant",16,34
"distant",14,11
"distant",19,18
"distant",13,10
"distant",51,48
"distant",49,45
"distant",41,32
"distant",45,40
"distant",5,7
"distant",44,44
"distant",25,38
"distant",36,33
"distant",5,2
"distant",14,7
"distant",5,10
"distant",3,3
"distant",27,21
"distant",12,11
"distant",32,35
"distant",40,33
"distant",11,10
"distant",31,33
"distant",11,6
"distant",32,24
"distant",1,3
"distant",14,13
"distant",40,41
"distant",23,32
"distant",17,15
"distant",38,33
"distant",24,18
"distant",51,50
"distant",48,34
"distant",28,23
"distant",2,28
"distant",8,6
"distant",7,15
"distant",51,49
"distant",38,32
"distant",30,25
"distant",5,2
"distant",31,45
"distant",12,13
"distant",23,15
"distant",1,2
"distant",2,1
"distant",43,37
"distant",44,35
"distant",48,43
"distant",27,35
"distant",28,22
"distant",51,47
"distant",25,18
"distant",4,23
"distant",9,4
"distant",1,4
"distant",13,4
"distant",44,40
"distant",8,9
"distant",15,8
"distant",35,30
"distant",44,38
"distant",50,50
"distant",36,34
"distant",18,24
"distant",51,50
"distant",48,49
"distant",9,9
"distant",5,1
"distant",36,34
"distant",44,47
"distant",43,45
"distant",48,44
"distant",42,39
"distant",30,32
"distant",46,45
"distant",47,45
"distant",27,27
"distant",7,13
"distant",18,32
"distant",20,26
"distant",17,37
"distant",37,32
"distant",33,21
"distant",46,32
"distant",36,35
"distant",7,5
"distant",24,25
"distant",18,22
"distant",5,20
"distant",35,33
"distant",5,9
"distant",14,5
"distant",19,24
"distant",46,47
"distant",47,46
"distant",32,26
"distant",14,19
"distant",24,21
"distant",6,2
"distant",43,44
"distant",9,8
"distant",14,18
"distant",43,38
"distant",15,22
"distant",36,33
"distant",33,30
"distant",40,40
"distant",19,14
"distant",24,30
"distant",9,11
"distant",46,38
"distant",12,12
"distant",21,19
"distant",26,31
"distant",30,25
"distant",18,21
"distant",8,42
"distant",44,42
"distant",20,20
"distant",18,24
"distant",50,46
"distant",16,13
"distant",1,1
"distant",10,10
"distant",31,27
"distant",25,24
"distant",36,39
"distant",44,37
"distant",10,13
"distant",3,6
"distant",41,27
"distant",21,32
"distant",20,25
"distant",3,1
"distant",12,13
"distant",51,51
"distant",21,25
"distant",19,14
"distant",37,37
"distant",8,16
"distant",34,30
"distant",4,7
"distant",7,8
"distant",7,7
"distant",48,47
"distant",8,3
"distant",24,20
"distant",18,12
"distant",26,37
"distant",3,11
"distant",2,2
"distant",49,47
"distant",19,27
"distant",38,37
"distant",50,48
"distant",49,43
"distant",13,16
"distant",9,9
"distant",23,20
"distant",30,24
"distant",40,33
"distant",20,42
"distant",51,50
"distant",41,32
"distant",1,1
"distant",43,32
"distant",9,15
"distant",41,32
"distant",50,40
"distant",27,28
"distant",41,41
"distant",8,7
"distant",51,49
"distant",48,41
"distant",22,15
"distant",6,8
"distant",24,25
"distant",20,21
"distant",21,11
"distant",12,27
"distant",15,13
"distant",47,48
"distant",36,38
"distant",50,43
"distant",12,17
"distant",4,5
"distant",34,31
"distant",51,51
"distant",16,8
"distant",3,4
"distant",28,25
"distant",25,30
"distant",3,5
"distant",26,35
"distant",11,13
"distant",51,46
"distant",36,39
"distant",30,25
"distant",15,21
"distant",19,14
"distant",49,43
"distant",2,4
"distant",27,36
"distant",43,33
"distant",27,30
"distant",1,1
"distant",13,16
"distant",16,15
"distant",29,22
"distant",16,14
"distant",26,19
"distant",51,49
"distant",13,17
"distant",22,18
"distant",24,7
"distant",21,14
"distant",40,35
"distant",48,49
"distant",22,19
"distant",51,51
"distant",49,47
"distant",6,5
"distant",17,13
"distant",44,37
"distant",1,1
"distant",13,17
"distant",23,32
"distant",16,22
"distant",13,10
"distant",24,35
"distant",5,27
"distant",8,10
"distant",37,40
"distant",37,32
"distant",51,45
"distant",4,13
"distant",29,23
"distant",38,26
"distant",4,36
"distant",1,2
"distant",9,16
"distant",41,33
"distant",10,24
"distant",25,24
"distant",49,47
"distant",5,10
"distant",1,6
"distant",13,10
"distant",13,20
"distant",8,14
"distant",1,2
"distant",3,2
"distant",28,29
"distant",17,10
"distant",13,35
"distant",36,37
"distant",2,2
"distant",51,51
"distant",8,15
"distant",27,21
"distant",12,8
"distant",32,27
"distant",51,51
"distant",41,32
"distant",16,13
"distant",6,3
"distant",3,3
"distant",12,12
"distant",1,1
"distant",41,36
"distant",15,10
"distant",10,4
"distant",48,46
"distant",26,24
"distant",37,30
"distant",28,40
"distant",20,13
"distant",4,6
"distant",2,1
"distant",12,14
"distant",42,33
"distant",15,25
"distant",36,27
"distant",10,15
"distant",36,40
"distant",49,47
"distant",6,26
"distant",19,21
"distant",6,13
"distant",47,48
"distant",51,51
"distant",12,8
"distant",21,18
"distant",12,30
"distant",7,37
"distant",23,33
"distant",51,46
"distant",49,38
"distant",27,26
"distant",46,41
"distant",19,16
"distant",18,13
"distant",34,25
"distant",37,26
"distant",34,27
"distant",46,43
"distant",32,37
"distant",42,37
"distant",28,45
"distant",1,2
"distant",38,31
"distant",21,16
"distant",16,12
"distant",5,4
"distant",23,27
"distant",44,42
"distant",15,10
"distant",17,31
"distant",39,22
"distant",47,47
"distant",15,14
"distant",11,15
"distant",15,5
"distant",42,46
"distant",8,5
"distant",2,6
"distant",24,28
"distant",1,6
"distant",22,26
"distant",51,50
"distant",1,1
"distant",24,20
"distant",41,44
"distant",48,38
"distant",1,2
"distant",17,23
"distant",42,40
"distant",26,29
"distant",50,49
"distant",22,21
"distant",50,49
"distant",36,42
"distant",17,36
"distant",17,15
"distant",24,28
"distant",7,4
"distant",34,37
"distant",4,2
"distant",5,12
"distant",50,48
"distant",45,39
"distant",11,33
"distant",8,4
"distant",49,46
"distant",26,29
"distant",29,28
"distant",9,8
"distant",21,23
"distant",42,37
"distant",43,40
"distant",47,50
"distant",23,25
"distant",3,17
"distant",9,15
"distant",40,39
"distant",2,3
"distant",9,7
"distant",2,2
"distant",11,25
"distant",15,21
"distant",36,29
"distant",37,32
"distant",16,10
"distant",13,30
"distant",13,17
"distant",39,40
"distant",4,2
"distant",32,26
"distant",14,15
"distant",23,12
"distant",2,2
"distant",30,27
"distant",17,19
"distant",51,51
"distant",8,10
"distant",32,31
"distant",40,43
"distant",4,9
"distant",46,40
"distant",20,20
"distant",11,12
"distant",43,47
"distant",36,21
"distant",4,3
"distant",43,35
"distant",50,45
"distant",8,5
"distant",2,1
"distant",38,42
"distant",24,21
"distant",35,33
"distant",12,15
"distant",21,14
"distant",43,48
"distant",34,40
"distant",31,22
"distant",17,15
"distant",42,39
"distant",44,41
"distant",24,21
"distant",37,37
"distant",20,29
"distant",31,44
"distant",42,31
"distant",12,26
"distant",8,34
"distant",35,37
"distant",44,35
"distant",30,31
"distant",25,31
"distant",22,42
"distant",51,48
"distant",25,26
"distant",46,44
"distant",34,38
"distant",7,2
"distant",46,38
"distant",8,16
"distant",33,32
"distant",25,25
"distant",30,33
"distant",28,24
"distant",7,5
"distant",19,23
"distant",8,7
"distant",2,2
"distant",44,45
"distant",20,24
"distant",26,29
"distant",24,21
"distant",9,6
"distant",20,30
"distant",3,4
"distant",8,11
"distant",29,36
"distant",11,11
"distant",3,3
"distant",51,51
"distant",13,25
"distant",18,14
"distant",29,27
"distant",2,1
"distant",10,15
"distant",23,35
"distant",37,38
"distant",18,32
"distant",50,46
"distant",51,50
"distant",22,32
"distant",4,11
"distant",6,8
"distant",18,9
"distant",50,48
"distant",38,31
"distant",24,38
"distant",18,24
"distant",50,47
"distant",25,33
"distant",35,33
"distant",46,46
"distant",41,33
"distant",50,48
"distant",4,2
"distant",49,45
"distant",22,12
"distant",20,14
"distant",37,30
"distant",7,11
"distant",40,30
"distant",8,10
"distant",36,33
"distant",5,10
"distant",42,37
"distant",22,24
"distant",27,29
"distant",18,24
"distant",25,25
"distant",11,32
"distant",14,15
"distant",2,3
"distant",11,16
"distant",44,45
"distant",49,49
"distant",50,49
"distant",21,19
"distant",23,16
"distant",13,21
"distant",34,22
"distant",17,27
"distant",30,20
"distant",5,6
"distant",35,35
"distant",35,46
"distant",18,23
"distant",1,2
"distant",49,47
"distant",25,24
"distant",45,36
"distant",1,1
"distant",3,1
"distant",32,32
"distant",2,28
"distant",23,26
"distant",37,28
"distant",13,11
"distant",15,10
"distant",17,16
"distant",7,12
"distant",1,3
"distant",44,41
"distant",49,40
"distant",51,49
"distant",44,40
"distant",19,19
"distant",27,46
"distant",36,41
"distant",17,17
"distant",21,18
"distant",23,18
"distant",44,34
"distant",40,40
"distant",41,33
"distant",51,45
"distant",18,7
"distant",4,4
"distant",28,24
"distant",32,22
"distant",34,42
"distant",11,28
"distant",45,47
"distant",1,1
"distant",48,49
"distant",36,34
"distant",16,20
"distant",23,28
"distant",3,5
"distant",11,7
"distant",24,21
"distant",23,24
"distant",23,25
"distant",16,26
"distant",27,25
"distant",6,25
"distant",12,37
"distant",2,2
"distant",3,2
"distant",29,28
"distant",19,38
"distant",44,45
"distant",29,34
"distant",10,11
"distant",41,45
"distant",48,49
"distant",1,1
"distant",33,40
"distant",17,10
"distant",15,12
"distant",4,15
"distant",45,38
"distant",38,30
"distant",35,33
"distant",27,24
"distant",49,49
"distant",11,18
"distant",42,31
"distant",3,1
"distant",41,35
"distant",21,17
"distant",23,42
"distant",16,15
"distant",26,22
"distant",3,4
"distant",9,29
"distant",40,28
"distant",39,30
"distant",31,26
"distant",50,47
"distant",15,18
"distant",26,19
"distant",10,10
"distant",51,50
"distant",21,10
"distant",22,33
"distant",9,15
"distant",37,43
"distant",25,20
"distant",15,14
"distant",51,49
"distant",5,8
"distant",7,7
"distant",2,3
"distant",28,19
"distant",1,1
"distant",2,6
"distant",1,2
"distant",18,19
"distant",3,6
"distant",33,27
"distant",50,49
"distant",42,45
"distant",43,38
"distant",35,39
"distant",2,5
"distant",2,3
"distant",9,13
"distant",8,10
"distant",18,26
"distant",50,45
"distant",13,26
"distant",4,19
"distant",22,32
"distant",33,37
"distant",21,23
"distant",29,20
"distant",20,42
"distant",23,7
"distant",27,29
"distant",40,42
"distant",42,40
"distant",6,12
"distant",33,28
"distant",35,39
"distant",35,31
"distant",13,11
"distant",30,27
"distant",1,3
"distant",35,26
"distant",2,5
"distant",1,3
"distant",2,6
"distant",7,9
"distant",34,39
"distant",34,26
"distant",23,24
"distant",51,51
"distant",51,48
"distant",6,4
"distant",27,18
"distant",11,23
"distant",51,46
"distant",34,36
"distant",18,16
"distant",50,44
"distant",38,39
"distant",32,21
"distant",51,50
"distant",26,28
"distant",49,40
"distant",9,13
"distant",23,24
"distant",47,45
"distant",20,18
"distant",1,15
"distant",3,9
"distant",43,41
"distant",45,38
"distant",48,40
"distant",51,51
"distant",14,38
"distant",1,8
"distant",51,50
"distant",43,42
"distant",5,8
"distant",29,36
"distant",48,43
"distant",14,17
"distant",7,9
"distant",15,27
"distant",17,18
"distant",44,48
"distant",40,50
"distant",41,37
"distant",26,20
"distant",8,9
"distant",31,29
"distant",3,3
"distant",16,23
"distant",28,23
"distant",21,22
"distant",2,9
"distant",51,51
"distant",40,35
"distant",51,46
"distant",6,10
"distant",6,4
"distant",14,15
"distant",45,41
"distant",41,39
"distant",17,10
"distant",13,9
"distant",37,36
"distant",32,36
"distant",41,35
"distant",43,34
"distant",5,3
"distant",38,27
"distant",22,18
"distant",51,51
"distant",29,23
"distant",47,49
"distant",42,42
"distant",36,30
"distant",30,30
"distant",51,46
"distant",47,42
"distant",3,1
"distant",46,41
"distant",19,30
"distant",15,24
"distant",11,21
"distant",6,4
"distant",48,43
"distant",46,41
"distant",26,23
"distant",11,23
"distant",41,46
"distant",50,49
"distant",33,34
"distant",21,27
"distant",6,5
"distant",51,50
"distant",13,15
"distant",51,49
"distant",39,29
"distant",19,7
"distant",18,37
"distant",19,24
"distant",1,1
"distant",46,42
"distant",29,25
"distant",4,11
"distant",49,39
"distant",37,39
"distant",50,41
"distant",39,30
"distant",44,40
"distant",25,37
"distant",39,27
"distant",44,43
"distant",43,48
"distant",42,43
"distant",20,20
"distant",39,45
"distant",26,21
"distant",37,34
"distant",47,39
"distant",12,22
"distant",3,3
"distant",29,37
"distant",43,40
"distant",24,15
"distant",19,28
"distant",15,23
"distant",48,40
"distant",35,29
"distant",3,14
"distant",29,38
"distant",30,24
"distant",18,11
"distant",48,47
"distant",27,25
"distant",49,48
"distant",50,50
"distant",29,27
"distant",21,21
"distant",32,26
"distant",4,6
"distant",26,22
"distant",51,51
"distant",39,39
"distant",41,33
"distant",44,41
"distant",46,43
"distant",30,24
"distant",50,46
"distant",13,10
"distant",13,13
"distant",44,42
"distant",50,46
"distant",34,44
"distant",50,49
"distant",2,10
"distant",48,42
"distant",33,45
"distant",51,51
"distant",4,1
"distant",3,3
"distant",18,26
"distant",29,29
"distant",25,23
"distant",43,49
"distant",22,32
"distant",20,25
"distant",17,17
"distant",49,42
"distant",22,26
"distant",49,45
"distant",14,6
"distant",2,17
"distant",47,46
"distant",42,34
"distant",37,41
"distant",38,35
"distant",36,40
"distant",9,32
"distant",29,36
"distant",43,33
"distant",27,44
"distant",39,26
"distant",34,39
"distant",6,11
"distant",51,51
"distant",50,50
"distant",49,49
"distant",1,4
"distant",37,35
"distant",50,48
"distant",17,7
"distant",13,8
"distant",39,27
"distant",43,41
"distant",40,41
"distant",6,14
"distant",7,20
"distant",45,36
"distant",2,1
"distant",51,45
"distant",26,26
"distant",34,43
"distant",11,10
"distant",8,6
"distant",47,40
"distant",27,30
"distant",48,43
"distant",18,34
"distant",51,48
"distant",50,49
"distant",30,26
"distant",19,15
"distant",32,22
"distant",1,2
"distant",29,36
"distant",15,32
"distant",44,40
"distant",26,31
"distant",18,13
"distant",36,37
"distant",42,37
"distant",11,29
"distant",17,14
"distant",48,44
"distant",15,24
"distant",23,26
"distant",46,51
"distant",46,44
"distant",34,43
"distant",22,17
"distant",27,31
"distant",7,10
"distant",43,35
"distant",20,14
"distant",7,13
"distant",20,23
"distant",36,38
"distant",34,23
"distant",2,4
"distant",38,45
"distant",14,22
"distant",12,9
"distant",25,31
"distant",19,11
"distant",43,36
"distant",19,19
"distant",47,44
"distant",3,2
"distant",47,43
"distant",46,44
"distant",6,5
"distant",23,30
"distant",2,3
"distant",7,8
"distant",49,48
"distant",6,5
"distant",22,18
"distant",6,8
"distant",45,44
"distant",14,7
"distant",50,49
"distant",42,32
"distant",31,34
"distant",19,17
"distant",31,20
"distant",35,31
"distant",14,15
"distant",15,18
"distant",4,6
"distant",15,19
"distant",33,32
"distant",5,33
"distant",5,9
"distant",18,6
"distant",37,27
"distant",33,18
"distant",4,4
"distant",6,16
"distant",40,31
"distant",51,47
"distant",51,51
"distant",47,45
"distant",29,25
"distant",22,30
"distant",39,36
"distant",26,19
"distant",40,40
"distant",18,34
"distant",21,21
"distant",34,40
"distant",18,13
"distant",20,30
"distant",16,23
"distant",8,11
"distant",51,48
"distant",7,3
"distant",19,28
"distant",2,6
"distant",30,33
"distant",51,50
"distant",37,36
"distant",45,39
"distant",47,47
"distant",7,5
"distant",50,45
"distant",49,46
"distant",49,48
"distant",50,46
"distant",1,6
"distant",7,7
"distant",49,47
"distant",47,45
"distant",51,43
"distant",30,13
"distant",2,2
"distant",1,2
"distant",2,3
"distant",34,41
"distant",47,42
"distant",22,29
"distant",6,2
"distant",4,9
"distant",17,10
"distant",43,42
"distant",27,27
"distant",9,11
"distant",34,43
"distant",22,25
"distant",32,41
"distant",14,9
"distant",42,45
"distant",42,47
"distant",37,38
"distant",46,47
"distant",34,32
"distant",11,6
"distant",4,2
"distant",44,41
"distant",31,43
"distant",12,9
"distant",51,51
"distant",48,44
"distant",11,14
"distant",51,49
"distant",27,28
"distant",9,13
"distant",31,32
"distant",13,9
"distant",51,50
"distant",3,4
"distant",8,9
"distant",5,3
"distant",44,48
"distant",17,15
"distant",39,42
"distant",19,30
"distant",18,25
"distant",5,5
"distant",47,47
"distant",32,22
"distant",39,40
"distant",7,6
"distant",51,49
"distant",20,10
"distant",44,43
"distant",14,35
"distant",51,51
"distant",8,11
"distant",51,46
"distant",32,27
"distant",5,7
"distant",34,31
"distant",38,36
"distant",23,20
"distant",38,22
"distant",12,8
"distant",22,14
"distant",12,12
"distant",51,51
"distant",4,2
"distant",14,19
"distant",21,9
"distant",16,15
"distant",39,39
"distant",23,18
"distant",40,35
"distant",3,1
"distant",44,47
"distant",33,38
"distant",22,18
"distant",39,34
"distant",28,38
"distant",12,24
"distant",43,28
"distant",37,36
"distant",51,51
"distant",21,20
"distant",49,44
"distant",10,6
"distant",30,21
"distant",3,2
"distant",11,11
"distant",21,22
"distant",51,51
"distant",6,11
"distant",27,32
"distant",16,30
"distant",44,43
"distant",9,30
"distant",30,17
"distant",32,42
"distant",36,26
"distant",30,32
"distant",15,14
"distant",21,38
"distant",4,6
"distant",46,38
"distant",47,42
"distant",25,40
"distant",14,24
"distant",6,12
"distant",8,14
"distant",35,25
"distant",51,50
"distant",36,26
"distant",14,31
"distant",5,7
"distant",28,22
"distant",5,5
"distant",43,39
"distant",15,20
"distant",39,39
"distant",27,33
"distant",10,25
"distant",3,30
"distant",20,18
"distant",11,13
"distant",49,49
"distant",5,15
"distant",18,16
"distant",29,28
"distant",26,32
"distant",38,44
"distant",23,24
"distant",20,28
"distant",36,33
"distant",42,37
"distant",4,2
"distant",9,9
"distant",19,15
"distant",32,20
"distant",39,25
"distant",2,9
"distant",29,28
"distant",29,25
"distant",51,48
"distant",28,29
"distant",15,16
"distant",2,1
"distant",14,15
"distant",36,36
"distant",30,31
"distant",25,25
"distant",17,38
"distant",38,25
"distant",29,22
"distant",10,10
"distant",21,26
"distant",51,49
"distant",31,19
"distant",50,49
"distant",5,3
"distant",47,47
"distant",39,29
"distant",4,3
"distant",42,50
"distant",37,40
"distant",49,47
"distant",46,43
"distant",1,1
"distant",9,6
"distant",8,38
"distant",3,6
"distant",38,38
"distant",17,19
"distant",22,26
"distant",7,21
"distant",36,38
"distant",44,33
"distant",1,4
"distant",42,27
"distant",4,4
"distant",25,18
"distant",5,3
"distant",2,2
"distant",22,18
"distant",2,3
"distant",9,6
"distant",17,16
"distant",34,37
"distant",30,27
"distant",40,43
"distant",7,9
"distant",25,27
"distant",31,28
"distant",17,18
"distant",13,16
"distant",38,40
"distant",31,30
"distant",28,28
"distant",30,32
"distant",45,35
"distant",2,13
"distant",7,4
"distant",21,22
"distant",49,47
"distant",19,21
"distant",25,31
"distant",48,44
"distant",33,41
"distant",47,38
"distant",14,9
"distant",25,32
"distant",8,12
"distant",5,11
"distant",22,30
"distant",21,24
"distant",15,28
"distant",3,1
"distant",24,17
"distant",27,17
"distant",4,16
"distant",29,34
"distant",35,29
"distant",5,3
"distant",28,25
"distant",36,40
"distant",3,22
"distant",9,8
"distant",8,12
"distant",25,30
"distant",49,46
"distant",17,29
"distant",28,30
"distant",27,28
"distant",13,12
"distant",3,1
"distant",40,44
"distant",20,26
"distant",18,17
"distant",36,41
"distant",17,17
"distant",12,9
"distant",19,17
"distant",45,45
"distant",48,41
"distant",9,7
"distant",11,14
"distant",22,36
"distant",48,45
"distant",14,17
"distant",18,29
"distant",13,22
"distant",5,3
"distant",35,43
"distant",5,9
"distant",5,7
"distant",23,12
"distant",51,51
"distant",9,22
"distant",43,37
"distant",37,39
"distant",42,37
"distant",51,51
"distant",31,34
"distant",37,41
"distant",46,42
"distant",15,13
"distant",15,12
"distant",13,25
"distant",48,45
"distant",19,15
"distant",51,49
"distant",24,26
"distant",21,36
"distant",40,32
"distant",38,43
"distant",28,26
"distant",10,7
"distant",5,7
"distant",47,45
"distant",35,25
"distant",29,22
"distant",50,48
"distant",11,7
"distant",1,3
"distant",17,26
"distant",37,23
"distant",32,27
"distant",46,38
"distant",9,16
"distant",49,51
"distant",35,26
"distant",51,50
"distant",39,34
"distant",14,10
"distant",19,33
"distant",43,45
"distant",4,3
"distant",1,6
"distant",9,14
"distant",39,31
"distant",14,10
"distant",27,44
"distant",35,45
"distant",36,33
"distant",45,41
"distant",6,11
"distant",6,17
"distant",33,31
"distant",38,26
"distant",1,2
"distant",48,43
"distant",24,30
"distant",48,32
"distant",1,3
"distant",51,47
"distant",33,26
"distant",12,10
"distant",3,2
"distant",32,44
"distant",51,51
"distant",37,36
"distant",7,5
"distant",11,29
"distant",12,15
"distant",7,7
"distant",6,18
"distant",22,19
"distant",31,38
"distant",18,19
"distant",14,10
"distant",31,25
"distant",33,28
"distant",49,41
"distant",15,13
"distant",9,5
"distant",51,48
"distant",6,15
"distant",49,42
"distant",18,27
"distant",48,46
"distant",29,36
"distant",45,40
"distant",18,19
"distant",32,37
"distant",51,49
"distant",34,44
"distant",10,18
"distant",35,39
"distant",49,47
"distant",18,15
"distant",15,19
"distant",51,50
"distant",18,15
"distant",15,20
"distant",51,51
"distant",36,38
"distant",45,33
"distant",35,47
"distant",29,31
"distant",13,13
"distant",44,45
"distant",1,1
"distant",51,49
"distant",25,26
"distant",51,48
"distant",27,32
"distant",3,3
"distant",26,20
"distant",18,31
"distant",6,9
"distant",23,18
"distant",1,3
"distant",37,39
"distant",16,17
"distant",20,20
"distant",48,44
"distant",2,8
"distant",49,44
"distant",21,23
"distant",6,5
"distant",50,48
"distant",45,35
"distant",50,48
"distant",20,19
"distant",21,23
"distant",40,41
"distant",14,10
"distant",20,18
"distant",7,16
"distant",4,29
"distant",1,1
"distant",16,14
"distant",51,50
"distant",15,13
"distant",51,50
"distant",17,24
"distant",5,7
"distant",3,4
"distant",4,5
"distant",18,32
"distant",40,39
"distant",51,51
"distant",27,13
"distant",26,19
"distant",8,9
"distant",48,50
"distant",51,51
"distant",12,10
"distant",32,21
"distant",21,38
"distant",14,46
"distant",36,34
"distant",3,4
"distant",36,33
"distant",47,46
"distant",40,37
"distant",3,3
"distant",49,47
"distant",12,16
"distant",1,3
"distant",40,46
"distant",49,46
"distant",29,36
"distant",41,43
"distant",51,46
"distant",5,8
"distant",51,49
"distant",32,27
"distant",35,29
"distant",46,39
"distant",42,47
"distant",51,47
"distant",2,2
"distant",46,50
"distant",13,10
"distant",1,20
"distant",15,12
"distant",36,38
"distant",39,39
"distant",41,38
"distant",9,4
"distant",8,23
"distant",41,40
"distant",27,15
"distant",42,33
"distant",51,48
"distant",12,22
"distant",6,2
"distant",41,40
"distant",47,44
"distant",48,50
"distant",1,2
"distant",32,27
"distant",40,30
"distant",46,39
"distant",10,19
"distant",46,44
"distant",51,50
"distant",26,29
"distant",27,22
"distant",38,44
"distant",3,16
"distant",1,1
"distant",6,21
"distant",46,43
"distant",40,32
"distant",1,4
"distant",51,50
"distant",48,41
"distant",15,14
"distant",11,18
"distant",13,17
"distant",27,23
"distant",33,31
"distant",5,5
"distant",22,17
"distant",8,10
"distant",23,19
"distant",16,12
"distant",31,21
"distant",11,17
"distant",9,8
"distant",5,8
"distant",4,7
"distant",29,29
"distant",22,27
"distant",9,17
"distant",6,3
"distant",36,41
"distant",42,43
"distant",27,33
"distant",51,51
"distant",21,36
"distant",7,6
"distant",10,34
"distant",31,29
"distant",33,29
"distant",14,38
"distant",24,22
"distant",2,6
"distant",51,51
"distant",18,28
"distant",4,6
"distant",51,47
"distant",39,37
"distant",26,29
"distant",22,30
"distant",34,28
"distant",33,36
"distant",4,1
"distant",46,40
"distant",22,15
"distant",16,15
"distant",4,11
"distant",21,22
"distant",32,35
"distant",44,48
"distant",44,40
"distant",29,40
"distant",9,6
"distant",40,32
"distant",49,49
"distant",44,47
"distant",14,23
"distant",12,29
"distant",29,33
"distant",31,28
"distant",36,32
"distant",36,27
"distant",51,50
"distant",29,29
"distant",32,28
"distant",2,1
"distant",42,39
"distant",4,3
"distant",5,3
"distant",2,5
"distant",36,36
"distant",28,17
"distant",28,33
"distant",49,46
"distant",38,35
"distant",21,20
"distant",12,4
"distant",29,30
"distant",27,32
"distant",30,23
"distant",2,2
"distant",6,24
"distant",17,25
"distant",3,5
"distant",20,21
"distant",36,36
"distant",34,29
"distant",45,30
"distant",31,22
"distant",33,25
"distant",37,36
"distant",45,43
"distant",8,14
"distant",1,3
"distant",19,26
"distant",34,32
"distant",42,30
"distant",36,29
"distant",14,15
"distant",35,32
"distant",45,39
"distant",43,46
"distant",44,35
"distant",8,7
"distant",51,49
"distant",14,18
"distant",19,20
"distant",49,41
"distant",35,25
"distant",51,51
"distant",15,17
"distant",37,43
"distant",43,33
"distant",5,18
"distant",8,10
"distant",14,17
"distant",8,18
"distant",43,42
"distant",43,34
"distant",46,44
"distant",2,5
"distant",50,49
"distant",25,28
"distant",3,10
"distant",50,50
"distant",3,2
"distant",6,14
"distant",9,4
"distant",36,28
"distant",29,29
"distant",14,17
"distant",26,29
"distant",22,17
"distant",35,22
"distant",3,7
"distant",13,6
"distant",41,48
"distant",35,42
"distant",51,50
"distant",44,35
"distant",16,16
"distant",35,40
"distant",6,3
"distant",33,28
"distant",29,23
"distant",42,35
"distant",18,23
"distant",42,43
"distant",25,20
"distant",21,27
"distant",51,51
"distant",32,29
"distant",10,13
"distant",7,7
"distant",15,24
"distant",39,42
"distant",40,36
"distant",8,27
"distant",9,16
"distant",29,29
"distant",51,51
"distant",3,1
"distant",45,42
"distant",5,29
"distant",19,22
"distant",37,44
"distant",18,10
"distant",26,17
"distant",8,6
"distant",17,27
"distant",51,51
"distant",21,25
"distant",21,32
"distant",25,22
"distant",5,6
"distant",41,33
"distant",18,19
"distant",48,42
"distant",44,31
"distant",14,12
"distant",40,35
"distant",19,24
"distant",24,24
"distant",3,4
"distant",21,39
"distant",44,38
"distant",30,27
"distant",9,3
"distant",51,49
"distant",26,18
"distant",11,15
"distant",37,38
"distant",6,18
"distant",24,19
"distant",51,41
"distant",33,32
"distant",14,29
"distant",2,3
"distant",4,6
"distant",8,22
"distant",51,49
"distant",51,48
"distant",50,42
"distant",38,46
"distant",3,6
"distant",50,45
"distant",2,6
"distant",16,25
"distant",18,14
"distant",43,39
"distant",43,39
"distant",36,29
"distant",9,10
"distant",42,35
"distant",1,2
"distant",19,24
"distant",37,36
"distant",50,47
"distant",51,51
"distant",35,44
"distant",31,26
"distant",7,10
"distant",51,50
"distant",12,11
"distant",12,11
"distant",49,44
"distant",18,17
"distant",51,49
"distant",45,47
"distant",51,50
"distant",22,31
"distant",24,20
"distant",10,14
"distant",35,29
"distant",12,9
"distant",7,3
"distant",16,16
"distant",34,40
"distant",5,10
"distant",33,41
"distant",35,41
"distant",16,13
"distant",24,23
"distant",22,15
"distant",11,12
"distant",29,30
"distant",34,19
"distant",8,9
"distant",11,4
"distant",39,33
"distant",7,25
"distant",48,44
"distant",6,19
"distant",13,14
"distant",30,26
"distant",13,6
"distant",13,13
"distant",50,50
"distant",25,28
"distant",5,2
"distant",51,51
"distant",48,37
"distant",43,41
"distant",47,45
"distant",28,30
"distant",28,32
"distant",47,40
"distant",45,46
"distant",50,43
"distant",20,27
"distant",19,17
"distant",8,19
"distant",10,24
"distant",12,11
"distant",32,26
"distant",24,43
"distant",50,48
"distant",51,50
"distant",9,10
"distant",46,41
"distant",41,28
"distant",49,43
"distant",37,33
"distant",50,47
"distant",33,44
"distant",43,36
"distant",5,5
"distant",14,19
"distant",33,34
"distant",44,35
"distant",49,45
"distant",51,46
"distant",32,36
"distant",38,37
"distant",21,26
"distant",3,6
"distant",4,10
"distant",10,7
"distant",1,7
"distant",1,5
"distant",40,29
"distant",51,49
"distant",9,13
"distant",39,38
"distant",49,49
"distant",19,23
"distant",6,7
"distant",45,36
"distant",13,12
"distant",42,37
"distant",45,38
"distant",45,41
"distant",27,20
"distant",2,8
"distant",38,34
"distant",15,23
"distant",1,1
"distant",48,46
"distant",43,39
"distant",51,50
"distant",38,29
"distant",48,44
"distant",15,13
"distant",33,27
"distant",40,38
"distant",8,9
"distant",30,22
"distant",2,2
"distant",8,6
"distant",48,48
"distant",31,26
"distant",47,35
"distant",46,37
"distant",51,50
"distant",4,14
"distant",4,3
"distant",45,45
"distant",10,9
"distant",2,4
"distant",28,18
"distant",49,46
"distant",16,14
"distant",9,4
"distant",32,32
"distant",14,20
"distant",16,18
"distant",48,47
"distant",5,6
"distant",51,51
"distant",37,42
"distant",39,37
"distant",49,46
"distant",4,3
"distant",47,37
"distant",16,28
"distant",17,17
"distant",18,15
"distant",1,1
"distant",11,9
"distant",8,5
"distant",40,41
"distant",44,44
"distant",5,5
"distant",43,35
"distant",16,13
"distant",51,47
"distant",4,5
"distant",9,11
"distant",50,44
"distant",18,5
"distant",43,43
"distant",3,5
"distant",34,30
"distant",14,14
"distant",33,37
"distant",45,41
"distant",23,20
"distant",37,37
"distant",46,42
"distant",45,44
"distant",36,22
"distant",4,4
"distant",34,30
"distant",1,4
"distant",33,25
"distant",1,2
"distant",15,16
"distant",1,1
"distant",47,48
"distant",50,48
"distant",47,41
"distant",8,11
"distant",13,15
"distant",47,48
"distant",3,1
"distant",25,24
"distant",31,35
"distant",14,37
"distant",49,49
"distant",47,39
"distant",26,32
"distant",24,23
"distant",36,35
"distant",10,11
"distant",18,27
"distant",5,4
"distant",23,23
"distant",51,50
"distant",48,40
"distant",41,36
"distant",4,10
"distant",50,49
"distant",49,40
"distant",20,35
"distant",10,15
"distant",7,21
"distant",4,6
"distant",50,48
"distant",51,48
"distant",10,7
"distant",35,33
"distant",19,28
"distant",23,26
"distant",44,38
"distant",34,41
"distant",19,18
"distant",37,32
"distant",37,34
"distant",44,34
"distant",26,17
"distant",17,28
"distant",43,29
"distant",19,18
"distant",10,12
"distant",21,25
"distant",25,16
"distant",47,44
"distant",34,33
"distant",6,10
"distant",22,19
"distant",4,10
"distant",39,36
"distant",11,10
"distant",26,19
"distant",13,25
"distant",4,8
"distant",50,47
"distant",12,24
"distant",6,23
"distant",51,49
"distant",14,11
"distant",29,42
"distant",18,20
"distant",28,46
"distant",33,29
"distant",29,29
"distant",11,9
"distant",1,1
"distant",13,18
"distant",40,42
"distant",10,6
"distant",32,27
"distant",11,14
"distant",6,16
"distant",43,40
"distant",5,5
"distant",49,43
"distant",31,22
"distant",24,19
"distant",35,28
"distant",18,12
"distant",4,1
"distant",16,12
"distant",11,6
"distant",8,7
"distant",9,8
"distant",14,10
"distant",1,3
"distant",36,34
"distant",51,51
"distant",13,12
"distant",48,45
"distant",49,47
"distant",16,15
"distant",3,1
"distant",21,31
"distant",21,24
"distant",8,11
"distant",37,28
"distant",9,19
"distant",51,51
"distant",2,1
"distant",23,21
"distant",21,20
"distant",47,48
"distant",47,43
"distant",51,51
"distant",51,51
"distant",8,8
"distant",34,43
"distant",17,18
"distant",3,1
"distant",17,22
"distant",51,50
"distant",31,27
"distant",44,49
"distant",34,34
"distant",7,28
"distant",19,19
"distant",12,26
"distant",25,18
"distant",47,40
"distant",46,46
"distant",16,16
"distant",25,21
"distant",39,46
"distant",5,3
"distant",31,44
"distant",9,28
"distant",6,4
"distant",10,5
"distant",6,11
"distant",46,40
"distant",1,1
"distant",12,16
"distant",20,14
"distant",4,11
"distant",26,25
"distant",14,22
"distant",13,18
"distant",29,35
"distant",25,20
"distant",2,4
"distant",18,22
"distant",8,19
"distant",45,44
"distant",32,30
"distant",38,48
"distant",14,25
"distant",26,21
"distant",32,46
"distant",26,23
"distant",12,9
"distant",8,14
"distant",44,33
"distant",6,7
"distant",10,10
"distant",1,9
"distant",34,33
"distant",4,8
"distant",6,9
"distant",51,51
"distant",23,23
"distant",12,33
"distant",20,36
"distant",23,25
"distant",10,13
"distant",11,11
"distant",42,29
"distant",23,18
"distant",19,18
"distant",12,9
"distant",3,2
"distant",16,20
"distant",16,27
"distant",3,7
"distant",47,36
"distant",51,51
"distant",38,37
"distant",10,7
"distant",29,25
"distant",51,51
"distant",4,15
"distant",14,23
"distant",24,32
"distant",19,23
"distant",50,49
"distant",18,17
"distant",46,49
"distant",9,7
"distant",51,50
"distant",21,29
"distant",51,43
"distant",31,31
"distant",15,27
"distant",5,19
"distant",20,13
"distant",30,27
"distant",2,2
"distant",28,18
"distant",36,33
"distant",11,10
"distant",3,3
"distant",40,36
"distant",23,17
"distant",31,27
"distant",36,28
"distant",48,43
"distant",51,51
"distant",45,41
"distant",24,12
"distant",42,33
"distant",48,49
"distant",4,3
"distant",36,30
"distant",25,20
"distant",25,36
"distant",9,12
"distant",47,46
"distant",32,30
"distant",39,37
"distant",50,45
"distant",42,37
"distant",3,1
"distant",49,42
"distant",45,48
"distant",16,21
"distant",10,9
"distant",46,47
"distant",43,36
"distant",50,50
"distant",19,17
"distant",17,18
"distant",16,21
"distant",10,6
"distant",17,5
"distant",29,31
"distant",3,5
"distant",41,49
"distant",1,1
"distant",32,39
"distant",23,19
"distant",5,6
"distant",16,18
"distant",7,14
"distant",48,40
"distant",30,33
"distant",10,13
"distant",30,26
"distant",39,47
"distant",10,27
"distant",14,11
"distant",42,39
"distant",46,44
"distant",10,13
"distant",22,16
"distant",9,11
"distant",13,16
"distant",23,30
"distant",30,43
"distant",21,18
"distant",2,3
"distant",26,28
"distant",4,4
"distant",22,21
"distant",7,5
"distant",48,39
"distant",35,36
"distant",2,8
"distant",37,39
"distant",14,21
"distant",31,21
"distant",43,38
"distant",43,37
"distant",29,33
"distant",31,26
"distant",9,13
"distant",7,5
"distant",35,40
"distant",1,2
"distant",24,22
"distant",39,42
"distant",3,2
"distant",5,8
"distant",29,19
"distant",16,16
"distant",20,8
"distant",2,3
"distant",49,51
"distant",30,25
"distant",9,21
"distant",50,50
"distant",51,47
"distant",25,31
"distant",1,1
"distant",26,30
"distant",41,38
"distant",41,47
"distant",30,20
"distant",32,33
"distant",1,1
"distant",7,10
"distant",25,38
"distant",36,36
"distant",3,2
"distant",19,12
"distant",19,20
"distant",20,13
"distant",48,41
"distant",31,30
"distant",1,2
"distant",32,22
"distant",25,27
"distant",13,28
"distant",51,51
"distant",26,18
"distant",48,48
"distant",51,48
"distant",3,2
"distant",3,3
"distant",24,17
"distant",17,17
"distant",1,15
"distant",21,35
"distant",6,5
"distant",45,45
"distant",33,30
"distant",18,16
"distant",29,21
"distant",18,16
"distant",6,3
"distant",47,50
"distant",8,8
"distant",21,22
"distant",18,12
"distant",20,17
"distant",47,43
"distant",32,33
"distant",24,21
"distant",28,35
"distant",12,9
"distant",2,9
"distant",1,2
"distant",9,28
"distant",46,47
"distant",48,47
"distant",50,47
"distant",51,50
"distant",26,19
"distant",3,8
"distant",13,20
"distant",13,8
"distant",9,12
"distant",25,30
"distant",9,22
"distant",2,3
"distant",51,49
"distant",43,33
"distant",40,33
"distant",5,8
"distant",17,19
"distant",24,36
"distant",9,10
"distant",38,28
"distant",44,41
"distant",24,26
"distant",50,46
"distant",35,35
"distant",22,25
"distant",33,22
"distant",28,32
"distant",39,33
"distant",17,22
"distant",40,31
"distant",9,4
"distant",9,17
"distant",35,36
"distant",39,38
"distant",8,18
"distant",38,35
"distant",9,7
"distant",7,6
"distant",27,33
"distant",11,7
"distant",28,31
"distant",46,44
"distant",33,36
"distant",37,37
"distant",50,49
"distant",27,23
"distant",20,16
"distant",30,33
"distant",11,6
"distant",37,33
"distant",8,20
"distant",5,8
"distant",50,50
"distant",47,26
"distant",10,12
"distant",51,50
"distant",16,6
"distant",9,15
"distant",41,33
"distant",29,23
"distant",25,30
"distant",47,50
"distant",46,49
"distant",40,41
"distant",32,28
"distant",3,2
"distant",49,48
"distant",14,10
"distant",51,50
"distant",51,48
"distant",50,42
"distant",47,38
"distant",41,36
"distant",7,3
"distant",12,6
"distant",49,48
"distant",7,19
"distant",51,49
"distant",49,49
"distant",39,27
"distant",27,21
"distant",23,17
"distant",25,15
"distant",22,19
"distant",42,41
"distant",12,19
"distant",28,24
"distant",13,9
"distant",9,15
"distant",34,24
"distant",9,6
"distant",6,10
"distant",46,47
"distant",9,6
"distant",49,47
"distant",46,45
"distant",41,44
"distant",3,6
"distant",6,5
"distant",6,10
"distant",37,32
"distant",5,8
"distant",47,42
"distant",15,17
"distant",3,5
"distant",26,31
"distant",38,33
"distant",1,30
"distant",29,25
"distant",31,32
"distant",46,45
"distant",17,15
"distant",37,28
"distant",8,7
"distant",10,20
"distant",4,5
"distant",27,46
"distant",45,37
"distant",49,47
"distant",51,51
"distant",13,14
"distant",32,18
"distant",26,17
"distant",36,32
"distant",25,32
"distant",1,4
"distant",16,15
"distant",23,25
"distant",17,21
"distant",31,32
"distant",44,46
"distant",51,51
"distant",14,14
"distant",51,48
"distant",50,49
"distant",47,42
"distant",43,35
"distant",40,36
"distant",38,34
"distant",14,7
"distant",37,41
"distant",9,19
"distant",7,6
"distant",42,40
"distant",2,2
"distant",41,34
"distant",7,19
"distant",50,49
"distant",47,45
"distant",38,38
"distant",6,12
"distant",2,1
"distant",10,22
"distant",4,19
"distant",2,3
"distant",31,28
"distant",48,45
"distant",7,27
"distant",12,16
"distant",50,48
"distant",38,31
"distant",14,22
"distant",23,25
"distant",18,14
"distant",9,9
"distant",10,8
"distant",31,29
"distant",2,1
"distant",18,8
"distant",51,51
"distant",22,20
"distant",6,11
"distant",36,24
"distant",31,25
"distant",37,34
"distant",8,17
"distant",49,42
"distant",51,49
"distant",46,42
"distant",43,32
"distant",27,18
"distant",49,49
"distant",1,1
"distant",26,38
"distant",42,38
"distant",36,37
"distant",32,36
"distant",23,13
"distant",50,48
"distant",29,21
"distant",17,16
"distant",43,38
"distant",20,25
"distant",44,33
"distant",51,51
"distant",47,41
"distant",7,6
"distant",17,16
"distant",37,42
"distant",9,7
"distant",7,15
"distant",49,49
"distant",24,31
"distant",42,43
"distant",51,51
"distant",23,22
"distant",26,24
"distant",27,34
"distant",16,15
"distant",18,19
"distant",51,51
"distant",1,3
"distant",10,8
"distant",7,10
"distant",47,48
"distant",33,42
"distant",7,5
"distant",3,5
"distant",34,28
"distant",50,45
"distant",36,30
"distant",51,51
"distant",28,21
"distant",11,8
"distant",6,22
"distant",30,24
"distant",10,29
"distant",28,23
"distant",45,46
"distant",33,38
"distant",8,6
"distant",26,27
"distant",29,21
"distant",15,13
"distant",50,49
"distant",14,16
"distant",18,24
"distant",18,15
"distant",46,36
"distant",7,10
"distant",20,17
"distant",14,13
"distant",21,14
"distant",15,18
"distant",32,29
"distant",31,22
"distant",48,43
"distant",29,31
"distant",7,8
"distant",36,24
"distant",45,41
"distant",18,11
"distant",27,26
"distant",30,20
"distant",30,28
"distant",14,6
"distant",28,24
"distant",34,32
"distant",6,4
"distant",4,6
"distant",50,50
"distant",5,8
"distant",39,32
"distant",50,50
"distant",51,50
"distant",9,18
"distant",18,21
"distant",4,12
"distant",11,5
"distant",38,41
"distant",51,49
"distant",25,22
"distant",34,33
"distant",21,27
"distant",51,51
"distant",5,2
"distant",30,34
"distant",15,24
"distant",11,9
"distant",10,10
"distant",43,34
"distant",2,3
"distant",38,36
"distant",3,18
"distant",48,45
"distant",47,48
"distant",30,27
"distant",50,42
"distant",10,9
"distant",47,43
"distant",24,26
"distant",30,30
"distant",3,4
"distant",10,12
"distant",11,20
"distant",31,38
"distant",32,40
"distant",22,18
"distant",47,40
"distant",34,25
"distant",20,22
"distant",22,28
"distant",7,7
"distant",51,48
"distant",1,2
"distant",25,21
"distant",45,34
"distant",10,6
"distant",29,27
"distant",33,35
"distant",8,9
"distant",9,13
"distant",20,14
"distant",47,38
"distant",7,5
"distant",38,49
"distant",32,27
"distant",18,20
"distant",2,1
"distant",43,40
"distant",47,37
"distant",31,23
"distant",27,38
"distant",45,43
"distant",6,8
"distant",34,37
"distant",3,6
"distant",25,22
"distant",1,23
"distant",46,34
"distant",36,31
"distant",50,50
"distant",37,42
"distant",33,42
"distant",24,17
"distant",4,4
"distant",51,48
"distant",36,32
"distant",41,47
"distant",5,6
"distant",2,2
"distant",30,23
"distant",51,47
"distant",31,30
"distant",30,23
"distant",8,10
"distant",48,45
"distant",5,6
"distant",50,49
"distant",1,1
"distant",18,22
"distant",21,18
"distant",5,10
"distant",50,50
"distant",30,29
"distant",10,7
"distant",51,47
"distant",6,7
"distant",31,26
"distant",2,5
"distant",10,7
"distant",2,7
"distant",9,17
"distant",25,20
"distant",51,45
"distant",27,31
"distant",40,37
"distant",22,33
"distant",31,24
"distant",15,20
"distant",15,7
"distant",15,15
"distant",44,46
"distant",42,45
"distant",6,2
"distant",32,29
"distant",47,47
"distant",9,43
"distant",10,16
"distant",51,42
"distant",25,25
"distant",42,39
"distant",31,43
"distant",30,16
"distant",51,51
"distant",29,27
"distant",47,37
"distant",6,5
"distant",40,30
"distant",20,15
"distant",8,16
"distant",32,32
"distant",31,43
"distant",25,20
"distant",18,16
"distant",18,15
"distant",41,34
"distant",45,46
"distant",13,9
"distant",2,5
"distant",26,19
"distant",23,17
"distant",50,45
"distant",19,17
"distant",51,43
"distant",34,29
"distant",43,41
"distant",33,40
"distant",20,12
"distant",15,22
"distant",14,12
"distant",8,9
"distant",9,7
"distant",4,8
"distant",42,40
"distant",33,30
"distant",38,34
"distant",24,26
"distant",25,18
"distant",6,12
"distant",8,4
"distant",26,43
"distant",36,31
"distant",21,36
"distant",39,37
"distant",48,45
"distant",51,51
"distant",51,50
"distant",4,6
"distant",41,37
"distant",30,24
"distant",28,36
"distant",16,27
"distant",31,24
"distant",7,12
"distant",7,21
"distant",42,35
"distant",12,13
"distant",27,30
"distant",1,1
"distant",11,20
"distant",33,26
"distant",29,22
"distant",36,31
"distant",4,7
"distant",49,47
"distant",20,30
"distant",35,32
"distant",45,45
"distant",23,18
"distant",10,8
"distant",33,29
"distant",10,13
"distant",40,20
"distant",10,7
"distant",9,6
"distant",15,18
"distant",33,27
"distant",21,22
"distant",19,14
"distant",20,10
"distant",51,43
"distant",14,17
"distant",3,1
"distant",29,25
"distant",26,41
"distant",27,18
"distant",51,51
"distant",19,25
"distant",32,24
"distant",13,24
"distant",8,15
"distant",29,33
"distant",51,51
"distant",46,44
"distant",51,45
"distant",22,16
"distant",10,11
"distant",3,19
"distant",30,16
"distant",5,6
"distant",25,34
"distant",13,7
"distant",3,2
"distant",6,3
"distant",28,37
"distant",30,39
"distant",51,50
"distant",34,31
"distant",41,41
"distant",44,29
"distant",10,13
"distant",5,19
"distant",4,6
"distant",38,28
"distant",46,45
"distant",31,29
"distant",13,8
"distant",2,2
"distant",10,9
"distant",3,1
"distant",48,44
"distant",44,45
"distant",15,10
"distant",33,35
"distant",1,5
"distant",1,1
"distant",6,6
"distant",51,51
"distant",42,44
"distant",41,41
"distant",29,35
"distant",36,36
"distant",8,6
"distant",40,46
"distant",30,42
"distant",4,12
"distant",41,38
"distant",49,49
"distant",48,38
"distant",28,38
"distant",11,8
"distant",5,3
"distant",48,40
"distant",41,30
"distant",3,1
"distant",40,33
"distant",26,42
"distant",10,20
"distant",33,30
"distant",34,32
"distant",21,18
"distant",28,21
"distant",5,10
"distant",31,22
"distant",49,40
"distant",51,51
"distant",19,14
"distant",30,24
"distant",43,48
"distant",22,17
"distant",20,12
"distant",23,19
"distant",32,32
"distant",50,50
"distant",20,18
"distant",12,17
"distant",41,41
"distant",7,12
"distant",31,18
"distant",50,49
"distant",12,34
"distant",22,33
"distant",43,35
"distant",20,13
"distant",3,2
"distant",50,48
"distant",5,3
"distant",51,51
"distant",44,34
"distant",24,22
"distant",18,34
"distant",51,49
"distant",41,46
"distant",17,23
"distant",42,34
"distant",30,23
"distant",10,14
"distant",41,42
"distant",4,5
"distant",38,25
"distant",48,40
"distant",1,1
"distant",48,39
"distant",45,42
"distant",34,38
"distant",15,16
"distant",22,34
"distant",48,51
"distant",49,42
"distant",30,46
"distant",22,20
"distant",38,33
"distant",16,13
"distant",44,50
"distant",6,20
"distant",26,21
"distant",51,51
"distant",10,11
"distant",50,51
"distant",32,22
"distant",37,35
"distant",20,14
"distant",48,42
"distant",7,15
"distant",50,46
"distant",20,19
"distant",1,1
"distant",25,28
"distant",50,49
"distant",29,25
"distant",39,23
"distant",27,26
"distant",47,44
"distant",6,7
"distant",35,35
"distant",7,17
"distant",27,28
"distant",39,39
"distant",6,3
"distant",33,34
"distant",8,12
"distant",35,29
"distant",26,26
"distant",46,45
"distant",36,38
"distant",41,39
"distant",33,19
"distant",39,38
"distant",23,25
"distant",22,20
"distant",21,14
"distant",1,3
"distant",3,1
"distant",30,32
"distant",8,8
"distant",35,26
"distant",32,29
"distant",51,43
"distant",24,25
"distant",36,33
"distant",43,49
"distant",14,10
"distant",24,26
"distant",49,49
"distant",50,50
"distant",37,41
"distant",50,45
"distant",39,37
"distant",29,26
"distant",5,4
"distant",46,47
"distant",31,30
"distant",4,4
"distant",49,50
"distant",49,47
"distant",13,16
"distant",11,7
"distant",12,9
"distant",47,41
"distant",36,32
"distant",44,41
"distant",38,21
"distant",3,9
"distant",48,48
"distant",23,20
"distant",43,32
"distant",49,48
"distant",16,15
"distant",38,26
"distant",16,13
"distant",15,16
"distant",11,5
"distant",38,30
"distant",11,18
"distant",30,19
"distant",49,48
"distant",1,1
"distant",15,7
"distant",1,3
"distant",2,6
"distant",18,14
"distant",2,3
"distant",1,1
"distant",44,39
"distant",51,51
"distant",21,13
"distant",48,47
"distant",14,14
"distant",51,50
"distant",33,35
"distant",47,45
"distant",27,37
"distant",26,42
"distant",50,46
"distant",31,19
"distant",15,23
"distant",30,37
"distant",12,25
"distant",37,36
"distant",51,50
"distant",5,1
"distant",38,37
"distant",5,5
"distant",47,41
"distant",45,41
"distant",15,13
"distant",10,6
"distant",32,42
"distant",18,13
"distant",3,9
"distant",18,20
"distant",4,4
"distant",26,33
"distant",18,11
"distant",41,46
"distant",44,35
"distant",8,6
"distant",11,17
"distant",38,37
"distant",19,13
"distant",2,2
"distant",35,21
"distant",9,19
"distant",31,27
"distant",31,32
"distant",51,51
"distant",51,50
"distant",4,4
"distant",40,43
"distant",14,12
"distant",5,17
"distant",25,37
"distant",7,16
"distant",3,7
"distant",4,2
"distant",3,3
"distant",2,2
"distant",17,12
"distant",43,37
"distant",51,50
"distant",1,1
"distant",49,37
"distant",16,21
"distant",31,35
"distant",49,43
"distant",3,8
"distant",28,23
"distant",51,50
"distant",5,5
"distant",29,26
"distant",51,50
"distant",43,45
"distant",26,28
"distant",12,18
"distant",17,33
"distant",11,5
"distant",26,19
"distant",43,33
"distant",42,36
"distant",12,13
"distant",24,22
"distant",26,24
"distant",34,29
"distant",12,18
"distant",48,45
"distant",1,2
"distant",5,6
"distant",11,9
"distant",21,14
"distant",3,9
"distant",46,45
"distant",44,37
"distant",35,28
"distant",25,36
"distant",17,14
"distant",12,8
"distant",5,4
"distant",42,39
"distant",26,14
"distant",31,22
"distant",51,50
"distant",34,34
"distant",49,42
"distant",20,25
"distant",32,31
"distant",1,1
"distant",20,33
"distant",51,49
"distant",25,26
"distant",48,42
"distant",5,5
"distant",3,1
"distant",42,40
"distant",15,17
"distant",47,43
"distant",35,29
"distant",13,9
"distant",27,22
"distant",39,34
"distant",9,12
"distant",51,51
"distant",3,6
"distant",25,25
"distant",2,4
"distant",38,43
"distant",43,45
"distant",22,34
"distant",14,13
"distant",5,4
"distant",40,34
"distant",16,18
"distant",2,2
"distant",13,7
"distant",45,45
"distant",47,42
"distant",26,13
"distant",8,11
"distant",35,42
"distant",12,11
"distant",38,35
"distant",10,12
"distant",7,17
"distant",4,4
"distant",5,4
"distant",37,32
"distant",49,47
"distant",1,1
"distant",51,45
"distant",23,22
"distant",40,46
"distant",48,32
"distant",39,32
"distant",25,21
"distant",3,20
"distant",28,23
"distant",8,8
"distant",48,47
"distant",39,24
"distant",34,38
"distant",6,2
"distant",3,1
"distant",44,41
"distant",8,26
"distant",36,31
"distant",34,27
"distant",49,40
"distant",1,3
"distant",25,27
"distant",42,37
"distant",50,42
"distant",41,36
"distant",21,20
"distant",15,9
"distant",34,26
"distant",49,40
"distant",34,31
"distant",1,1
"distant",51,50
"distant",38,36
"distant",12,11
"distant",24,28
"distant",47,45
"distant",16,13
"distant",14,19
"distant",36,31
"distant",41,39
"distant",27,20
"distant",3,2
"distant",40,41
"distant",40,33
"distant",21,33
"distant",48,46
"distant",8,20
"distant",4,6
"distant",49,42
"distant",10,6
"distant",16,22
"distant",38,35
"distant",40,19
"distant",7,5
"distant",27,24
"distant",45,47
"distant",13,25
"distant",5,15
"distant",28,20
"distant",51,49
"distant",35,33
"distant",51,51
"distant",47,41
"distant",14,14
"distant",29,32
"distant",2,12
"distant",2,2
"distant",4,3
"distant",22,26
"distant",5,2
"distant",9,7
"distant",6,7
"distant",7,8
"distant",4,12
"distant",28,39
"distant",9,5
"distant",11,7
"distant",9,11
"distant",8,11
"distant",2,1
"distant",10,9
"distant",38,31
"distant",38,38
"distant",30,29
"distant",19,30
"distant",13,18
"distant",20,17
"distant",17,25
"distant",8,7
"distant",15,13
"distant",48,43
"distant",9,13
"distant",20,14
"distant",23,19
"distant",13,10
"distant",49,44
"distant",24,29
"distant",34,36
"distant",50,51
"distant",25,25
"distant",33,18
"distant",42,47
"distant",51,51
"distant",6,14
"distant",31,31
"distant",32,29
"distant",44,35
"distant",15,24
"distant",15,18
"distant",42,41
"distant",10,10
"distant",5,5
"distant",24,13
"distant",51,50
"distant",50,43
"distant",31,22
"distant",51,51
"distant",14,17
"distant",4,16
"distant",6,4
"distant",27,21
"distant",31,23
"distant",50,46
"distant",17,15
"distant",17,12
"distant",17,20
"distant",26,22
"distant",35,27
"distant",4,6
"distant",51,51
"distant",5,8
"distant",41,40
"distant",51,50
"distant",45,44
"distant",6,4
"distant",7,27
"distant",35,33
"distant",14,12
"distant",38,45
"distant",20,19
"distant",26,18
"distant",31,28
"distant",41,36
"distant",1,2
"distant",41,39
"distant",13,21
"distant",39,42
"distant",50,49
"distant",1,1
"distant",7,7
"distant",29,33
"distant",44,41
"distant",10,10
"distant",10,27
"distant",4,19
"distant",8,5
"distant",44,40
"distant",25,40
"distant",13,9
"distant",47,45
"distant",51,51
"distant",34,40
"distant",2,3
"distant",42,32
"distant",14,25
"distant",27,19
"distant",30,19
"distant",50,48
"distant",22,18
"distant",6,5
"distant",47,44
"distant",18,16
"distant",19,19
"distant",22,20
"distant",12,23
"distant",1,2
"distant",46,33
"distant",47,41
"distant",51,48
"distant",19,15
"distant",10,16
"distant",35,23
"distant",27,15
"distant",1,7
"distant",4,2
"distant",51,49
"distant",8,15
"distant",49,47
"distant",46,37
"distant",41,36
"distant",45,34
"distant",19,24
"distant",1,1
"distant",38,40
"distant",34,27
"distant",8,11
"distant",49,45
"distant",50,47
"distant",9,8
"distant",46,39
"distant",51,48
"distant",17,20
"distant",51,51
"distant",14,17
"distant",4,10
"distant",46,45
"distant",29,39
"distant",1,5
"distant",47,45
"distant",32,30
"distant",42,36
"distant",12,18
"distant",30,32
"distant",21,18
"distant",15,12
"distant",29,14
"distant",17,23
"distant",49,43
"distant",5,8
"distant",11,18
"distant",10,20
"distant",5,10
"distant",15,6
"distant",51,49
"distant",3,4
"distant",9,12
"distant",48,42
"distant",30,30
"distant",12,9
"distant",4,2
"distant",11,7
"distant",9,12
"distant",1,1
"distant",11,28
"distant",12,17
"distant",27,26
"distant",33,32
"distant",5,2
"distant",21,21
"distant",18,15
"distant",16,13
"distant",48,44
"distant",39,22
"distant",42,45
"distant",8,9
"distant",10,2
"distant",41,36
"distant",16,16
"distant",40,31
"distant",44,46
"distant",8,7
"distant",8,6
"distant",46,36
"distant",38,26
"distant",1,2
"distant",51,49
"distant",46,44
"distant",33,40
"distant",13,30
"distant",25,16
"distant",40,31
"distant",48,43
"distant",42,42
"distant",47,45
"distant",41,44
"distant",1,8
"distant",31,25
"distant",33,23
"distant",20,30
"distant",50,45
"distant",6,4
"distant",41,36
"distant",25,21
"distant",15,7
"distant",26,38
"distant",45,46
"distant",21,26
"distant",8,6
"distant",17,15
"distant",1,9
"distant",7,13
"distant",4,6
"distant",38,28
"distant",8,4
"distant",19,17
"distant",4,3
"distant",19,15
"distant",9,8
"distant",5,3
"distant",13,15
"distant",31,42
"distant",6,5
"distant",21,21
"distant",41,36
"distant",1,1
"distant",34,32
"distant",24,18
"distant",1,2
"distant",7,11
"distant",13,13
"distant",45,48
"distant",33,33
"distant",48,48
"distant",50,46
"distant",1,1
"distant",15,10
"distant",8,16
"distant",44,40
"distant",4,1
"distant",22,15
"distant",15,18
"distant",3,2
"distant",30,27
"distant",30,31
"distant",39,43
"distant",41,41
"distant",3,4
"distant",29,26
"distant",47,34
"distant",44,45
"distant",51,51
"distant",9,7
"distant",1,4
"distant",41,30
"distant",42,38
"distant",44,41
"distant",15,23
"distant",51,51
"distant",48,48
"distant",16,15
"distant",28,20
"distant",7,7
"distant",14,20
"distant",13,17
"distant",30,29
"distant",38,25
"distant",7,5
"distant",13,17
"distant",10,12
"distant",34,26
"distant",17,20
"distant",9,9
"distant",41,36
"distant",18,14
"distant",49,41
"distant",23,25
"distant",3,6
"distant",7,12
"distant",10,4
"distant",13,35
"distant",12,8
"distant",36,40
"distant",23,33
"distant",37,33
"distant",45,40
"distant",45,45
"distant",4,4
"distant",25,23
"distant",24,24
"distant",38,41
"distant",12,10
"distant",17,12
"distant",29,19
"distant",44,44
"distant",34,31
"distant",33,25
"distant",43,45
"distant",40,31
"distant",21,13
"distant",28,38
"distant",14,15
"distant",28,34
"distant",16,13
"distant",3,3
"distant",7,9
"distant",8,13
"distant",50,50
"distant",40,35
"distant",50,49
"distant",14,17
"distant",51,50
"distant",44,47
"distant",16,34
"distant",25,32
"distant",31,20
"distant",41,38
"distant",51,51
"distant",20,18
"distant",15,20
"distant",31,22
"distant",2,8
"distant",35,40
"distant",40,39
"distant",28,35
"distant",40,42
"distant",20,28
"distant",31,31
"distant",4,17
"distant",2,2
"distant",17,29
"distant",10,8
"distant",20,9
"distant",35,30
"distant",40,43
"distant",24,32
"distant",49,40
"distant",39,34
"distant",36,27
"distant",1,10
"distant",4,3
"distant",46,32
"distant",36,33
"distant",4,6
"distant",1,3
"distant",26,23
"distant",38,44
"distant",38,39
"distant",15,11
"distant",28,27
"distant",48,42
"distant",49,47
"distant",25,17
"distant",46,36
"distant",48,44
"distant",30,27
"distant",11,9
"distant",47,44
"distant",10,14
"distant",18,12
"distant",46,46
"distant",5,8
"distant",37,42
"distant",34,39
"distant",44,42
"distant",11,9
"distant",37,34
"distant",8,11
"distant",2,1
"distant",11,14
"distant",7,9
"distant",1,1
"distant",51,47
"distant",15,12
"distant",50,45
"distant",51,46
"distant",49,46
"distant",48,43
"distant",41,45
"distant",39,36
"distant",7,11
"distant",43,42
"distant",3,2
"distant",12,12
"distant",5,9
"distant",8,4
"distant",13,12
"distant",4,3
"distant",29,27
"distant",15,8
"distant",18,15
"distant",4,5
"distant",27,21
"distant",2,1
"distant",24,42
"distant",13,21
"distant",14,8
"distant",15,8
"distant",5,13
"distant",27,25
"distant",1,2
"distant",1,3
"distant",50,47
"distant",1,4
"distant",51,48
"distant",17,23
"distant",45,43
"distant",34,34
"distant",26,41
"distant",34,26
"distant",8,9
"distant",47,46
"distant",20,42
"distant",25,16
"distant",22,18
"distant",1,1
"distant",33,41
"distant",29,23
"distant",13,31
"distant",19,23
"distant",19,36
"distant",29,25
"distant",33,26
"distant",7,19
"distant",1,3
"distant",51,51
"distant",38,36
"distant",7,14
"distant",42,44
"distant",3,4
"distant",37,23
"distant",7,7
"distant",4,6
"distant",1,17
"distant",50,49
"distant",43,47
"distant",13,11
"distant",19,22
"distant",39,32
"distant",40,45
"distant",17,13
"distant",43,35
"distant",2,9
"distant",46,44
"distant",15,10
"distant",27,34
"distant",9,7
"distant",32,25
"distant",35,34
"distant",40,40
"distant",44,36
"distant",34,33
"distant",27,38
"distant",12,9
"distant",13,15
"distant",24,25
"distant",42,47
"distant",21,24
"distant",3,2
"distant",3,2
"distant",49,48
"distant",22,14
"distant",38,24
"distant",19,17
"distant",25,23
"distant",19,37
"distant",1,31
"distant",39,37
"distant",25,28
"distant",18,21
"distant",51,45
"distant",13,15
"distant",7,2
"distant",1,7
"distant",42,41
"distant",10,7
"distant",23,27
"distant",36,32
"distant",43,40
"distant",24,20
"distant",41,30
"distant",50,45
"distant",12,20
"distant",42,40
"distant",50,50
"distant",31,33
"distant",2,7
"distant",9,5
"distant",17,11
"distant",48,42
"distant",48,45
"distant",5,6
"distant",31,38
"distant",25,35
"distant",11,11
"distant",38,24
"distant",21,33
"distant",49,49
"distant",45,44
"distant",11,13
"distant",36,32
"distant",49,44
"distant",3,17
"distant",39,33
"distant",48,40
"distant",7,9
"distant",35,30
"distant",21,25
"distant",44,39
"distant",12,26
"distant",36,30
"distant",18,15
"distant",16,12
"distant",18,15
"distant",2,2
"distant",12,8
"distant",7,18
"distant",9,7
"distant",28,35
"distant",8,15
"distant",14,31
"distant",41,40
"distant",16,31
"distant",20,15
"distant",50,47
"distant",44,37
"distant",51,49
"distant",2,3
"distant",1,1
"distant",9,29
"distant",47,41
"distant",45,46
"distant",34,35
"distant",46,39
"distant",25,24
"distant",20,33
"distant",2,2
"distant",37,40
"distant",45,42
"distant",7,23
"distant",34,35
"distant",24,21
"distant",8,20
"distant",16,11
"distant",51,48
"distant",39,38
"distant",34,43
"distant",24,17
"distant",51,46
"distant",6,9
"distant",49,44
"distant",50,46
"distant",50,48
"distant",33,27
"distant",34,43
"distant",47,37
"distant",7,3
"distant",42,34
"distant",2,4
"distant",14,16
"distant",6,18
"distant",24,25
"distant",35,29
"distant",13,8
"distant",20,18
"distant",4,3
"distant",3,3
"distant",17,17
"distant",27,18
"distant",27,31
"distant",48,48
"distant",31,34
"distant",3,6
"distant",28,30
"distant",20,19
"distant",15,25
"distant",50,51
"distant",7,11
"distant",5,4
"distant",12,10
"distant",34,36
"distant",39,31
"distant",24,20
"distant",51,50
"distant",34,30
"distant",41,38
"distant",40,46
"distant",18,15
"distant",23,14
"distant",18,12
"distant",24,17
"distant",47,43
"distant",12,11
"distant",48,47
"distant",50,45
"distant",30,24
"distant",5,12
"distant",25,33
"distant",47,40
"distant",9,17
"distant",3,1
"distant",5,6
"distant",2,3
"distant",45,38
"distant",4,9
"distant",36,33
"distant",44,36
"distant",39,40
"distant",1,4
"distant",27,20
"distant",32,37
"distant",2,2
"distant",34,30
"distant",25,39
"distant",46,41
"distant",51,50
"distant",48,42
"distant",50,48
"distant",9,22
"distant",27,23
"distant",15,27
"distant",50,44
"distant",34,35
"distant",39,37
"distant",20,30
"distant",40,41
"distant",29,24
"distant",37,32
"distant",49,46
"distant",15,29
"distant",33,26
"distant",10,13
"distant",21,27
"distant",50,40
"distant",41,42
"distant",25,21
"distant",51,51
"distant",44,38
"distant",19,24
"distant",16,16
"distant",7,22
"distant",32,27
"distant",9,16
"distant",32,28
"distant",32,35
"distant",15,19
"distant",24,30
"distant",9,5
"distant",42,40
"distant",7,6
"distant",31,42
"distant",51,49
"distant",27,23
"distant",12,9
"distant",31,36
"distant",27,25
"distant",26,32
"distant",11,18
"distant",2,3
"distant",5,13
"distant",7,5
"distant",51,43
"distant",24,33
"distant",5,31
"distant",32,33
"distant",16,9
"distant",35,30
"distant",41,38
"distant",45,37
"distant",30,20
"distant",16,6
"distant",34,24
"distant",20,25
"distant",16,11
"distant",5,14
"distant",27,35
"distant",9,6
"distant",19,22
"distant",17,19
"distant",46,47
"distant",5,7
"distant",47,47
"distant",47,46
"distant",14,13
"distant",13,11
"distant",1,2
"distant",51,48
"distant",7,14
"distant",27,22
"distant",39,34
"distant",7,30
"distant",42,45
"distant",22,18
"distant",26,15
"distant",37,48
"distant",49,48
"distant",2,7
"distant",26,32
"distant",22,14
"distant",9,5
"distant",34,42
"distant",46,44
"distant",2,7
"distant",15,18
"distant",16,26
"distant",21,29
"distant",44,47
"distant",11,14
"distant",38,38
"distant",2,6
"distant",21,23
"distant",41,33
"distant",16,20
"distant",21,13
"distant",34,26
"distant",11,12
"distant",12,25
"distant",43,38
"distant",36,31
"distant",44,39
"distant",17,14
"distant",3,3
"distant",50,44
"distant",36,39
"distant",40,31
"distant",6,7
"distant",2,1
"distant",30,31
"distant",36,35
"distant",5,11
"distant",1,1
"distant",25,21
"distant",24,31
"distant",2,1
"distant",26,25
"distant",1,2
"distant",34,38
"distant",18,25
"distant",48,44
"distant",21,26
"distant",13,28
"distant",13,12
"distant",36,49
"distant",10,37
"distant",6,6
"distant",22,16
"distant",13,8
"distant",24,20
"distant",48,46
"distant",22,17
"distant",1,2
"distant",37,34
"distant",33,35
"distant",51,51
"distant",7,7
"distant",12,13
"distant",51,51
"distant",19,18
"distant",8,26
"distant",42,45
"distant",51,46
"distant",4,5
"distant",47,41
"distant",45,40
"distant",25,42
"distant",51,51
"distant",3,3
"distant",49,48
"distant",23,26
"distant",23,21
"distant",13,9
"distant",36,28
"distant",46,43
"distant",12,8
"distant",14,11
"distant",31,43
"distant",49,44
"distant",24,16
"distant",26,25
"distant",41,35
"distant",13,22
"distant",26,20
"distant",13,15
"distant",48,48
"distant",27,41
"distant",37,34
"distant",5,5
"distant",32,32
"distant",51,50
"distant",7,10
"distant",28,25
"distant",22,17
"distant",15,27
"distant",12,9
"distant",36,41
"distant",7,10
"distant",15,5
"distant",28,28
"distant",5,5
"distant",50,40
"distant",17,22
"distant",38,42
"distant",45,45
"distant",20,36
"distant",44,39
"distant",46,36
"distant",14,23
"distant",36,35
"distant",11,3
"distant",38,33
"distant",13,9
"distant",50,44
"distant",4,4
"distant",1,3
"distant",1,9
"distant",10,17
"distant",48,45
"distant",45,39
"distant",34,33
"distant",44,43
"distant",38,25
"distant",32,38
"distant",39,33
"distant",12,16
"distant",22,21
"distant",22,19
"distant",2,2
"distant",15,12
"distant",1,1
"distant",34,45
"distant",33,47
"distant",2,4
"distant",16,19
"distant",42,41
"distant",50,48
"distant",49,45
"distant",44,38
"distant",21,36
"distant",25,10
"distant",46,46
"distant",32,38
"distant",44,36
"distant",1,1
"distant",43,41
"distant",38,43
"distant",5,5
"distant",25,18
"distant",7,9
"distant",46,44
"distant",48,50
"distant",49,49
"distant",1,1
"distant",1,11
"distant",35,45
"distant",7,8
"distant",50,45
"distant",9,7
"distant",3,12
"distant",5,5
"distant",46,47
"distant",11,8
"distant",14,12
"distant",25,25
"distant",27,20
"distant",49,47
"distant",46,46
"distant",46,36
"distant",18,39
"distant",33,21
"distant",42,47
"distant",31,24
"distant",31,21
"distant",1,1
"distant",8,26
"distant",28,20
"distant",32,31
"distant",33,38
"distant",48,48
"distant",39,32
"distant",22,11
"distant",8,12
"distant",27,18
"distant",48,46
"distant",2,3
"distant",18,13
"distant",33,31
"distant",7,20
"distant",27,17
"distant",28,34
"distant",30,28
"distant",41,34
"distant",7,3
"distant",40,36
"distant",40,43
"distant",32,29
"distant",5,7
"distant",34,30
"distant",19,28
"distant",40,31
"distant",8,12
"distant",15,29
"distant",30,38
"distant",13,12
"distant",49,45
"distant",31,28
"distant",45,38
"distant",20,17
"distant",22,15
"distant",41,25
"distant",25,31
"distant",14,14
"distant",24,14
"distant",51,48
"distant",45,47
"distant",26,24
"distant",26,19
"distant",51,50
"distant",45,33
"distant",49,47
"distant",22,28
"distant",22,21
"distant",1,4
"distant",19,21
"distant",6,4
"distant",46,42
"distant",7,11
"distant",40,35
"distant",9,19
"distant",49,49
"distant",22,33
"distant",11,4
"distant",12,4
"distant",42,37
"distant",21,15
"distant",36,43
"distant",28,31
"distant",41,47
"distant",37,49
"distant",7,5
"distant",51,48
"distant",48,50
"distant",1,3
"distant",27,15
"distant",28,25
"distant",11,14
"distant",25,26
"distant",4,3
"distant",51,49
"distant",34,23
"distant",32,33
"distant",41,25
"distant",27,13
"distant",20,13
"distant",20,20
"distant",51,51
"distant",39,27
"distant",25,20
"distant",34,31
"distant",32,28
"distant",46,42
"distant",48,43
"distant",20,36
"distant",49,44
"distant",9,9
"distant",1,1
"distant",26,28
"distant",9,11
"distant",40,39
"distant",1,2
"distant",24,29
"distant",45,45
"distant",50,46
"distant",9,12
"distant",38,47
"distant",14,12
"distant",39,45
"distant",51,50
"distant",33,47
"distant",4,5
"distant",33,21
"distant",6,24
"distant",29,23
"distant",30,26
"distant",26,34
"distant",12,19
"distant",34,27
"distant",24,26
"distant",37,42
"distant",33,25
"distant",35,34
"distant",6,3
"distant",41,37
"distant",17,17
"distant",40,30
"distant",20,19
"distant",5,10
"distant",27,19
"distant",16,6
"distant",34,41
"distant",27,29
"distant",16,36
"distant",20,18
"distant",3,7
"distant",13,8
"distant",37,27
"distant",18,15
"distant",50,48
"distant",46,39
"distant",19,25
"distant",49,38
"distant",47,41
"distant",31,31
"distant",20,20
"distant",19,20
"distant",3,5
"distant",6,10
"distant",2,7
"distant",45,36
"distant",28,44
"distant",34,35
"distant",3,2
"distant",38,40
"distant",16,16
"distant",7,16
"distant",21,28
"distant",29,23
"distant",13,8
"distant",51,51
"distant",3,5
"distant",43,42
"distant",16,22
"distant",51,51
"distant",36,43
"distant",48,48
"distant",8,23
"distant",22,39
"distant",38,38
"distant",50,45
"distant",45,39
"distant",4,2
"distant",10,13
"distant",9,22
"distant",25,32
"distant",12,23
"distant",50,51
"distant",24,30
"distant",1,1
"distant",49,44
"distant",40,29
"distant",30,35
"distant",48,43
"distant",50,49
"distant",7,9
"distant",27,34
"distant",35,35
"distant",13,12
"distant",19,15
"distant",49,48
"distant",4,14
"distant",40,33
"distant",1,2
"distant",5,2
"distant",6,4
"distant",41,38
"distant",21,21
"distant",36,36
"distant",4,2
"distant",40,40
"distant",4,5
"distant",6,15
"distant",11,14
"distant",31,37
"distant",23,16
"distant",42,46
"distant",5,6
"distant",45,44
"distant",3,4
"distant",40,41
"distant",39,33
"distant",23,36
"distant",48,48
"distant",48,42
"distant",13,9
"distant",33,24
"distant",46,38
"distant",42,33
"distant",13,11
"distant",47,44
"distant",17,16
"distant",4,3
"distant",42,31
"distant",24,37
"distant",11,11
"distant",11,37
"distant",27,14
"distant",9,15
"distant",15,14
"distant",1,2
"distant",44,41
"distant",32,30
"distant",15,15
"distant",3,4
"distant",33,49
"distant",21,20
"distant",6,8
"distant",26,28
"distant",31,30
"distant",24,19
"distant",26,35
"distant",24,29
"distant",19,15
"distant",25,35
"distant",46,42
"distant",30,34
"distant",35,32
"distant",8,6
"distant",37,35
"distant",6,13
"distant",14,24
"distant",37,37
"distant",27,26
"distant",20,16
"distant",20,32
"distant",1,2
"distant",9,11
"distant",19,39
"distant",26,26
"distant",9,14
"distant",33,22
"distant",49,40
"distant",39,36
"distant",8,5
"distant",3,15
"distant",35,47
"distant",44,36
"distant",51,50
"distant",47,43
"distant",23,26
"distant",30,35
"distant",42,36
"distant",43,49
"distant",15,13
"distant",3,6
"distant",42,44
"distant",20,22
"distant",45,48
"distant",45,41
"distant",2,1
"distant",35,45
"distant",26,18
"distant",13,18
"distant",2,2
"distant",18,25
"distant",10,9
"distant",49,46
"distant",6,6
"distant",39,39
"distant",14,9
"distant",6,2
"distant",28,36
"distant",44,39
"distant",15,23
"distant",7,4
"distant",16,25
"distant",16,19
"distant",18,34
"distant",18,23
"distant",18,15
"distant",23,14
"distant",24,35
"distant",38,42
"distant",8,16
"distant",15,12
"distant",50,43
"distant",36,24
"distant",17,10
"distant",32,32
"distant",49,49
"distant",39,42
"distant",19,12
"distant",16,19
"distant",41,37
"distant",12,29
"distant",51,48
"distant",47,45
"distant",2,15
"distant",17,26
"distant",34,32
"distant",37,32
"distant",38,30
"distant",26,28
"distant",42,41
"distant",31,28
"distant",35,46
"distant",17,16
"distant",1,1
"distant",1,2
"distant",24,27
"distant",46,34
"distant",43,43
"distant",18,24
"distant",15,9
"distant",18,32
"distant",34,35
"distant",22,29
"distant",19,25
"distant",16,22
"distant",32,25
"distant",12,16
"distant",12,11
"distant",21,24
"distant",14,9
"distant",33,34
"distant",50,50
"distant",9,9
"distant",21,20
"distant",23,15
"distant",39,29
"distant",11,8
"distant",13,23
"distant",51,48
"distant",14,14
"distant",42,40
"distant",33,28
"distant",13,10
"distant",51,50
"distant",6,6
"distant",3,2
"distant",6,12
"distant",9,14
"distant",41,35
"distant",9,12
"distant",44,45
"distant",48,44
"distant",19,23
"distant",15,26
"distant",7,2
"distant",8,22
"distant",17,36
"distant",31,17
"distant",25,35
"distant",4,3
"distant",20,11
"distant",24,15
"distant",36,41
"distant",23,14
"distant",27,27
"distant",18,17
"distant",26,25
"distant",48,41
"distant",15,34
"distant",45,45
"distant",37,29
"distant",30,39
"distant",49,46
"distant",4,12
"distant",14,32
"distant",49,42
"distant",49,50
"distant",49,51
"distant",51,48
"distant",3,5
"distant",47,47
"distant",49,47
"distant",47,47
"distant",2,1
"distant",23,27
"distant",6,5
"distant",28,24
"distant",7,11
"distant",1,1
"distant",25,34
"distant",36,37
"distant",36,36
"distant",38,31
"distant",12,25
"distant",28,25
"distant",19,17
"distant",42,42
"distant",16,28
"distant",4,7
"distant",32,19
"distant",9,12
"distant",11,11
"distant",30,45
"distant",51,51
"distant",48,39
"distant",50,47
"distant",48,43
"distant",7,11
"distant",38,32
"distant",7,2
"distant",18,14
"distant",29,22
"distant",3,5
"distant",51,49
"distant",41,29
"distant",21,25
"distant",45,46
"distant",41,30
"distant",10,9
"distant",19,24
"distant",15,28
"distant",15,40
"distant",23,23
"distant",35,28
"distant",11,12
"distant",1,1
"distant",44,40
"distant",25,33
"distant",24,13
"distant",12,11
"distant",51,50
"distant",32,34
"distant",26,42
"distant",41,33
"distant",50,47
"distant",18,19
"distant",2,5
"distant",38,21
"distant",14,9
"distant",14,24
"distant",2,15
"distant",44,47
"distant",11,15
"distant",32,32
"distant",27,24
"distant",49,45
"distant",50,47
"distant",51,49
"distant",41,38
"distant",20,46
"distant",48,41
"distant",40,44
"distant",49,50
"distant",8,23
"distant",28,27
"distant",51,44
"distant",24,20
"distant",44,50
"distant",2,2
"distant",38,35
"distant",29,18
"distant",41,38
"distant",44,36
"distant",5,7
"distant",16,18
"distant",6,4
"distant",14,12
"distant",3,2
"distant",11,12
"distant",2,2
"distant",48,50
"distant",16,12
"distant",34,43
"distant",11,7
"distant",24,22
"distant",26,34
"distant",9,9
"distant",24,22
"distant",26,24
"distant",1,1
"distant",51,50
"distant",21,23
"distant",40,31
"distant",5,7
"distant",5,4
"distant",28,48
"distant",39,39
"distant",22,42
"distant",22,45
"distant",6,9
"distant",44,47
"distant",37,36
"distant",29,22
"distant",50,39
"distant",9,6
"distant",19,18
"distant",50,49
"distant",51,51
"distant",45,38
"distant",47,39
"distant",40,34
"distant",48,35
"distant",33,30
"distant",2,2
"distant",45,40
"distant",28,20
"distant",35,34
"distant",24,22
"distant",51,50
"distant",6,4
"distant",39,36
"distant",26,22
"distant",3,13
"distant",44,39
"distant",51,50
"distant",30,27
"distant",35,36
"distant",5,26
"distant",22,39
"distant",51,51
"distant",25,18
"distant",39,39
"distant",21,39
"distant",21,16
"distant",15,23
"distant",15,20
"distant",7,7
"distant",9,11
"distant",47,46
"distant",22,16
"distant",28,20
"distant",5,9
"distant",32,36
"distant",1,2
"distant",25,11
"distant",15,15
"distant",39,30
"distant",40,36
"distant",32,30
"distant",33,33
"distant",5,6
"distant",35,26
"distant",7,9
"distant",40,47
"distant",37,30
"distant",11,17
"distant",44,36
"distant",20,22
"distant",42,36
"distant",9,21
"distant",17,12
"distant",12,11
"distant",19,16
"distant",11,10
"distant",47,48
"distant",9,9
"distant",8,7
"distant",5,2
"distant",51,51
"distant",3,2
"distant",8,5
"distant",6,7
"distant",24,23
"distant",40,32
"distant",49,42
"distant",51,51
"distant",23,22
"distant",9,16
"distant",45,47
"distant",43,47
"distant",6,3
"distant",47,42
"distant",50,43
"distant",36,37
"distant",38,42
"distant",8,12
"distant",22,40
"distant",15,11
"distant",36,34
"distant",36,28
"distant",45,42
"distant",23,30
"distant",19,22
"distant",38,35
"distant",13,22
"distant",39,35
"distant",34,31
"distant",24,43
"distant",7,17
"distant",45,42
"distant",11,20
"distant",33,30
"distant",11,10
"distant",45,39
"distant",19,20
"distant",47,42
"distant",13,29
"distant",47,43
"distant",47,44
"distant",6,5
"distant",34,21
"distant",9,19
"distant",2,2
"distant",20,15
"distant",20,36
"distant",11,14
"distant",7,8
"distant",22,32
"distant",14,16
"distant",42,45
"distant",43,45
"distant",5,2
"distant",5,2
"distant",38,32
"distant",6,10
"distant",48,44
"distant",51,50
"distant",7,8
"distant",43,39
"distant",28,31
"distant",36,40
"distant",46,41
"distant",16,22
"distant",51,51
"distant",24,24
"distant",8,7
"distant",10,14
"distant",12,10
"distant",12,8
"distant",9,20
"distant",51,51
"distant",32,25
"distant",23,20
"distant",50,45
"distant",35,36
"distant",40,48
"distant",46,42
"distant",18,15
"distant",3,5
"distant",34,28
"distant",48,43
"distant",40,33
"distant",38,38
"distant",30,33
"distant",4,4
"distant",20,19
"distant",44,43
"distant",3,4
"distant",36,40
"distant",18,19
"distant",40,48
"distant",16,32
"distant",23,13
"distant",39,41
"distant",17,17
"distant",49,44
"distant",51,50
"distant",25,21
"distant",8,4
"distant",38,35
"distant",11,6
"distant",30,26
"distant",28,22
"distant",44,37
"distant",40,42
"distant",16,19
"distant",18,14
"distant",16,12
"distant",18,23
"distant",42,37
"distant",12,21
"distant",7,11
"distant",24,25
"distant",2,2
"distant",50,47
"distant",15,10
"distant",36,27
"distant",9,9
"distant",2,4
"distant",8,8
"distant",47,44
"distant",33,39
"distant",28,33
"distant",43,40
"distant",36,22
"distant",3,5
"distant",48,46
"distant",20,15
"distant",28,36
"distant",43,49
"distant",37,38
"distant",3,7
"distant",37,30
"distant",6,19
"distant",37,42
"distant",5,3
"distant",1,1
"distant",43,37
"distant",43,35
"distant",8,9
"distant",51,47
"distant",39,36
"distant",19,20
"distant",28,20
"distant",4,21
"distant",18,28
"distant",46,37
"distant",19,12
"distant",38,39
"distant",8,3
"distant",37,41
"distant",27,19
"distant",31,44
"distant",10,18
"distant",40,36
"distant",7,14
"distant",37,44
"distant",48,42
"distant",10,9
"distant",21,30
"distant",49,47
"distant",45,37
"distant",44,49
"distant",34,23
"distant",48,39
"distant",1,2
"distant",23,27
"distant",35,36
"distant",40,40
"distant",9,9
"distant",12,19
"distant",7,9
"distant",37,36
"distant",47,46
"distant",5,12
"distant",50,47
"distant",7,4
"distant",24,19
"distant",8,9
"distant",50,45
"distant",41,46
"distant",24,28
"distant",17,14
"distant",32,33
"distant",30,30
"distant",49,45
"distant",50,48
"distant",33,30
"distant",15,13
"distant",49,45
"distant",42,36
"distant",8,14
"distant",43,48
"distant",27,24
"distant",26,25
"distant",44,38
"distant",47,42
"distant",49,48
"distant",39,33
"distant",6,8
"distant",38,29
"distant",34,27
"distant",5,9
"distant",30,30
"distant",50,47
"distant",24,14
"distant",9,4
"distant",1,2
"distant",5,6
"distant",8,18
"distant",38,36
"distant",44,45
"distant",4,2
"distant",21,12
"distant",38,37
"distant",17,11
"distant",42,37
"distant",21,12
"distant",43,48
"distant",13,12
"distant",12,15
"distant",34,34
"distant",16,17
"distant",6,6
"distant",1,1
"distant",10,10
"distant",3,1
"distant",49,47
"distant",50,45
"distant",14,30
"distant",30,22
"distant",20,34
"distant",3,1
"distant",39,39
"distant",12,10
"distant",29,28
"distant",41,29
"distant",45,39
"distant",32,24
"distant",5,5
"distant",36,28
"distant",33,25
"distant",40,30
"distant",18,17
"distant",2,3
"distant",50,46
"distant",11,19
"distant",37,21
"distant",17,18
"distant",25,43
"distant",24,26
"distant",47,35
"distant",20,21
"distant",41,44
"distant",38,37
"distant",15,30
"distant",18,13
"distant",3,6
"distant",8,13
"distant",3,2
"distant",9,20
"distant",13,13
"distant",34,27
"distant",6,14
"distant",51,50
"distant",38,36
"distant",47,48
"distant",19,21
"distant",48,41
"distant",17,17
"distant",8,25
"distant",40,40
"distant",3,9
"distant",44,49
"distant",47,47
"distant",27,29
"distant",13,17
"distant",3,7
"distant",20,15
"distant",46,44
"distant",9,16
"distant",7,5
"distant",34,33
"distant",38,27
"distant",39,32
"distant",50,48
"distant",41,44
"distant",20,21
"distant",18,20
"distant",22,24
"distant",3,14
"distant",16,16
"distant",41,33
"distant",45,40
"distant",13,12
"distant",28,33
"distant",19,27
"distant",19,27
"distant",9,15
"distant",18,22
"distant",28,24
"distant",33,24
"distant",35,27
"distant",3,1
"distant",20,30
"distant",17,19
"distant",12,18
"distant",43,39
"distant",2,7
"distant",21,31
"distant",44,41
"distant",2,1
"distant",46,49
"distant",21,27
"distant",36,32
"distant",13,14
"distant",25,22
"distant",46,47
"distant",16,24
"distant",24,28
"distant",11,8
"distant",2,1
"distant",22,17
"distant",37,37
"distant",46,42
"distant",51,51
"distant",4,2
"distant",3,4
"distant",5,7
"distant",19,20
"distant",40,30
"distant",51,49
"distant",16,19
"distant",32,25
"distant",22,32
"distant",10,7
"distant",26,24
"distant",28,25
"distant",49,46
"distant",18,18
"distant",47,43
"distant",1,3
"distant",51,50
"distant",12,7
"distant",26,27
"distant",36,28
"distant",7,6
"distant",49,50
"distant",3,7
"distant",47,38
"distant",10,11
"distant",33,32
"distant",24,18
"distant",48,42
"distant",21,21
"distant",11,7
"distant",51,49
"distant",18,23
"distant",50,50
"distant",4,4
"distant",12,6
"distant",38,41
"distant",11,3
"distant",27,22
"distant",27,24
"distant",51,51
"distant",39,38
"distant",14,15
"distant",38,30
"distant",46,42
"distant",47,38
"distant",46,48
"distant",19,15
"distant",21,17
"distant",32,34
"distant",14,7
"distant",10,11
"distant",51,51
"distant",43,41
"distant",33,33
"distant",32,22
"distant",27,17
"distant",4,1
"distant",34,23
"distant",41,37
"distant",51,51
"distant",51,49
"distant",8,4
"distant",5,6
"distant",48,48
"distant",26,25
"distant",44,45
"distant",21,28
"distant",5,10
"distant",15,14
"distant",38,34
"distant",32,26
"distant",38,36
"distant",34,26
"distant",27,17
"distant",31,26
"distant",51,50
"distant",11,19
"distant",31,24
"distant",37,38
"distant",1,1
"distant",23,19
"distant",11,8
"distant",4,5
"distant",43,44
"distant",18,20
"distant",14,12
"distant",11,11
"distant",2,9
"distant",37,30
"distant",37,37
"distant",34,34
"distant",25,21
"distant",48,51
"distant",37,34
"distant",16,16
"distant",34,35
"distant",9,7
"distant",20,21
"distant",13,16
"distant",13,16
"distant",10,14
"distant",22,14
"distant",19,30
"distant",39,40
"distant",13,18
"distant",30,34
"distant",24,19
"distant",14,14
"distant",28,15
"distant",7,7
"distant",51,47
"distant",50,51
"distant",21,39
"distant",38,37
"distant",46,49
"distant",20,32
"distant",27,28
"distant",1,10
"distant",21,18
"distant",5,9
"distant",12,7
"distant",7,12
"distant",15,21
"distant",1,1
"distant",2,4
"distant",11,12
"distant",28,32
"distant",29,32
"distant",51,49
"distant",27,27
"distant",5,6
"distant",29,43
"distant",6,4
"distant",24,21
"distant",11,11
"distant",11,18
"distant",14,20
"distant",51,51
"distant",11,41
"distant",51,47
"distant",34,31
"distant",43,44
"distant",30,32
"distant",7,7
"distant",46,45
"distant",11,28
"distant",5,4
"distant",51,51
"distant",40,40
"distant",38,41
"distant",47,42
"distant",13,28
"distant",30,29
"distant",8,5
"distant",41,31
"distant",34,39
"distant",34,44
"distant",29,43
"distant",15,15
"distant",36,37
"distant",6,19
"distant",2,3
"distant",5,12
"distant",13,15
"distant",47,44
"distant",45,51
"distant",32,32
"distant",4,2
"distant",6,6
"distant",21,16
"distant",20,12
"distant",4,1
"distant",12,12
"distant",19,37
"distant",20,32
"distant",11,23
"distant",13,13
"distant",23,25
"distant",16,8
"distant",16,19
"distant",50,44
"distant",51,47
"distant",28,26
"distant",38,28
"distant",39,28
"distant",21,16
"distant",26,36
"distant",46,41
"distant",41,36
"distant",49,40
"distant",11,22
"distant",26,22
"distant",37,36
"distant",9,8
"distant",10,9
"distant",28,36
"distant",10,7
"distant",9,4
"distant",5,2
"distant",33,27
"distant",35,32
"distant",45,40
"distant",34,38
"distant",19,26
"distant",50,50
"distant",48,38
"distant",47,47
"distant",9,5
"distant",39,28
"distant",42,28
"distant",18,35
"distant",32,35
"distant",6,15
"distant",23,24
"distant",19,22
"distant",5,8
"distant",43,34
"distant",25,33
"distant",50,45
"distant",13,23
"distant",3,6
"distant",2,10
"distant",44,41
"distant",9,23
"distant",39,33
"distant",7,7
"distant",3,8
"distant",29,18
"distant",3,12
"distant",17,11
"distant",5,4
"distant",1,2
"distant",36,42
"distant",50,46
"distant",9,6
"distant",33,24
"distant",24,36
"distant",9,11
"distant",33,34
"distant",24,31
"distant",49,50
"distant",12,21
"distant",44,35
"distant",51,44
"distant",49,45
"distant",30,37
"distant",14,19
"distant",10,10
"distant",43,38
"distant",14,10
"distant",51,51
"distant",3,4
"distant",50,49
"distant",22,41
"distant",3,16
"distant",49,45
"distant",45,36
"distant",51,51
"distant",3,10
"distant",18,17
"distant",40,43
"distant",49,51
"distant",51,48
"distant",4,4
"distant",40,29
"distant",32,29
"distant",19,26
"distant",35,35
"distant",5,9
"distant",18,14
"distant",14,12
"distant",51,51
"distant",4,7
"distant",12,15
"distant",50,49
"distant",8,19
"distant",47,46
"distant",50,48
"distant",12,18
"distant",36,34
"distant",29,30
"distant",51,49
"distant",1,27
"distant",31,22
"distant",6,30
"distant",21,29
"distant",37,30
"distant",49,49
"distant",19,22
"distant",8,10
"distant",13,18
"distant",22,29
"distant",2,1
"distant",48,44
"distant",5,8
"distant",42,34
"distant",9,13
"distant",44,38
"distant",27,28
"distant",7,12
"distant",40,49
"distant",23,16
"distant",14,15
"distant",2,2
"distant",19,16
"distant",48,45
"distant",12,34
"distant",13,10
"distant",16,11
"distant",39,32
"distant",35,27
"distant",2,8
"distant",40,36
"distant",23,18
"distant",19,20
"distant",38,35
"distant",37,27
"distant",22,22
"distant",25,19
"distant",11,22
"distant",4,4
"distant",51,48
"distant",20,18
"distant",49,47
"distant",49,43
"distant",26,36
"distant",2,10
"distant",49,43
"distant",42,46
"distant",5,3
"distant",23,23
"distant",6,19
"distant",19,20
"distant",25,20
"distant",17,42
"distant",39,27
"distant",25,30
"distant",38,45
"distant",1,5
"distant",25,22
"distant",14,11
"distant",21,40
"distant",2,2
"distant",37,28
"distant",33,34
"distant",43,28
"distant",21,33
"distant",8,8
"distant",22,30
"distant",41,45
"distant",41,29
"distant",5,2
"distant",14,25
"distant",7,9
"distant",1,1
"distant",41,35
"distant",46,33
"distant",4,2
"distant",41,29
"distant",21,12
"distant",14,27
"distant",30,37
"distant",13,8
"distant",9,9
"distant",1,1
"distant",26,28
"distant",37,28
"distant",26,29
"distant",48,43
"distant",28,24
"distant",26,34
"distant",35,34
"distant",35,49
"distant",40,24
"distant",14,32
"distant",51,51
"distant",21,19
"distant",43,48
"distant",21,23
"distant",21,26
"distant",15,29
"distant",47,44
"distant",5,10
"distant",44,45
"distant",51,48
"distant",9,12
"distant",37,40
"distant",9,6
"distant",22,32
"distant",29,34
"distant",19,15
"distant",32,20
"distant",13,10
"distant",8,6
"distant",18,35
"distant",51,51
"distant",3,3
"distant",39,36
"distant",33,28
"distant",15,23
"distant",24,26
"distant",35,27
"distant",26,22
"distant",16,16
"distant",3,7
"distant",51,50
"distant",50,46
"distant",6,6
"distant",2,7
"distant",13,12
"distant",33,42
"distant",6,13
"distant",46,49
"distant",11,13
"distant",4,20
"distant",11,7
"distant",7,2
"distant",19,31
"distant",28,25
"distant",35,30
"distant",32,21
"distant",45,41
"distant",8,7
"distant",13,8
"distant",28,36
"distant",32,25
"distant",6,9
"distant",24,17
"distant",13,10
"distant",23,23
"distant",39,40
"distant",27,23
"distant",46,33
"distant",44,40
"distant",3,2
"distant",17,14
"distant",6,1
"distant",49,44
"distant",24,23
"distant",6,10
"distant",14,9
"distant",36,39
"distant",17,23
"distant",28,30
"distant",17,16
"distant",50,50
"distant",28,28
"distant",19,18
"distant",22,21
"distant",1,2
"distant",22,30
"distant",9,11
"distant",32,30
"distant",51,50
"distant",49,37
"distant",40,39
"distant",40,27
"distant",7,10
"distant",51,51
"distant",41,33
"distant",37,38
"distant",12,5
"distant",43,35
"distant",9,7
"distant",2,12
"distant",20,16
"distant",18,5
"distant",2,1
"distant",11,14
"distant",51,51
"distant",45,40
"distant",12,14
"distant",11,15
"distant",2,2
"distant",39,31
"distant",12,21
"distant",20,21
"distant",24,21
"distant",50,49
"distant",47,39
"distant",22,18
"distant",32,42
"distant",30,26
"distant",27,24
"distant",24,13
"distant",45,47
"distant",14,8
"distant",36,34
"distant",46,44
"distant",46,46
"distant",7,16
"distant",5,20
"distant",5,3
"distant",42,40
"distant",3,4
"distant",19,18
"distant",28,30
"distant",41,44
"distant",51,51
"distant",2,4
"distant",17,13
"distant",51,49
"distant",30,29
"distant",10,10
"distant",42,45
"distant",29,23
"distant",39,40
"distant",45,43
"distant",12,7
"distant",14,18
"distant",46,43
"distant",7,9
"distant",29,19
"distant",46,40
"distant",21,30
"distant",35,43
"distant",30,23
"distant",15,16
"distant",10,9
"distant",51,50
"distant",50,48
"distant",40,45
"distant",41,22
"distant",3,3
"distant",41,42
"distant",39,28
"distant",47,40
"distant",41,36
"distant",30,35
"distant",51,51
"distant",36,32
"distant",25,20
"distant",24,16
"distant",17,14
"distant",27,39
"distant",47,47
"distant",1,1
"distant",10,6
"distant",47,40
"distant",44,46
"distant",40,37
"distant",31,20
"distant",1,2
"distant",9,3
"distant",10,12
"distant",15,27
"distant",4,6
"distant",19,24
"distant",22,23
"distant",43,39
"distant",39,35
"distant",17,13
"distant",3,9
"distant",12,14
"distant",11,10
"distant",50,47
"distant",40,37
"distant",5,13
"distant",13,35
"distant",28,31
"distant",8,9
"distant",25,18
"distant",27,39
"distant",10,6
"distant",28,37
"distant",21,9
"distant",5,11
"distant",50,49
"distant",10,30
"distant",30,29
"distant",12,7
"distant",3,2
"distant",35,33
"distant",35,32
"distant",4,8
"distant",33,25
"distant",1,3
"distant",33,34
"distant",2,1
"distant",9,6
"distant",43,40
"distant",5,5
"distant",8,6
"distant",27,19
"distant",11,17
"distant",27,22
"distant",47,49
"distant",50,51
"distant",20,18
"distant",24,28
"distant",30,29
"distant",11,4
"distant",21,24
"distant",3,3
"distant",18,26
"distant",12,37
"distant",20,14
"distant",17,17
"distant",47,44
"distant",32,32
"distant",30,28
"distant",23,12
"distant",45,39
"distant",22,17
"distant",9,9
"distant",22,15
"distant",2,4
"distant",20,24
"distant",46,37
"distant",38,28
"distant",49,48
"distant",49,46
"distant",13,13
"distant",48,47
"distant",1,1
"distant",9,11
"distant",32,21
"distant",33,26
"distant",10,12
"distant",43,43
"distant",20,20
"distant",48,44
"distant",24,21
"distant",27,26
"distant",21,21
"distant",1,3
"distant",51,51
"distant",8,13
"distant",18,9
"distant",11,10
"distant",17,4
"distant",49,43
"distant",4,10
"distant",43,38
"distant",31,41
"distant",51,49
"distant",34,36
"distant",5,14
"distant",19,31
"distant",39,35
"distant",6,7
"distant",24,24
"distant",51,51
"distant",6,5
"distant",19,15
"distant",24,18
"distant",48,42
"distant",39,37
"distant",24,14
"distant",7,5
"distant",10,26
"distant",51,51
"distant",30,38
"distant",35,35
"distant",26,25
"distant",1,6
"distant",22,23
"distant",49,50
"distant",5,11
"distant",11,4
"distant",13,15
"distant",19,25
"distant",34,26
"distant",12,15
"distant",20,31
"distant",24,25
"distant",11,27
"distant",31,31
"distant",27,17
"distant",2,3
"distant",7,14
"distant",27,23
"distant",51,51
"distant",20,24
"distant",43,41
"distant",38,34
"distant",16,38
"distant",13,15
"distant",46,43
"distant",30,35
"distant",44,41
"distant",45,47
"distant",12,12
"distant",38,36
"distant",45,38
"distant",14,28
"distant",1,2
"distant",6,8
"distant",29,32
"distant",22,23
"distant",3,9
"distant",8,10
"distant",42,39
"distant",3,5
"distant",5,8
"distant",51,49
"distant",41,30
"distant",4,2
"distant",50,47
"distant",39,34
"distant",38,37
"distant",25,19
"distant",51,46
"distant",3,5
"distant",13,19
"distant",36,24
"distant",11,12
"distant",36,35
"distant",31,18
"distant",2,4
"distant",13,27
"distant",36,38
"distant",25,42
"distant",47,35
"distant",18,28
"distant",38,39
"distant",10,2
"distant",43,45
"distant",47,50
"distant",8,25
"distant",22,20
"distant",8,8
"distant",1,5
"distant",48,42
"distant",34,33
"distant",8,12
"distant",38,36
"distant",29,22
"distant",36,38
"distant",2,5
"distant",6,9
"distant",15,32
"distant",4,19
"distant",4,2
"distant",49,43
"distant",12,32
"distant",47,40
"distant",51,51
"distant",3,3
"distant",15,16
"distant",1,1
"distant",12,13
"distant",21,28
"distant",21,30
"distant",11,31
"distant",40,23
"distant",46,37
"distant",29,18
"distant",42,36
"distant",48,41
"distant",6,3
"distant",3,2
"distant",44,36
"distant",11,29
"distant",23,25
"distant",46,37
"distant",48,40
"distant",48,44
"distant",20,19
"distant",51,51
"distant",16,24
"distant",51,51
"distant",7,16
"distant",3,8
"distant",50,42
"distant",10,21
"distant",24,15
"distant",28,25
"distant",11,34
"distant",36,24
"distant",26,25
"distant",46,44
"distant",13,23
"distant",10,23
"distant",49,42
"distant",51,51
"distant",48,47
"distant",35,35
"distant",50,47
"distant",3,13
"distant",11,15
"distant",12,13
"distant",15,12
"distant",8,11
"distant",20,22
"distant",37,44
"distant",27,24
"distant",2,6
"distant",35,41
"distant",5,5
"distant",38,25
"distant",30,39
"distant",35,27
"distant",42,40
"distant",12,22
"distant",46,38
"distant",35,42
"distant",48,49
"distant",47,45
"distant",39,30
"distant",6,12
"distant",23,12
"distant",20,27
"distant",34,33
"distant",51,46
"distant",9,13
"distant",36,30
"distant",29,26
"distant",11,30
"distant",27,29
"distant",35,41
"distant",38,39
"distant",44,39
"distant",35,34
"distant",50,47
"distant",16,12
"distant",50,45
"distant",49,45
"distant",27,29
"distant",19,16
"distant",33,22
"distant",25,25
"distant",33,33
"distant",17,15
"distant",48,49
"distant",40,43
"distant",49,47
"distant",16,22
"distant",25,36
"distant",37,28
"distant",49,44
"distant",32,35
"distant",36,41
"distant",44,28
"distant",8,8
"distant",24,18
"distant",13,6
"distant",33,35
"distant",20,20
"distant",37,41
"distant",5,6
"distant",7,8
"distant",35,30
"distant",31,28
"distant",4,3
"distant",7,12
"distant",37,43
"distant",3,1
"distant",50,50
"distant",44,45
"distant",9,12
"distant",40,45
"distant",15,17
"distant",11,20
"distant",7,3
"distant",2,5
"distant",48,39
"distant",10,13
"distant",47,42
"distant",11,12
"distant",17,29
"distant",2,1
"distant",37,41
"distant",16,34
"distant",51,41
"distant",14,24
"distant",50,47
"distant",5,3
"distant",27,38
"distant",13,8
"distant",4,7
"distant",43,35
"distant",17,24
"distant",13,15
"distant",11,10
"distant",35,42
"distant",51,51
"distant",29,25
"distant",3,1
"distant",8,5
"distant",35,31
"distant",25,28
"distant",42,31
"distant",12,17
"distant",25,24
"distant",43,42
"distant",47,43
"distant",49,41
"distant",24,19
"distant",10,8
"distant",23,25
"distant",50,46
"distant",17,14
"distant",33,27
"distant",12,24
"distant",22,19
"distant",51,48
"distant",48,42
"distant",10,17
"distant",27,14
"distant",22,30
"distant",6,13
"distant",15,14
"distant",19,13
"distant",29,17
"distant",8,6
"distant",31,37
"distant",16,18
"distant",2,6
"distant",2,2
"distant",20,17
"distant",35,34
"distant",13,7
"distant",6,26
"distant",13,12
"distant",30,26
"distant",50,37
"distant",22,27
"distant",44,50
"distant",5,4
"distant",48,46
"distant",21,21
"distant",36,30
"distant",27,31
"distant",11,15
"distant",38,37
"distant",25,31
"distant",5,9
"distant",10,16
"distant",15,22
"distant",9,7
"distant",5,4
"distant",51,49
"distant",10,9
"distant",7,6
"distant",40,34
"distant",22,29
"distant",10,9
"distant",38,34
"distant",46,34
"distant",16,21
"distant",1,4
"distant",5,15
"distant",45,50
"distant",51,48
"distant",46,49
"distant",16,14
"distant",7,16
"distant",51,50
"distant",51,51
"distant",13,38
"distant",11,9
"distant",35,41
"distant",33,28
"distant",39,46
"distant",32,36
"distant",2,1
"distant",25,35
"distant",51,50
"distant",9,7
"distant",35,42
"distant",9,3
"distant",50,48
"distant",42,45
"distant",51,51
"distant",4,10
"distant",1,2
"distant",39,48
"distant",50,49
"distant",46,43
"distant",22,21
"distant",38,38
"distant",9,7
"distant",29,25
"distant",29,50
"distant",5,23
"distant",50,47
"distant",4,18
"distant",26,35
"distant",13,11
"distant",31,24
"distant",30,34
"distant",50,50
"distant",2,6
"distant",47,35
"distant",10,21
"distant",13,10
"distant",45,49
"distant",1,1
"distant",19,27
"distant",14,13
"distant",23,11
"distant",13,8
"distant",11,9
"distant",3,16
"distant",17,14
"distant",27,31
"distant",51,49
"distant",4,3
"distant",3,6
"distant",51,48
"distant",50,39
"distant",5,38
"distant",18,15
"distant",8,7
"distant",16,30
"distant",48,41
"distant",23,22
"distant",29,20
"distant",40,47
"distant",18,19
"distant",49,44
"distant",21,20
"distant",50,49
"distant",20,15
"distant",51,50
"distant",15,8
"distant",43,43
"distant",3,2
"distant",31,24
"distant",22,27
"distant",38,32
"distant",7,8
"distant",47,46
"distant",8,11
"distant",15,18
"distant",19,27
"distant",43,41
"distant",16,40
"distant",14,8
"distant",36,31
"distant",51,43
"distant",17,10
"distant",19,38
"distant",1,1
"distant",17,27
"distant",17,14
"distant",9,14
"distant",22,23
"distant",2,3
"distant",13,11
"distant",51,49
"distant",48,46
"distant",46,39
"distant",38,32
"distant",30,33
"distant",12,8
"distant",10,6
"distant",8,5
"distant",44,44
"distant",15,40
"distant",35,27
"distant",32,45
"distant",9,11
"distant",8,4
"distant",35,36
"distant",8,8
"distant",23,20
"distant",25,25
"distant",13,27
"distant",10,22
"distant",48,44
"distant",4,6
"distant",24,30
"distant",46,46
"distant",17,22
"distant",15,13
"distant",27,29
"distant",47,48
"distant",20,17
"distant",27,15
"distant",36,38
"distant",19,10
"distant",32,46
"distant",10,7
"distant",30,36
"distant",31,22
"distant",23,38
"distant",37,42
"distant",34,40
"distant",17,38
"distant",29,32
"distant",8,28
"distant",37,38
"distant",4,14
"distant",48,45
"distant",27,26
"distant",14,31
"distant",22,22
"distant",51,51
"distant",40,33
"distant",46,44
"distant",29,29
"distant",38,29
"distant",30,25
"distant",37,32
"distant",37,38
"distant",19,18
"distant",7,10
"distant",37,28
"distant",14,12
"distant",36,44
"distant",19,13
"distant",43,34
"distant",7,13
"distant",4,6
"distant",1,4
"distant",28,37
"distant",46,39
"distant",8,8
"distant",5,15
"distant",27,26
"distant",50,46
"distant",9,9
"distant",38,30
"distant",33,33
"distant",6,17
"distant",22,17
"distant",3,1
"distant",3,2
"distant",7,4
"distant",16,30
"distant",11,4
"distant",48,49
"distant",36,33
"distant",2,5
"distant",33,43
"distant",50,48
"distant",2,5
"distant",51,48
"distant",44,47
"distant",47,44
"distant",43,41
"distant",31,29
"distant",2,12
"distant",39,34
"distant",4,9
"distant",6,5
"distant",49,44
"distant",25,22
"distant",26,22
"distant",16,21
"distant",18,33
"distant",28,38
"distant",42,31
"distant",21,12
"distant",5,6
"distant",51,45
"distant",19,18
"distant",40,41
"distant",30,33
"distant",34,37
"distant",30,29
"distant",43,42
"distant",1,1
"distant",10,21
"distant",18,22
"distant",33,29
"distant",49,38
"distant",22,18
"distant",40,44
"distant",51,49
"distant",11,19
"distant",25,22
"distant",46,45
"distant",11,10
"distant",13,12
"distant",12,34
"distant",2,3
"distant",15,21
"distant",2,7
"distant",13,13
"distant",10,6
"distant",17,16
"distant",47,50
"distant",35,34
"distant",41,42
"distant",21,19
"distant",4,6
"distant",6,16
"distant",25,16
"distant",45,50
"distant",10,7
"distant",18,12
"distant",4,3
"distant",49,44
"distant",1,1
"distant",47,46
"distant",51,50
"distant",48,44
"distant",50,45
"distant",7,15
"distant",24,26
"distant",40,35
"distant",21,14
"distant",31,39
"distant",49,49
"distant",14,5
"distant",15,11
"distant",48,43
"distant",21,13
"distant",51,51
"distant",4,8
"distant",4,12
"distant",24,22
"distant",28,30
"distant",34,30
"distant",13,31
"distant",28,24
"distant",22,19
"distant",31,27
"distant",44,44
"distant",2,8
"distant",46,48
"distant",47,40
"distant",39,28
"distant",51,50
"distant",48,43
"distant",29,32
"distant",27,32
"distant",42,36
"distant",22,10
"distant",9,13
"distant",1,2
"distant",42,35
"distant",3,1
"distant",47,37
"distant",7,5
"distant",24,26
"distant",36,35
"distant",24,29
"distant",20,28
"distant",14,4
"distant",45,35
"distant",46,41
"distant",44,41
"distant",27,32
"distant",26,15
"distant",14,16
"distant",40,27
"distant",2,2
"distant",33,28
"distant",5,18
"distant",11,9
"distant",5,2
"distant",42,35
"distant",49,47
"distant",26,25
"distant",7,13
"distant",49,43
"distant",7,5
"distant",5,4
"distant",8,10
"distant",27,31
"distant",23,28
"distant",17,21
"distant",50,47
"distant",47,38
"distant",8,5
"distant",49,45
"distant",15,16
"distant",46,46
"distant",51,51
"distant",11,35
"distant",36,30
"distant",29,36
"distant",35,36
"distant",43,37
"distant",33,42
"distant",30,38
"distant",18,21
"distant",21,16
"distant",41,42
"distant",20,15
"distant",2,12
"distant",38,36
"distant",33,27
"distant",51,51
"distant",25,48
"distant",6,10
"distant",18,12
"distant",46,38
"distant",51,51
"distant",7,5
"distant",39,40
"distant",26,24
"distant",15,17
"distant",51,51
"distant",15,8
"distant",5,15
"distant",15,18
"distant",51,51
"distant",28,17
"distant",21,16
"distant",45,33
"distant",25,26
"distant",1,1
"distant",45,41
"distant",51,51
"distant",21,27
"distant",32,36
"distant",48,45
"distant",5,3
"distant",28,28
"distant",6,5
"distant",4,6
"distant",20,20
"distant",3,11
"distant",33,37
"distant",19,25
"distant",51,50
"distant",8,7
"distant",5,3
"distant",42,40
"distant",17,24
"distant",43,44
"distant",21,19
"distant",4,4
"distant",7,9
"distant",18,16
"distant",5,14
"distant",20,26
"distant",29,24
"distant",40,33
"distant",6,9
"distant",1,2
"distant",14,30
"distant",37,43
"distant",37,36
"distant",33,41
"distant",51,48
"distant",12,17
"distant",41,42
"distant",34,34
"distant",8,7
"distant",45,38
"distant",26,20
"distant",46,35
"distant",16,22
"distant",51,44
"distant",34,34
"distant",20,14
"distant",28,29
"distant",38,37
"distant",3,7
"distant",16,15
"distant",48,48
"distant",20,11
"distant",3,3
"distant",47,39
"distant",41,41
"distant",15,21
"distant",40,42
"distant",19,29
"distant",2,1
"distant",17,19
"distant",6,12
"distant",2,6
"distant",50,46
"distant",50,45
"distant",41,25
"distant",5,9
"distant",47,39
"distant",10,39
"distant",13,16
"distant",12,9
"distant",15,17
"distant",12,16
"distant",10,7
"distant",8,8
"distant",2,5
"distant",26,29
"distant",3,3
"distant",51,51
"distant",1,2
"distant",41,39
"distant",9,5
"distant",31,25
"distant",16,25
"distant",38,39
"distant",13,20
"distant",5,9
"distant",29,19
"distant",6,4
"distant",33,25
"distant",48,48
"distant",6,14
"distant",26,22
"distant",46,46
"distant",11,22
"distant",26,17
"distant",9,22
"distant",42,39
"distant",29,16
"distant",18,33
"distant",32,24
"distant",43,42
"distant",22,21
"distant",44,38
"distant",41,35
"distant",48,40
"distant",10,16
"distant",29,29
"distant",1,2
"distant",31,34
"distant",3,1
"distant",30,34
"distant",22,25
"distant",1,1
"distant",9,16
"distant",5,8
"distant",30,31
"distant",8,6
"distant",34,33
"distant",12,11
"distant",30,30
"distant",25,18
"distant",36,48
"distant",20,16
"distant",12,10
"distant",31,33
"distant",17,21
"distant",4,2
"distant",46,34
"distant",34,26
"distant",2,3
"distant",40,39
"distant",48,49
"distant",11,4
"distant",10,21
"distant",5,5
"distant",17,24
"distant",17,36
"distant",18,17
"distant",50,49
"distant",17,15
"distant",22,26
"distant",15,15
"distant",51,51
"distant",16,16
"distant",1,2
"distant",17,32
"distant",51,50
"distant",5,15
"distant",3,4
"distant",38,26
"distant",31,25
"distant",18,15
"distant",18,18
"distant",12,5
"distant",48,41
"distant",40,31
"distant",5,4
"distant",17,15
"distant",26,18
"distant",11,7
"distant",28,25
"distant",2,6
"distant",20,14
"distant",7,9
"distant",3,2
"distant",50,47
"distant",13,11
"distant",14,21
"distant",43,36
"distant",24,22
"distant",6,12
"distant",23,14
"distant",14,14
"distant",45,43
"distant",20,37
"distant",14,13
"distant",9,12
"distant",50,43
"distant",33,41
"distant",7,8
"distant",14,33
"distant",48,45
"distant",9,11
"distant",2,3
"distant",41,36
"distant",9,9
"distant",34,29
"distant",30,30
"distant",36,39
"distant",51,51
"distant",26,23
"distant",1,3
"distant",29,20
"distant",14,11
"distant",35,28
"distant",40,29
"distant",7,5
"distant",38,47
"distant",33,38
"distant",19,17
"distant",1,2
"distant",8,16
"distant",13,14
"distant",51,51
"distant",31,32
"distant",13,12
"distant",22,22
"distant",1,12
"distant",10,8
"distant",13,17
"distant",4,15
"distant",21,37
"distant",5,5
"distant",23,19
"distant",5,20
"distant",38,34
"distant",8,14
"distant",40,46
"distant",15,14
"distant",6,3
"distant",48,43
"distant",50,50
"distant",51,50
"distant",24,37
"distant",43,27
"distant",11,4
"distant",40,39
"distant",28,26
"distant",3,3
"distant",51,51
"distant",2,4
"distant",19,22
"distant",50,45
"distant",2,1
"distant",25,24
"distant",46,45
"distant",11,9
"distant",10,5
"distant",6,6
"distant",41,37
"distant",51,47
"distant",31,35
"distant",45,39
"distant",2,1
"distant",41,38
"distant",4,8
"distant",4,7
"distant",2,3
"distant",41,35
"distant",4,16
"distant",51,47
"distant",14,24
"distant",6,5
"distant",10,16
"distant",16,15
"distant",30,24
"distant",12,23
"distant",33,28
"distant",40,42
"distant",26,18
"distant",40,41
"distant",36,32
"distant",38,36
"distant",36,29
"distant",30,44
"distant",49,49
"distant",26,18
"distant",1,2
"distant",39,30
"distant",28,23
"distant",40,42
"distant",41,46
"distant",23,29
"distant",23,22
"distant",49,46
"distant",31,30
"distant",21,30
"distant",4,3
"distant",44,39
"distant",45,46
"distant",26,18
"distant",6,3
"distant",25,16
"distant",4,6
"distant",24,43
"distant",2,1
"distant",28,36
"distant",13,9
"distant",20,14
"distant",29,42
"distant",12,19
"distant",10,19
"distant",51,51
"distant",44,35
"distant",32,30
"distant",39,36
"distant",16,23
"distant",5,9
"distant",11,15
"distant",15,11
"distant",23,12
"distant",46,50
"distant",14,15
"distant",2,5
"distant",36,35
"distant",25,15
"distant",26,25
"distant",49,45
"distant",11,15
"distant",49,46
"distant",25,42
"distant",20,17
"distant",29,31
"distant",42,36
"distant",15,8
"distant",47,44
"distant",35,39
"distant",10,18
"distant",40,27
"distant",8,10
"distant",22,27
"distant",41,43
"distant",42,40
"distant",8,8
"distant",20,20
"distant",13,9
"distant",27,29
"distant",10,17
"distant",4,3
"distant",15,16
"distant",24,15
"distant",41,45
